--2026-09-23 06:36:47--  https://utmccf.wordpress.com/
Resolving utmccf.wordpress.com (utmccf.wordpress.com)... 192.0.78.12, 192.0.78.13
Connecting to utmccf.wordpress.com (utmccf.wordpress.com)|192.0.78.12|:443... connected.
HTTP request sent, awaiting response... 200 OK
Length: unspecified [text/html]
Saving to: ‘utmccf.wordpress.com/index.html’

     0K .......... .......... .......... .......... .......... 2.49M
    50K .......... .......... .......... .......... ........   5.04M=0.03s

Last-modified header missing -- time-stamps turned off.
2026-09-23 06:36:48 (3.32 MB/s) - ‘utmccf.wordpress.com/index.html’ saved [100939]

Loading robots.txt; please ignore errors.
--2026-09-23 06:36:48--  https://utmccf.wordpress.com/robots.txt
Reusing existing connection to utmccf.wordpress.com:443.
HTTP request sent, awaiting response... 200 OK
Length: unspecified [text/plain]
Saving to: ‘utmccf.wordpress.com/robots.txt.tmp’

     0K                                                        1.19G=0s

2026-09-23 06:36:48 (1.19 GB/s) - ‘utmccf.wordpress.com/robots.txt.tmp’ saved [640]

Removing utmccf.wordpress.com/robots.txt.tmp.
--2026-09-23 06:36:48--  https://utmccf.wordpress.com/xmlrpc.php
Reusing existing connection to utmccf.wordpress.com:443.
HTTP request sent, awaiting response... 405 Not Allowed
2026-09-23 06:36:48 ERROR 405: Not Allowed.

--2026-09-23 06:36:48--  https://utmccf.wordpress.com/_static/??/wp-content/mu-plugins/widgets/eu-cookie-law/templates/style.css,/wp-content/blog-plugins/marketing-bar/css/marketing-bar.css?m=1761640963j&cssminify=yes
Reusing existing connection to utmccf.wordpress.com:443.
HTTP request sent, awaiting response... 200 OK
Length: 10760 (11K) [text/css]
Saving to: ‘utmccf.wordpress.com/_static/index.html@%3F%2Fwp-content%2Fmu-plugins%2Fwidgets%2Feu-cookie-law%2Ftemplates%2Fstyle.css,%2Fwp-content%2Fblog-plugins%2Fmarketing-bar%2Fcss%2Fmarketing-bar.css%3Fm=1761640963j&cssminify=yes.css’

     0K ..........                                            100% 34.0M=0s

2026-09-23 06:36:48 (34.0 MB/s) - ‘utmccf.wordpress.com/_static/index.html@%3F%2Fwp-content%2Fmu-plugins%2Fwidgets%2Feu-cookie-law%2Ftemplates%2Fstyle.css,%2Fwp-content%2Fblog-plugins%2Fmarketing-bar%2Fcss%2Fmarketing-bar.css%3Fm=1761640963j&cssminify=yes.css’ saved [10760/10760]

--2026-09-23 06:36:48--  https://utmccf.wordpress.com/_static/??-eJx9jUsOwjAMRC+EY6UgCAvEWZrEKoG4jWq3hduTLvisurFG1nszuBQIQ6/UK5Y8dakXDIPPQ3gINsY6Y0ESl0ww0mwOGJPolwDRVyYTRHb4V8QT/LpGqn8ura4EU0wtZeKKbWlLih1p1eWTQem5rZQ6A96XkUSgXk4Tg97qlqzelS/26KzbN835dH8DjlpbIA==&cssminify=yes
Reusing existing connection to utmccf.wordpress.com:443.
HTTP request sent, awaiting response... 200 OK
Length: 96170 (94K) [text/css]
Saving to: ‘utmccf.wordpress.com/_static/index.html@%3F-eJx9jUsOwjAMRC+EY6UgCAvEWZrEKoG4jWq3hduTLvisurFG1nszuBQIQ6%2FUK5Y8dakXDIPPQ3gINsY6Y0ESl0ww0mwOGJPolwDRVyYTRHb4V8QT%2FLpGqn8ura4EU0wtZeKKbWlLih1p1eWTQem5rZQ6A96XkUSgXk4Tg97qlqzelS%2F26KzbN835dH8DjlpbIA==&cssminify=yes.css’

     0K .......... .......... .......... .......... .......... 53% 18.3M 0s
    50K .......... .......... .......... .......... ...       100% 12.1M=0.006s

2026-09-23 06:36:48 (14.8 MB/s) - ‘utmccf.wordpress.com/_static/index.html@%3F-eJx9jUsOwjAMRC+EY6UgCAvEWZrEKoG4jWq3hduTLvisurFG1nszuBQIQ6%2FUK5Y8dakXDIPPQ3gINsY6Y0ESl0ww0mwOGJPolwDRVyYTRHb4V8QT%2FLpGqn8ura4EU0wtZeKKbWlLih1p1eWTQem5rZQ6A96XkUSgXk4Tg97qlqzelS%2F26KzbN835dH8DjlpbIA==&cssminify=yes.css’ saved [96170/96170]

The destination name is too long (239), reducing to 236
--2026-09-23 06:36:48--  https://utmccf.wordpress.com/_static/??-eJyFjt0OwiAMRl9I7HYxuTI+imGsQyYUQiGLby9bvJg/mXff15zTFuYodKCMlCHf0CNDLD3gYAnGOl9TBY6a+QAb2BcRXTGWGCbMUen7qwMXgmuVwCBhslXg3/Fr5+cDnB8O/1LLqZUUc9TB732asHfB1GigUpu6JxkMwgWtsg30VsTolE2LevHnVsr21Miu6aYnvhF+8w==&cssminify=yes
Reusing existing connection to utmccf.wordpress.com:443.
HTTP request sent, awaiting response... 200 OK
Length: 116915 (114K) [text/css]
Saving to: ‘utmccf.wordpress.com/_static/index.html@%3F-eJyFjt0OwiAMRl9I7HYxuTI+imGsQyYUQiGLby9bvJg%2FmXff15zTFuYodKCMlCHf0CNDLD3gYAnGOl9TBY6a+QAb2BcRXTGWGCbMUen7qwMXgmuVwCBhslXg3%2FFr5+cDnB8O%2F1LLqZUUc9TB732asHfB1GigUpu6JxkMwgWtsg30VsTolE2LevHnVsr21Miu6aYnvhF+8w==&cssminify=.css’

     0K .......... .......... .......... .......... .......... 43% 16.8M 0s
    50K .......... .......... .......... .......... .......... 87% 13.6M 0s
   100K .......... ....                                       100% 26.4T=0.006s

2026-09-23 06:36:48 (17.2 MB/s) - ‘utmccf.wordpress.com/_static/index.html@%3F-eJyFjt0OwiAMRl9I7HYxuTI+imGsQyYUQiGLby9bvJg%2FmXff15zTFuYodKCMlCHf0CNDLD3gYAnGOl9TBY6a+QAb2BcRXTGWGCbMUen7qwMXgmuVwCBhslXg3%2FFr5+cDnB8O%2F1LLqZUUc9TB732asHfB1GigUpu6JxkMwgWtsg30VsTolE2LevHnVsr21Miu6aYnvhF+8w==&cssminify=.css’ saved [116915/116915]

--2026-09-23 06:36:48--  https://utmccf.wordpress.com/wp-content/uploads/2022/08/dsc00186.jpg?w=1230&
Reusing existing connection to utmccf.wordpress.com:443.
HTTP request sent, awaiting response... 200 OK
Length: 150095 (147K) [image/jpeg]
Saving to: ‘utmccf.wordpress.com/wp-content/uploads/2022/08/dsc00186.jpg@w=1230&’

     0K .......... .......... .......... .......... .......... 34% 22.7M 0s
    50K .......... .......... .......... .......... .......... 68% 19.1M 0s
   100K .......... .......... .......... .......... ......    100% 23.1M=0.007s

2026-09-23 06:36:48 (21.4 MB/s) - ‘utmccf.wordpress.com/wp-content/uploads/2022/08/dsc00186.jpg@w=1230&’ saved [150095/150095]

--2026-09-23 06:36:48--  https://utmccf.wordpress.com/wp-content/mu-plugins/global-print/global-print.css?m=1465851035i&cssminify=yes
Reusing existing connection to utmccf.wordpress.com:443.
HTTP request sent, awaiting response... 200 OK
Length: 5457 (5.3K) [text/css]
Saving to: ‘utmccf.wordpress.com/wp-content/mu-plugins/global-print/global-print.css@m=1465851035i&cssminify=yes.css’

     0K .....                                                 100% 17.5G=0s

Last-modified header missing -- time-stamps turned off.
2026-09-23 06:36:48 (17.5 GB/s) - ‘utmccf.wordpress.com/wp-content/mu-plugins/global-print/global-print.css@m=1465851035i&cssminify=yes.css’ saved [5457/5457]

--2026-09-23 06:36:48--  https://utmccf.wordpress.com/_static/??-eJyNjcsKAjEMRX/ImhmUURfip0inLW3GNCmmQfx7H7gRN+7ugcs5cGsuCPfEHaq5RpaRFZbUmw+XD4MaQ5VolBS0+GuKPsb7eyLndVBdwd+iM3KA2ZAiqAT05Eiy6Bf8KHtJ9RkvW8gks6fX4VSP426/mQ7TMA7LA38FSqA=&cssminify=yes
Reusing existing connection to utmccf.wordpress.com:443.
HTTP request sent, awaiting response... 200 OK
Length: 32328 (32K) [text/css]
Saving to: ‘utmccf.wordpress.com/_static/index.html@%3F-eJyNjcsKAjEMRX%2FImhmUURfip0inLW3GNCmmQfx7H7gRN+7ugcs5cGsuCPfEHaq5RpaRFZbUmw+XD4MaQ5VolBS0+GuKPsb7eyLndVBdwd+iM3KA2ZAiqAT05Eiy6Bf8KHtJ9RkvW8gks6fX4VSP426%2FmQ7TMA7LA38FSqA=&cssminify=yes.css’

     0K .......... .......... .......... .                    100% 33.4M=0.001s

2026-09-23 06:36:48 (33.4 MB/s) - ‘utmccf.wordpress.com/_static/index.html@%3F-eJyNjcsKAjEMRX%2FImhmUURfip0inLW3GNCmmQfx7H7gRN+7ugcs5cGsuCPfEHaq5RpaRFZbUmw+XD4MaQ5VolBS0+GuKPsb7eyLndVBdwd+iM3KA2ZAiqAT05Eiy6Bf8KHtJ9RkvW8gks6fX4VSP426%2FmQ7TMA7LA38FSqA=&cssminify=yes.css’ saved [32328/32328]

--2026-09-23 06:36:48--  https://utmccf.wordpress.com/_static/??-eJyFjUEOwiAQRS/kdFSidWM8CwIhEBhwBlp7e9uoiTtXb/Ff3se5ginUHDWMgpwaVC7PZYiyw3ULZFK3TrYxPrrj5YMhB/orQQ6edXO/8vftnoqHmroPJDgXttoKmKRF3iGTK07HDUCFwNvKa+KWr4fxsj+dR6VUfAGZHkVc
Reusing existing connection to utmccf.wordpress.com:443.
HTTP request sent, awaiting response... 200 OK
Length: 107519 (105K) [application/javascript]
Saving to: ‘utmccf.wordpress.com/_static/index.html@%3F-eJyFjUEOwiAQRS%2FkdFSidWM8CwIhEBhwBlp7e9uoiTtXb%2FFf3se5ginUHDWMgpwaVC7PZYiyw3ULZFK3TrYxPrrj5YMhB%2ForQQ6edXO%2F8vftnoqHmroPJDgXttoKmKRF3iGTK07HDUCFwNvKa+KWr4fxsj+dR6VUfAGZHkVc’

     0K .......... .......... .......... .......... .......... 47% 25.4M 0s
    50K .......... .......... .......... .......... .......... 95% 26.5M 0s
   100K ....                                                  100% 9.31T=0.004s

2026-09-23 06:36:48 (27.2 MB/s) - ‘utmccf.wordpress.com/_static/index.html@%3F-eJyFjUEOwiAQRS%2FkdFSidWM8CwIhEBhwBlp7e9uoiTtXb%2FFf3se5ginUHDWMgpwaVC7PZYiyw3ULZFK3TrYxPrrj5YMhB%2ForQQ6edXO%2F8vftnoqHmroPJDgXttoKmKRF3iGTK07HDUCFwNvKa+KWr4fxsj+dR6VUfAGZHkVc’ saved [107519/107519]

--2026-09-23 06:36:48--  https://utmccf.wordpress.com/xmlrpc.php?rsd
Reusing existing connection to utmccf.wordpress.com:443.
HTTP request sent, awaiting response... 200 OK
Length: unspecified [text/xml]
Saving to: ‘utmccf.wordpress.com/xmlrpc.php@rsd’

     0K                                                        1.47G=0s

Last-modified header missing -- time-stamps turned off.
2026-09-23 06:36:48 (1.47 GB/s) - ‘utmccf.wordpress.com/xmlrpc.php@rsd’ saved [855]

--2026-09-23 06:36:48--  https://utmccf.wordpress.com/?openidserver=1
Reusing existing connection to utmccf.wordpress.com:443.
HTTP request sent, awaiting response... 200 OK
Length: unspecified [text/html]
Saving to: ‘utmccf.wordpress.com/index.html@openidserver=1.html’

     0K                                                        41.5M=0s

Last-modified header missing -- time-stamps turned off.
2026-09-23 06:36:48 (41.5 MB/s) - ‘utmccf.wordpress.com/index.html@openidserver=1.html’ saved [24]

--2026-09-23 06:36:48--  https://utmccf.wordpress.com/wp-content/uploads/2017/05/cropped-cross.png?w=32
Reusing existing connection to utmccf.wordpress.com:443.
HTTP request sent, awaiting response... 200 OK
Length: 284 [image/png]
Saving to: ‘utmccf.wordpress.com/wp-content/uploads/2017/05/cropped-cross.png@w=32’

     0K                                                       100% 1.06G=0s

2026-09-23 06:36:48 (1.06 GB/s) - ‘utmccf.wordpress.com/wp-content/uploads/2017/05/cropped-cross.png@w=32’ saved [284/284]

--2026-09-23 06:36:48--  https://utmccf.wordpress.com/wp-content/uploads/2017/05/cropped-cross.png?w=192
Reusing existing connection to utmccf.wordpress.com:443.
HTTP request sent, awaiting response... 200 OK
Length: 1030 (1.0K) [image/png]
Saving to: ‘utmccf.wordpress.com/wp-content/uploads/2017/05/cropped-cross.png@w=192’

     0K .                                                     100% 5.05G=0s

2026-09-23 06:36:49 (5.05 GB/s) - ‘utmccf.wordpress.com/wp-content/uploads/2017/05/cropped-cross.png@w=192’ saved [1030/1030]

--2026-09-23 06:36:49--  https://utmccf.wordpress.com/wp-content/uploads/2017/05/cropped-cross.png?w=180
Reusing existing connection to utmccf.wordpress.com:443.
HTTP request sent, awaiting response... 200 OK
Length: 1044 (1.0K) [image/png]
Saving to: ‘utmccf.wordpress.com/wp-content/uploads/2017/05/cropped-cross.png@w=180’

     0K .                                                     100% 4.21G=0s

2026-09-23 06:36:49 (4.21 GB/s) - ‘utmccf.wordpress.com/wp-content/uploads/2017/05/cropped-cross.png@w=180’ saved [1044/1044]

--2026-09-23 06:36:49--  https://utmccf.wordpress.com/wp-content/uploads/2019/05/cropped-header4-1.png
Reusing existing connection to utmccf.wordpress.com:443.
HTTP request sent, awaiting response... 200 OK
Length: 27559 (27K) [image/png]
Saving to: ‘utmccf.wordpress.com/wp-content/uploads/2019/05/cropped-header4-1.png’

     0K .......... .......... ......                          100% 96.0M=0s

2026-09-23 06:36:49 (96.0 MB/s) - ‘utmccf.wordpress.com/wp-content/uploads/2019/05/cropped-header4-1.png’ saved [27559/27559]

--2026-09-23 06:36:49--  https://utmccf.wordpress.com/events
Reusing existing connection to utmccf.wordpress.com:443.
HTTP request sent, awaiting response... 301 Moved Permanently
Location: https://utmccf.wordpress.com/events/ [following]
--2026-09-23 06:36:49--  https://utmccf.wordpress.com/events/
Reusing existing connection to utmccf.wordpress.com:443.
HTTP request sent, awaiting response... 200 OK
Length: unspecified [text/html]
Saving to: ‘utmccf.wordpress.com/events.html’

     0K .......... .......... .......... .......... .......... 37.6M
    50K .......... .......... .......... .......... ......     44.6M=0.002s

Last-modified header missing -- time-stamps turned off.
2026-09-23 06:36:49 (40.7 MB/s) - ‘utmccf.wordpress.com/events.html’ saved [98526]

--2026-09-23 06:36:49--  https://utmccf.wordpress.com/fellowship/
Reusing existing connection to utmccf.wordpress.com:443.
HTTP request sent, awaiting response... 200 OK
Length: unspecified [text/html]
Saving to: ‘utmccf.wordpress.com/fellowship/index.html’

     0K .......... .......... .......... .......... .......... 25.8M
    50K .......... .......... .......... .......... ...        41.8M=0.003s

Last-modified header missing -- time-stamps turned off.
2026-09-23 06:36:49 (31.3 MB/s) - ‘utmccf.wordpress.com/fellowship/index.html’ saved [95266]

--2026-09-23 06:36:49--  https://utmccf.wordpress.com/past-events/
Reusing existing connection to utmccf.wordpress.com:443.
HTTP request sent, awaiting response... 200 OK
Length: unspecified [text/html]
Saving to: ‘utmccf.wordpress.com/past-events/index.html’

     0K .......... .......... .......... .......... .......... 26.6M
    50K .......... .......... .......... .......... .......... 25.2M
   100K .......... .......... .......... ..........            40.3M=0.005s

Last-modified header missing -- time-stamps turned off.
2026-09-23 06:36:49 (28.9 MB/s) - ‘utmccf.wordpress.com/past-events/index.html’ saved [143403]

--2026-09-23 06:36:49--  https://utmccf.wordpress.com/%e4%bb%a3%e7%a5%b7%e4%ba%8b%e9%a1%b9-prayer-requests/
Reusing existing connection to utmccf.wordpress.com:443.
HTTP request sent, awaiting response... 200 OK
Length: unspecified [text/html]
Saving to: ‘utmccf.wordpress.com/代祷事项-prayer-requests/index.html’

     0K .......... .......... .......... .......... .......... 26.9M
    50K .......... .......... .......... .......... ......     46.2M=0.003s

Last-modified header missing -- time-stamps turned off.
2026-09-23 06:36:49 (33.7 MB/s) - ‘utmccf.wordpress.com/代祷事项-prayer-requests/index.html’ saved [98873]

--2026-09-23 06:36:49--  https://utmccf.wordpress.com/about-us-%e5%85%b3%e4%ba%8e%e6%88%91%e4%bb%ac/
Reusing existing connection to utmccf.wordpress.com:443.
HTTP request sent, awaiting response... 200 OK
Length: unspecified [text/html]
Saving to: ‘utmccf.wordpress.com/about-us-关于我们/index.html’

     0K .......... .......... .......... .......... .......... 22.7M
    50K .......... .......... .......... .......... ......     63.4M=0.003s

Last-modified header missing -- time-stamps turned off.
2026-09-23 06:36:49 (32.9 MB/s) - ‘utmccf.wordpress.com/about-us-关于我们/index.html’ saved [98996]

--2026-09-23 06:36:49--  https://utmccf.wordpress.com/%e5%9b%a2%e5%a5%91%e5%8e%86%e5%8f%b2-mccf-history/
Reusing existing connection to utmccf.wordpress.com:443.
HTTP request sent, awaiting response... 200 OK
Length: unspecified [text/html]
Saving to: ‘utmccf.wordpress.com/团契历史-mccf-history/index.html’

     0K .......... .......... .......... .......... .......... 27.8M
    50K .......... .......... .......... .......... .......... 26.0M
   100K .......... .......... .......... .                     32.6M=0.005s

Last-modified header missing -- time-stamps turned off.
2026-09-23 06:36:49 (28.0 MB/s) - ‘utmccf.wordpress.com/团契历史-mccf-history/index.html’ saved [134243]

--2026-09-23 06:36:49--  https://utmccf.wordpress.com/committee-16-17/
Reusing existing connection to utmccf.wordpress.com:443.
HTTP request sent, awaiting response... 200 OK
Length: unspecified [text/html]
Saving to: ‘utmccf.wordpress.com/committee-16-17/index.html’

     0K .......... .......... .......... .......... .......... 42.3M
    50K .......... .......... .......... .......... .......... 25.5M
   100K .......... .......... ....                              512M=0.003s

Last-modified header missing -- time-stamps turned off.
2026-09-23 06:36:49 (38.9 MB/s) - ‘utmccf.wordpress.com/committee-16-17/index.html’ saved [127029]

--2026-09-23 06:36:49--  https://utmccf.wordpress.com/churches/
Reusing existing connection to utmccf.wordpress.com:443.
HTTP request sent, awaiting response... 200 OK
Length: unspecified [text/html]
Saving to: ‘utmccf.wordpress.com/churches/index.html’

     0K .......... .......... .......... .......... .......... 34.5M
    50K .......... .......... .......... .......... .....      24.5M=0.003s

Last-modified header missing -- time-stamps turned off.
2026-09-23 06:36:49 (28.9 MB/s) - ‘utmccf.wordpress.com/churches/index.html’ saved [98062]

--2026-09-23 06:36:49--  https://utmccf.wordpress.com/contact-usfeedback-%e8%81%94%e7%bb%9c%e6%88%91%e4%bb%ac%e6%8f%90%e4%ba%a4%e5%8f%8d%e9%a6%88/
Reusing existing connection to utmccf.wordpress.com:443.
HTTP request sent, awaiting response... 200 OK
Length: unspecified [text/html]
Saving to: ‘utmccf.wordpress.com/contact-usfeedback-联络我们提交反馈/index.html’

     0K .......... .......... .......... .......... .......... 17.5M
    50K .......... .......... .......... .......... .......... 71.5M
   100K ..........                                             19.7T=0.003s

Last-modified header missing -- time-stamps turned off.
2026-09-23 06:36:49 (31.1 MB/s) - ‘utmccf.wordpress.com/contact-usfeedback-联络我们提交反馈/index.html’ saved [113247]

--2026-09-23 06:36:49--  https://utmccf.wordpress.com/wp-content/uploads/2022/08/e7bd91e7ab99thumbnails.png?w=330&h=330&crop=1
Reusing existing connection to utmccf.wordpress.com:443.
HTTP request sent, awaiting response... 200 OK
Length: 61405 (60K) [image/png]
Saving to: ‘utmccf.wordpress.com/wp-content/uploads/2022/08/e7bd91e7ab99thumbnails.png@w=330&h=330&crop=1’

     0K .......... .......... .......... .......... .......... 83% 27.6M 0s
    50K .........                                             100% 18.6T=0.002s

2026-09-23 06:36:50 (33.1 MB/s) - ‘utmccf.wordpress.com/wp-content/uploads/2022/08/e7bd91e7ab99thumbnails.png@w=330&h=330&crop=1’ saved [61405/61405]

--2026-09-23 06:36:50--  https://utmccf.wordpress.com/wp-content/uploads/2022/08/e7bd91e7ab99thumbnails.png?w=660&h=660&crop=1
Reusing existing connection to utmccf.wordpress.com:443.
HTTP request sent, awaiting response... 200 OK
Length: 215222 (210K) [image/png]
Saving to: ‘utmccf.wordpress.com/wp-content/uploads/2022/08/e7bd91e7ab99thumbnails.png@w=660&h=660&crop=1’

     0K .......... .......... .......... .......... .......... 23% 26.9M 0s
    50K .......... .......... .......... .......... .......... 47% 4.41M 0s
   100K .......... .......... .......... .......... .......... 71% 34.9M 0s
   150K .......... .......... .......... .......... .......... 95% 24.0M 0s
   200K ..........                                            100%  283M=0.02s

2026-09-23 06:36:50 (12.5 MB/s) - ‘utmccf.wordpress.com/wp-content/uploads/2022/08/e7bd91e7ab99thumbnails.png@w=660&h=660&crop=1’ saved [215222/215222]

--2026-09-23 06:36:50--  https://utmccf.wordpress.com/wp-content/uploads/2022/08/e7bd91e7ab99thumbnails.png?w=150&h=150&crop=1
Reusing existing connection to utmccf.wordpress.com:443.
HTTP request sent, awaiting response... 200 OK
Length: 15340 (15K) [image/png]
Saving to: ‘utmccf.wordpress.com/wp-content/uploads/2022/08/e7bd91e7ab99thumbnails.png@w=150&h=150&crop=1’

     0K .......... ....                                       100% 34.0G=0s

2026-09-23 06:36:50 (34.0 GB/s) - ‘utmccf.wordpress.com/wp-content/uploads/2022/08/e7bd91e7ab99thumbnails.png@w=150&h=150&crop=1’ saved [15340/15340]

--2026-09-23 06:36:50--  https://utmccf.wordpress.com/wp-content/uploads/2022/08/e7bd91e7ab99thumbnails.png?w=300&h=300&crop=1
Reusing existing connection to utmccf.wordpress.com:443.
HTTP request sent, awaiting response... 200 OK
Length: 51942 (51K) [image/png]
Saving to: ‘utmccf.wordpress.com/wp-content/uploads/2022/08/e7bd91e7ab99thumbnails.png@w=300&h=300&crop=1’

     0K .......... .......... .......... .......... .......... 98% 57.4M 0s
    50K                                                       100% 1.35T=0.001s

2026-09-23 06:36:51 (58.2 MB/s) - ‘utmccf.wordpress.com/wp-content/uploads/2022/08/e7bd91e7ab99thumbnails.png@w=300&h=300&crop=1’ saved [51942/51942]

--2026-09-23 06:36:51--  https://utmccf.wordpress.com/free-campus-tour/
Reusing existing connection to utmccf.wordpress.com:443.
HTTP request sent, awaiting response... 200 OK
Length: unspecified [text/html]
Saving to: ‘utmccf.wordpress.com/free-campus-tour/index.html’

     0K .......... .......... .......... .......... .......... 37.2M
    50K .......... .......... .......... .......... .......... 47.7M
   100K .                                                      2.18T=0.002s

Last-modified header missing -- time-stamps turned off.
2026-09-23 06:36:51 (42.3 MB/s) - ‘utmccf.wordpress.com/free-campus-tour/index.html’ saved [103600]

--2026-09-23 06:36:51--  https://utmccf.wordpress.com/wp-content/mu-plugins/gravatar-hovercards/wpgroho.js?m=1610363240i
Reusing existing connection to utmccf.wordpress.com:443.
HTTP request sent, awaiting response... 200 OK
Length: 655 [application/javascript]
Saving to: ‘utmccf.wordpress.com/wp-content/mu-plugins/gravatar-hovercards/wpgroho.js@m=1610363240i’

     0K                                                       100% 2.76G=0s

Last-modified header missing -- time-stamps turned off.
2026-09-23 06:36:51 (2.76 GB/s) - ‘utmccf.wordpress.com/wp-content/mu-plugins/gravatar-hovercards/wpgroho.js@m=1610363240i’ saved [655/655]

--2026-09-23 06:36:51--  https://utmccf.wordpress.com/wp-content/uploads/2017/05/cropped-cross.png?w=50
Reusing existing connection to utmccf.wordpress.com:443.
HTTP request sent, awaiting response... 200 OK
Length: 392 [image/png]
Saving to: ‘utmccf.wordpress.com/wp-content/uploads/2017/05/cropped-cross.png@w=50’

     0K                                                       100% 2.61G=0s

2026-09-23 06:36:51 (2.61 GB/s) - ‘utmccf.wordpress.com/wp-content/uploads/2017/05/cropped-cross.png@w=50’ saved [392/392]

--2026-09-23 06:36:51--  https://utmccf.wordpress.com/wp-content/uploads/2017/05/cropped-cross.png?w=75
Reusing existing connection to utmccf.wordpress.com:443.
HTTP request sent, awaiting response... 200 OK
Length: 492 [image/png]
Saving to: ‘utmccf.wordpress.com/wp-content/uploads/2017/05/cropped-cross.png@w=75’

     0K                                                       100% 3.52G=0s

2026-09-23 06:36:51 (3.52 GB/s) - ‘utmccf.wordpress.com/wp-content/uploads/2017/05/cropped-cross.png@w=75’ saved [492/492]

--2026-09-23 06:36:51--  https://utmccf.wordpress.com/wp-content/uploads/2017/05/cropped-cross.png?w=100
Reusing existing connection to utmccf.wordpress.com:443.
HTTP request sent, awaiting response... 200 OK
Length: 581 [image/png]
Saving to: ‘utmccf.wordpress.com/wp-content/uploads/2017/05/cropped-cross.png@w=100’

     0K                                                       100% 3.18G=0s

2026-09-23 06:36:51 (3.18 GB/s) - ‘utmccf.wordpress.com/wp-content/uploads/2017/05/cropped-cross.png@w=100’ saved [581/581]

--2026-09-23 06:36:51--  https://utmccf.wordpress.com/wp-content/uploads/2017/05/cropped-cross.png?w=150
Reusing existing connection to utmccf.wordpress.com:443.
HTTP request sent, awaiting response... 200 OK
Length: 859 [image/png]
Saving to: ‘utmccf.wordpress.com/wp-content/uploads/2017/05/cropped-cross.png@w=150’

     0K                                                       100% 4.97G=0s

2026-09-23 06:36:51 (4.97 GB/s) - ‘utmccf.wordpress.com/wp-content/uploads/2017/05/cropped-cross.png@w=150’ saved [859/859]

--2026-09-23 06:36:51--  https://utmccf.wordpress.com/wp-content/uploads/2017/05/cropped-cross.png?w=200
Reusing existing connection to utmccf.wordpress.com:443.
HTTP request sent, awaiting response... 200 OK
Length: 1161 (1.1K) [image/png]
Saving to: ‘utmccf.wordpress.com/wp-content/uploads/2017/05/cropped-cross.png@w=200’

     0K .                                                     100% 3.60G=0s

2026-09-23 06:36:51 (3.60 GB/s) - ‘utmccf.wordpress.com/wp-content/uploads/2017/05/cropped-cross.png@w=200’ saved [1161/1161]

The destination name is too long (253), reducing to 236
--2026-09-23 06:36:51--  https://utmccf.wordpress.com/_static/??-eJyNjcsOgkAMRX/IOmpIlIXxWwqUsTCv0A74+Q4rhRWrJqf33GuWBG0MSkFN46KF5LLlIGaJU4edQOtQhMQMBaE6mG/nQU7mT/P5J3FnScVQLt84MoHDxSj55FBpx/c9m3mP00jKwUKD0zq+AYAIpU/3FfomX2ZSbgx1HFYv4MwWlWM4EJaREzgOI/SxzQI9fw5Y6y2xl39e74+6rqtLXQ1fTNZ/Ag==
Reusing existing connection to utmccf.wordpress.com:443.
HTTP request sent, awaiting response... 200 OK
Length: 63784 (62K) [application/javascript]
Saving to: ‘utmccf.wordpress.com/_static/index.html@%3F-eJyNjcsOgkAMRX%2FIOmpIlIXxWwqUsTCv0A74+Q4rhRWrJqf33GuWBG0MSkFN46KF5LLlIGaJU4edQOtQhMQMBaE6mG%2FnQU7mT%2FP5J3FnScVQLt84MoHDxSj55FBpx%2Fc9m3mP00jKwUKD0zq+AYAIpU%2F3FfomX2ZSbgx1HFYv4MwWlWM4EJaREzgOI%2FSxzQI9fw5Y6y2xl39e74+6r’

     0K .......... .......... .......... .......... .......... 80% 28.7M 0s
    50K .......... ..                                         100% 22.9T=0.002s

2026-09-23 06:36:51 (35.7 MB/s) - ‘utmccf.wordpress.com/_static/index.html@%3F-eJyNjcsOgkAMRX%2FIOmpIlIXxWwqUsTCv0A74+Q4rhRWrJqf33GuWBG0MSkFN46KF5LLlIGaJU4edQOtQhMQMBaE6mG%2FnQU7mT%2FP5J3FnScVQLt84MoHDxSj55FBpx%2Fc9m3mP00jKwUKD0zq+AYAIpU%2F3FfomX2ZSbgx1HFYv4MwWlWM4EJaREzgOI%2FSxzQI9fw5Y6y2xl39e74+6r’ saved [63784/63784]

--2026-09-23 06:36:51--  https://utmccf.wordpress.com/wp-content/js/bilmur.min.js?i=19&m=202639
Reusing existing connection to utmccf.wordpress.com:443.
HTTP request sent, awaiting response... 200 OK
Length: 13430 (13K) [application/javascript]
Saving to: ‘utmccf.wordpress.com/wp-content/js/bilmur.min.js@i=19&m=202639’

     0K .......... ...                                        100% 25.0G=0s

2026-09-23 06:36:51 (25.0 GB/s) - ‘utmccf.wordpress.com/wp-content/js/bilmur.min.js@i=19&m=202639’ saved [13430/13430]

--2026-09-23 06:36:51--  https://utmccf.wordpress.com/wp-content/blog-plugins/marketing-bar/images/wpcom-mark.svg
Reusing existing connection to utmccf.wordpress.com:443.
HTTP request sent, awaiting response... 200 OK
Length: 1237 (1.2K) [image/svg+xml]
Saving to: ‘utmccf.wordpress.com/wp-content/blog-plugins/marketing-bar/images/wpcom-mark.svg’

     0K .                                                     100% 7.68G=0s

2026-09-23 06:36:51 (7.68 GB/s) - ‘utmccf.wordpress.com/wp-content/blog-plugins/marketing-bar/images/wpcom-mark.svg’ saved [1237/1237]

--2026-09-23 06:36:51--  https://utmccf.wordpress.com/wp-content/blog-plugins/marketing-bar/images/jp-app.svg
Reusing existing connection to utmccf.wordpress.com:443.
HTTP request sent, awaiting response... 200 OK
Length: 17063 (17K) [image/svg+xml]
Saving to: ‘utmccf.wordpress.com/wp-content/blog-plugins/marketing-bar/images/jp-app.svg’

     0K .......... ......                                     100% 91.1M=0s

2026-09-23 06:36:51 (91.1 MB/s) - ‘utmccf.wordpress.com/wp-content/blog-plugins/marketing-bar/images/jp-app.svg’ saved [17063/17063]

--2026-09-23 06:36:51--  https://utmccf.wordpress.com/wp-content/blog-plugins/marketing-bar/images/arrow.svg
Reusing existing connection to utmccf.wordpress.com:443.
HTTP request sent, awaiting response... 200 OK
Length: 154 [image/svg+xml]
Saving to: ‘utmccf.wordpress.com/wp-content/blog-plugins/marketing-bar/images/arrow.svg’

     0K                                                       100% 1.43G=0s

2026-09-23 06:36:51 (1.43 GB/s) - ‘utmccf.wordpress.com/wp-content/blog-plugins/marketing-bar/images/arrow.svg’ saved [154/154]

--2026-09-23 06:36:51--  https://utmccf.wordpress.com/wp-content/plugins/coblocks/2.18.1-simple-rev.4/dist/images/lightbox/arrow-left.svg
Reusing existing connection to utmccf.wordpress.com:443.
HTTP request sent, awaiting response... 200 OK
Length: 282 [image/svg+xml]
Saving to: ‘utmccf.wordpress.com/wp-content/plugins/coblocks/2.18.1-simple-rev.4/dist/images/lightbox/arrow-left.svg’

     0K                                                       100% 1.75G=0s

2026-09-23 06:36:51 (1.75 GB/s) - ‘utmccf.wordpress.com/wp-content/plugins/coblocks/2.18.1-simple-rev.4/dist/images/lightbox/arrow-left.svg’ saved [282/282]

--2026-09-23 06:36:51--  https://utmccf.wordpress.com/wp-content/plugins/coblocks/2.18.1-simple-rev.4/dist/images/lightbox/arrow-right.svg
Reusing existing connection to utmccf.wordpress.com:443.
HTTP request sent, awaiting response... 200 OK
Length: 275 [image/svg+xml]
Saving to: ‘utmccf.wordpress.com/wp-content/plugins/coblocks/2.18.1-simple-rev.4/dist/images/lightbox/arrow-right.svg’

     0K                                                       100% 2.85G=0s

2026-09-23 06:36:51 (2.85 GB/s) - ‘utmccf.wordpress.com/wp-content/plugins/coblocks/2.18.1-simple-rev.4/dist/images/lightbox/arrow-right.svg’ saved [275/275]

--2026-09-23 06:36:51--  https://utmccf.wordpress.com/wp-content/plugins/coblocks/2.18.1-simple-rev.4/dist/images/lightbox/close.svg
Reusing existing connection to utmccf.wordpress.com:443.
HTTP request sent, awaiting response... 200 OK
Length: 488 [image/svg+xml]
Saving to: ‘utmccf.wordpress.com/wp-content/plugins/coblocks/2.18.1-simple-rev.4/dist/images/lightbox/close.svg’

     0K                                                       100% 4.54G=0s

2026-09-23 06:36:51 (4.54 GB/s) - ‘utmccf.wordpress.com/wp-content/plugins/coblocks/2.18.1-simple-rev.4/dist/images/lightbox/close.svg’ saved [488/488]

--2026-09-23 06:36:51--  https://utmccf.wordpress.com/wp-content/plugins/coblocks/2.18.1-simple-rev.4/dist/images/social/twitter.svg
Reusing existing connection to utmccf.wordpress.com:443.
HTTP request sent, awaiting response... 200 OK
Length: 721 [image/svg+xml]
Saving to: ‘utmccf.wordpress.com/wp-content/plugins/coblocks/2.18.1-simple-rev.4/dist/images/social/twitter.svg’

     0K                                                       100% 5.17G=0s

2026-09-23 06:36:51 (5.17 GB/s) - ‘utmccf.wordpress.com/wp-content/plugins/coblocks/2.18.1-simple-rev.4/dist/images/social/twitter.svg’ saved [721/721]

--2026-09-23 06:36:51--  https://utmccf.wordpress.com/wp-content/themes/pub/edin/font/edincon.eot?-yw7mjc
Reusing existing connection to utmccf.wordpress.com:443.
HTTP request sent, awaiting response... 200 OK
Length: 1456 (1.4K) [application/vnd.ms-fontobject]
Saving to: ‘utmccf.wordpress.com/wp-content/themes/pub/edin/font/edincon.eot@-yw7mjc’

     0K .                                                     100% 10.4G=0s

2026-09-23 06:36:51 (10.4 GB/s) - ‘utmccf.wordpress.com/wp-content/themes/pub/edin/font/edincon.eot@-yw7mjc’ saved [1456/1456]

--2026-09-23 06:36:51--  https://utmccf.wordpress.com/wp-content/themes/pub/edin/font/edincon.eot?
Reusing existing connection to utmccf.wordpress.com:443.
HTTP request sent, awaiting response... 200 OK
Length: 1456 (1.4K) [application/vnd.ms-fontobject]
Saving to: ‘utmccf.wordpress.com/wp-content/themes/pub/edin/font/edincon.eot@’

     0K .                                                     100% 10.4G=0s

2026-09-23 06:36:51 (10.4 GB/s) - ‘utmccf.wordpress.com/wp-content/themes/pub/edin/font/edincon.eot@’ saved [1456/1456]

--2026-09-23 06:36:51--  https://utmccf.wordpress.com/wp-content/themes/pub/edin/font/edincon.woff?-yw7mjc
Reusing existing connection to utmccf.wordpress.com:443.
HTTP request sent, awaiting response... 200 OK
Length: 1260 (1.2K) [application/font-woff]
Saving to: ‘utmccf.wordpress.com/wp-content/themes/pub/edin/font/edincon.woff@-yw7mjc’

     0K .                                                     100% 7.82G=0s

2026-09-23 06:36:51 (7.82 GB/s) - ‘utmccf.wordpress.com/wp-content/themes/pub/edin/font/edincon.woff@-yw7mjc’ saved [1260/1260]

--2026-09-23 06:36:51--  https://utmccf.wordpress.com/wp-content/themes/pub/edin/font/edincon.ttf?-yw7mjc
Reusing existing connection to utmccf.wordpress.com:443.
HTTP request sent, awaiting response... 200 OK
Length: 1292 (1.3K) [application/font-ttf]
Saving to: ‘utmccf.wordpress.com/wp-content/themes/pub/edin/font/edincon.ttf@-yw7mjc’

     0K .                                                     100% 8.59G=0s

2026-09-23 06:36:51 (8.59 GB/s) - ‘utmccf.wordpress.com/wp-content/themes/pub/edin/font/edincon.ttf@-yw7mjc’ saved [1292/1292]

--2026-09-23 06:36:51--  https://utmccf.wordpress.com/wp-content/themes/pub/edin/font/edincon.svg?-yw7mjc
Reusing existing connection to utmccf.wordpress.com:443.
HTTP request sent, awaiting response... 200 OK
Length: 1191 (1.2K) [image/svg+xml]
Saving to: ‘utmccf.wordpress.com/wp-content/themes/pub/edin/font/edincon.svg@-yw7mjc’

     0K .                                                     100% 7.92G=0s

2026-09-23 06:36:51 (7.92 GB/s) - ‘utmccf.wordpress.com/wp-content/themes/pub/edin/font/edincon.svg@-yw7mjc’ saved [1191/1191]

--2026-09-23 06:36:51--  https://utmccf.wordpress.com/wp-content/mu-plugins/jetpack-plugin/sun/_inc/genericons/genericons/Genericons.eot
Reusing existing connection to utmccf.wordpress.com:443.
HTTP request sent, awaiting response... 200 OK
Length: 22374 (22K) [application/vnd.ms-fontobject]
Saving to: ‘utmccf.wordpress.com/wp-content/mu-plugins/jetpack-plugin/sun/_inc/genericons/genericons/Genericons.eot’

     0K .......... .......... .                               100%  341M=0s

2026-09-23 06:36:51 (341 MB/s) - ‘utmccf.wordpress.com/wp-content/mu-plugins/jetpack-plugin/sun/_inc/genericons/genericons/Genericons.eot’ saved [22374/22374]

--2026-09-23 06:36:51--  https://utmccf.wordpress.com/wp-content/mu-plugins/jetpack-plugin/sun/_inc/genericons/genericons/Genericons.eot?
Reusing existing connection to utmccf.wordpress.com:443.
HTTP request sent, awaiting response... 200 OK
Length: 22374 (22K) [application/vnd.ms-fontobject]
Saving to: ‘utmccf.wordpress.com/wp-content/mu-plugins/jetpack-plugin/sun/_inc/genericons/genericons/Genericons.eot@’

     0K .......... .......... .                               100%  115M=0s

2026-09-23 06:36:51 (115 MB/s) - ‘utmccf.wordpress.com/wp-content/mu-plugins/jetpack-plugin/sun/_inc/genericons/genericons/Genericons.eot@’ saved [22374/22374]

--2026-09-23 06:36:51--  https://utmccf.wordpress.com/wp-content/mu-plugins/jetpack-plugin/sun/_inc/genericons/genericons/Genericons.ttf
Reusing existing connection to utmccf.wordpress.com:443.
HTTP request sent, awaiting response... 200 OK
Length: 22188 (22K) [application/font-ttf]
Saving to: ‘utmccf.wordpress.com/wp-content/mu-plugins/jetpack-plugin/sun/_inc/genericons/genericons/Genericons.ttf’

     0K .......... .......... .                               100%  103M=0s

2026-09-23 06:36:51 (103 MB/s) - ‘utmccf.wordpress.com/wp-content/mu-plugins/jetpack-plugin/sun/_inc/genericons/genericons/Genericons.ttf’ saved [22188/22188]

--2026-09-23 06:36:51--  https://utmccf.wordpress.com/wp-content/mu-plugins/jetpack-plugin/sun/_inc/genericons/genericons/Genericons.svg
Reusing existing connection to utmccf.wordpress.com:443.
HTTP request sent, awaiting response... 200 OK
Length: 76980 (75K) [image/svg+xml]
Saving to: ‘utmccf.wordpress.com/wp-content/mu-plugins/jetpack-plugin/sun/_inc/genericons/genericons/Genericons.svg’

     0K .......... .......... .......... .......... .......... 66% 28.9M 0s
    50K .......... .......... .....                           100%  363M=0.002s

2026-09-23 06:36:51 (41.7 MB/s) - ‘utmccf.wordpress.com/wp-content/mu-plugins/jetpack-plugin/sun/_inc/genericons/genericons/Genericons.svg’ saved [76980/76980]

--2026-09-23 06:36:51--  https://utmccf.wordpress.com/_static/??-eJxtjEsOwjAMRC9EMBUoiAXiLG6wojTOR7WjiNuTdoGEYDkz7w30alzJSlkhNVO5+ZAFenh6UgFqYy0xkGHsoJQqo5KA6Ivp6EQO8P+AQxzYQlrRRbOnH3zm4j9CwjWShuzNjCsM9LvZ5Ee6T1c72cvpZs/LG8VZRLg=&cssminify=yes
Reusing existing connection to utmccf.wordpress.com:443.
HTTP request sent, awaiting response... 200 OK
Length: 15028 (15K) [text/css]
Saving to: ‘utmccf.wordpress.com/_static/index.html@%3F-eJxtjEsOwjAMRC9EMBUoiAXiLG6wojTOR7WjiNuTdoGEYDkz7w30alzJSlkhNVO5+ZAFenh6UgFqYy0xkGHsoJQqo5KA6Ivp6EQO8P+AQxzYQlrRRbOnH3zm4j9CwjWShuzNjCsM9LvZ5Ee6T1c72cvpZs%2FLG8VZRLg=&cssminify=yes.css’

     0K .......... ....                                       100% 35.8G=0s

2026-09-23 06:36:51 (35.8 GB/s) - ‘utmccf.wordpress.com/_static/index.html@%3F-eJxtjEsOwjAMRC9EMBUoiAXiLG6wojTOR7WjiNuTdoGEYDkz7w30alzJSlkhNVO5+ZAFenh6UgFqYy0xkGHsoJQqo5KA6Ivp6EQO8P+AQxzYQlrRRbOnH3zm4j9CwjWShuzNjCsM9LvZ5Ee6T1c72cvpZs%2FLG8VZRLg=&cssminify=yes.css’ saved [15028/15028]

The destination name is too long (271), reducing to 236
--2026-09-23 06:36:51--  https://utmccf.wordpress.com/_static/??-eJyNjsFuwzAMQ39omrehQJvDsG9RYtVVbMteJDf9/DqnrTkUPQmg+Ei6tcJUxEjMjakEqKkFFnVrWTx6hSmhKqmbu4SW4Pr1Puub+4fl9gexD2TqqPVviUyQcHVGuSY02ulPchLH7v5t1OiC4hMte/PD1oxLJGMJMOKyLX0QABF6ue0j7EK5t9Q2OvIsGyd45YDGRV4wa+QKiSXCuUxN4cy3F6jtdttP/v48noZhOHwMh/kO2AWQMA==
Reusing existing connection to utmccf.wordpress.com:443.
HTTP request sent, awaiting response... 200 OK
Length: 79032 (77K) [application/javascript]
Saving to: ‘utmccf.wordpress.com/_static/index.html@%3F-eJyNjsFuwzAMQ39omrehQJvDsG9RYtVVbMteJDf9%2FDqnrTkUPQmg+Ei6tcJUxEjMjakEqKkFFnVrWTx6hSmhKqmbu4SW4Pr1Puub+4fl9gexD2TqqPVviUyQcHVGuSY02ulPchLH7v5t1OiC4hMte%2FPD1oxLJGMJMOKyLX0QABF6ue0j7EK5t9Q2OvIsGyd45YDGRV4wa+QKiSXCuUxN4cy3F’

     0K .......... .......... .......... .......... .......... 64% 28.5M 0s
    50K .......... .......... .......                         100%  603M=0.002s

2026-09-23 06:36:51 (42.8 MB/s) - ‘utmccf.wordpress.com/_static/index.html@%3F-eJyNjsFuwzAMQ39omrehQJvDsG9RYtVVbMteJDf9%2FDqnrTkUPQmg+Ei6tcJUxEjMjakEqKkFFnVrWTx6hSmhKqmbu4SW4Pr1Puub+4fl9gexD2TqqPVviUyQcHVGuSY02ulPchLH7v5t1OiC4hMte%2FPD1oxLJGMJMOKyLX0QABF6ue0j7EK5t9Q2OvIsGyd45YDGRV4wa+QKiSXCuUxN4cy3F’ saved [79032/79032]

The destination name is too long (241), reducing to 236
--2026-09-23 06:36:51--  https://utmccf.wordpress.com/_static/??-eJyFj0sOwjAMRC9EcCuklg3iKCgNbkhJ4igfVb09bsUiAlR2M9YbewxzEIp8Rp8hP9BhglAGwLvxMPJ8UwwcVUoHqGBXRLBFG59gwhyker49OCIPN06BRo/RcCL9ll9LPxukvFj8S62nNlLMQZHbqxpxsKRZamCqsnshjSQsKZkNP1YbMVpp4hq9ukvb923XdKdzM70AQUJ/Vg==&cssminify=yes
Reusing existing connection to utmccf.wordpress.com:443.
HTTP request sent, awaiting response... 200 OK
Length: 116920 (114K) [text/css]
Saving to: ‘utmccf.wordpress.com/_static/index.html@%3F-eJyFj0sOwjAMRC9EcCuklg3iKCgNbkhJ4igfVb09bsUiAlR2M9YbewxzEIp8Rp8hP9BhglAGwLvxMPJ8UwwcVUoHqGBXRLBFG59gwhyker49OCIPN06BRo%2FRcCL9ll9LPxukvFj8S62nNlLMQZHbqxpxsKRZamCqsnshjSQsKZkNP1YbMVpp4hq9ukvb923XdKdzM70AQUJ%2FVg==&cssminif.css’

     0K .......... .......... .......... .......... .......... 43% 29.0M 0s
    50K .......... .......... .......... .......... .......... 87% 48.7M 0s
   100K .......... ....                                       100%  385M=0.003s

2026-09-23 06:36:51 (40.9 MB/s) - ‘utmccf.wordpress.com/_static/index.html@%3F-eJyFj0sOwjAMRC9EcCuklg3iKCgNbkhJ4igfVb09bsUiAlR2M9YbewxzEIp8Rp8hP9BhglAGwLvxMPJ8UwwcVUoHqGBXRLBFG59gwhyker49OCIPN06BRo%2FRcCL9ll9LPxukvFj8S62nNlLMQZHbqxpxsKRZamCqsnshjSQsKZkNP1YbMVpp4hq9ukvb923XdKdzM70AQUJ%2FVg==&cssminif.css’ saved [116920/116920]

--2026-09-23 06:36:51--  https://utmccf.wordpress.com/_static/??-eJyNjcEKAjEMRH/ImhVlqwfxU6TbhrZrmhTTIv69u+JFvHgZ5sHwBh7VeOGG3KB0U6nHzAoztur87cNQRNYInVBBk7tjcCE83zVz3HrVDfxvumb2MPVMAVR8dmRIougX/DhbwrK8pwNEksnROriU884e9+PJDnaYXxwFS20=&cssminify=yes
Reusing existing connection to utmccf.wordpress.com:443.
HTTP request sent, awaiting response... 200 OK
Length: 32328 (32K) [text/css]
Saving to: ‘utmccf.wordpress.com/_static/index.html@%3F-eJyNjcEKAjEMRH%2FImhVlqwfxU6TbhrZrmhTTIv69u+JFvHgZ5sHwBh7VeOGG3KB0U6nHzAoztur87cNQRNYInVBBk7tjcCE83zVz3HrVDfxvumb2MPVMAVR8dmRIougX%2FDhbwrK8pwNEksnROriU884e9+PJDnaYXxwFS20=&cssminify=yes.css’

     0K .......... .......... .......... .                    100% 44.6M=0.001s

2026-09-23 06:36:51 (44.6 MB/s) - ‘utmccf.wordpress.com/_static/index.html@%3F-eJyNjcEKAjEMRH%2FImhVlqwfxU6TbhrZrmhTTIv69u+JFvHgZ5sHwBh7VeOGG3KB0U6nHzAoztur87cNQRNYInVBBk7tjcCE83zVz3HrVDfxvumb2MPVMAVR8dmRIougX%2FDhbwrK8pwNEksnROriU884e9+PJDnaYXxwFS20=&cssminify=yes.css’ saved [32328/32328]

--2026-09-23 06:36:51--  https://utmccf.wordpress.com/_static/??-eJyNjksOgzAMRC9UN1AhWFU9SyAGTJxP6wR6/IZVKxYVK0sz742stghD8Al9Uj2HCSLnibyoLbyMNgIDaxEUtZRIJ4b1dl3kon40l78SmQmTKMylDZYQWG8qoYusEx7yPztMttDPjBln7Q3j6winGV1BYu4VGvL7e16vNOlEwZ+AxVIEJm9hDEMWGOl9wtpvwR7uXndt1TRtVXfLB8FndxM=
Reusing existing connection to utmccf.wordpress.com:443.
HTTP request sent, awaiting response... 200 OK
Length: 75802 (74K) [application/javascript]
Saving to: ‘utmccf.wordpress.com/_static/index.html@%3F-eJyNjksOgzAMRC9UN1AhWFU9SyAGTJxP6wR6%2FIZVKxYVK0sz742stghD8Al9Uj2HCSLnibyoLbyMNgIDaxEUtZRIJ4b1dl3kon40l78SmQmTKMylDZYQWG8qoYusEx7yPztMttDPjBln7Q3j6winGV1BYu4VGvL7e16vNOlEwZ+AxVIEJm9hDEMWGOl9wtpvwR7uXndt1TRtVXfLB8FndxM=’

     0K .......... .......... .......... .......... .......... 67% 28.4M 0s
    50K .......... .......... ....                            100%  573M=0.002s

2026-09-23 06:36:51 (41.1 MB/s) - ‘utmccf.wordpress.com/_static/index.html@%3F-eJyNjksOgzAMRC9UN1AhWFU9SyAGTJxP6wR6%2FIZVKxYVK0sz742stghD8Al9Uj2HCSLnibyoLbyMNgIDaxEUtZRIJ4b1dl3kon40l78SmQmTKMylDZYQWG8qoYusEx7yPztMttDPjBln7Q3j6winGV1BYu4VGvL7e16vNOlEwZ+AxVIEJm9hDEMWGOl9wtpvwR7uXndt1TRtVXfLB8FndxM=’ saved [75802/75802]

--2026-09-23 06:36:51--  https://utmccf.wordpress.com/wp-content/js/bilmur.min.js?i=17&m=202637
Reusing existing connection to utmccf.wordpress.com:443.
HTTP request sent, awaiting response... 200 OK
Length: 12907 (13K) [application/javascript]
Saving to: ‘utmccf.wordpress.com/wp-content/js/bilmur.min.js@i=17&m=202637’

     0K .......... ..                                         100% 50.1G=0s

2026-09-23 06:36:51 (50.1 GB/s) - ‘utmccf.wordpress.com/wp-content/js/bilmur.min.js@i=17&m=202637’ saved [12907/12907]

--2026-09-23 06:36:51--  https://utmccf.wordpress.com/wp-content/uploads/2022/08/e7bd91e7ab99thumbnails.png?w=1080&
Reusing existing connection to utmccf.wordpress.com:443.
HTTP request sent, awaiting response... 200 OK
Length: 565155 (552K) [image/png]
Saving to: ‘utmccf.wordpress.com/wp-content/uploads/2022/08/e7bd91e7ab99thumbnails.png@w=1080&’

     0K .......... .......... .......... .......... ..........  9% 29.0M 0s
    50K .......... .......... .......... .......... .......... 18% 4.82M 0s
   100K .......... .......... .......... .......... .......... 27% 8.28M 0s
   150K .......... .......... .......... .......... .......... 36% 11.3M 0s
   200K .......... .......... .......... .......... .......... 45% 29.8M 0s
   250K .......... .......... .......... .......... .......... 54% 14.2M 0s
   300K .......... .......... .......... .......... .......... 63% 11.8M 0s
   350K .......... .......... .......... .......... .......... 72% 12.9M 0s
   400K .......... .......... .......... .......... .......... 81% 29.8M 0s
   450K .......... .......... .......... .......... .......... 90% 38.4M 0s
   500K .......... .......... .......... .......... .......... 99% 50.9M 0s
   550K .                                                     100% 3.56T=0.04s

2026-09-23 06:36:52 (13.9 MB/s) - ‘utmccf.wordpress.com/wp-content/uploads/2022/08/e7bd91e7ab99thumbnails.png@w=1080&’ saved [565155/565155]

--2026-09-23 06:36:52--  https://utmccf.wordpress.com/_static/??-eJyNjMEKhDAMBX9IfaiIXsRPWdxskGqbFNPi7y+CevY4wzA4YkkqiSUh5DL6vDgxrJziTNvFCKqCjxPC1yttBjtc5L0iswLvD0F/2bOB5l2zsX+iW5zDKYx1P3RN07b1sP4BKPs7aw==&cssminify=yes
Reusing existing connection to utmccf.wordpress.com:443.
HTTP request sent, awaiting response... 200 OK
Length: 32676 (32K) [text/css]
Saving to: ‘utmccf.wordpress.com/_static/index.html@%3F-eJyNjMEKhDAMBX9IfaiIXsRPWdxskGqbFNPi7y+CevY4wzA4YkkqiSUh5DL6vDgxrJziTNvFCKqCjxPC1yttBjtc5L0iswLvD0F%2F2bOB5l2zsX+iW5zDKYx1P3RN07b1sP4BKPs7aw==&cssminify=yes.css’

     0K .......... .......... .......... .                    100%  406M=0s

2026-09-23 06:36:52 (406 MB/s) - ‘utmccf.wordpress.com/_static/index.html@%3F-eJyNjMEKhDAMBX9IfaiIXsRPWdxskGqbFNPi7y+CevY4wzA4YkkqiSUh5DL6vDgxrJziTNvFCKqCjxPC1yttBjtc5L0iswLvD0F%2F2bOB5l2zsX+iW5zDKYx1P3RN07b1sP4BKPs7aw==&cssminify=yes.css’ saved [32676/32676]

--2026-09-23 06:36:52--  https://utmccf.wordpress.com/walkathon
Reusing existing connection to utmccf.wordpress.com:443.
HTTP request sent, awaiting response... 404 Not Found
2026-09-23 06:36:52 ERROR 404: Not Found.

--2026-09-23 06:36:52--  https://utmccf.wordpress.com/2022/08/25/past-events-20182019/
Reusing existing connection to utmccf.wordpress.com:443.
HTTP request sent, awaiting response... 200 OK
Length: unspecified [text/html]
Saving to: ‘utmccf.wordpress.com/2022/08/25/past-events-20182019/index.html’

     0K .......... .......... .......... .......... .......... 81.3M
    50K .......... .......... .......... .......... .......... 50.8M
   100K .......... .......... .......... .......... .          91.1M=0.002s

Last-modified header missing -- time-stamps turned off.
2026-09-23 06:36:52 (68.9 MB/s) - ‘utmccf.wordpress.com/2022/08/25/past-events-20182019/index.html’ saved [145286]

--2026-09-23 06:36:52--  https://utmccf.wordpress.com/wp-content/uploads/2022/08/2018.png?w=1024
Reusing existing connection to utmccf.wordpress.com:443.
HTTP request sent, awaiting response... 200 OK
Length: 592131 (578K) [image/png]
Saving to: ‘utmccf.wordpress.com/wp-content/uploads/2022/08/2018.png@w=1024’

     0K .......... .......... .......... .......... ..........  8%  124M 0s
    50K .......... .......... .......... .......... .......... 17% 4.92M 0s
   100K .......... .......... .......... .......... .......... 25% 6.67M 0s
   150K .......... .......... .......... .......... .......... 34% 4.97M 0s
   200K .......... .......... .......... .......... .......... 43%  359M 0s
   250K .......... .......... .......... .......... .......... 51%  308M 0s
   300K .......... .......... .......... .......... .......... 60% 18.2M 0s
   350K .......... .......... .......... .......... .......... 69% 5.91M 0s
   400K .......... .......... .......... .......... .......... 77%  433M 0s
   450K .......... .......... .......... .......... .......... 86%  377M 0s
   500K .......... .......... .......... .......... .......... 95%  347M 0s
   550K .......... .......... ........                        100%  424M=0.04s

2026-09-23 06:36:53 (14.4 MB/s) - ‘utmccf.wordpress.com/wp-content/uploads/2022/08/2018.png@w=1024’ saved [592131/592131]

--2026-09-23 06:36:53--  https://utmccf.wordpress.com/wp-content/uploads/2022/08/2018.png?w=150
Reusing existing connection to utmccf.wordpress.com:443.
HTTP request sent, awaiting response... 200 OK
Length: 16857 (16K) [image/png]
Saving to: ‘utmccf.wordpress.com/wp-content/uploads/2022/08/2018.png@w=150’

     0K .......... ......                                     100%  384M=0s

2026-09-23 06:36:53 (384 MB/s) - ‘utmccf.wordpress.com/wp-content/uploads/2022/08/2018.png@w=150’ saved [16857/16857]

--2026-09-23 06:36:53--  https://utmccf.wordpress.com/wp-content/uploads/2022/08/2018.png?w=300
Reusing existing connection to utmccf.wordpress.com:443.
HTTP request sent, awaiting response... 200 OK
Length: 64188 (63K) [image/png]
Saving to: ‘utmccf.wordpress.com/wp-content/uploads/2022/08/2018.png@w=300’

     0K .......... .......... .......... .......... .......... 79%  130M 0s
    50K .......... ..                                         100% 23.6T=0s

2026-09-23 06:36:53 (162 MB/s) - ‘utmccf.wordpress.com/wp-content/uploads/2022/08/2018.png@w=300’ saved [64188/64188]

--2026-09-23 06:36:53--  https://utmccf.wordpress.com/wp-content/uploads/2022/08/2018.png?w=768
Reusing existing connection to utmccf.wordpress.com:443.
HTTP request sent, awaiting response... 200 OK
Length: 356244 (348K) [image/png]
Saving to: ‘utmccf.wordpress.com/wp-content/uploads/2022/08/2018.png@w=768’

     0K .......... .......... .......... .......... .......... 14%  110M 0s
    50K .......... .......... .......... .......... .......... 28% 4.51M 0s
   100K .......... .......... .......... .......... .......... 43% 6.48M 0s
   150K .......... .......... .......... .......... .......... 57% 10.2M 0s
   200K .......... .......... .......... .......... .......... 71%  115M 0s
   250K .......... .......... .......... .......... .......... 86% 33.2M 0s
   300K .......... .......... .......... .......... .......   100%  410M=0.03s

2026-09-23 06:36:54 (13.3 MB/s) - ‘utmccf.wordpress.com/wp-content/uploads/2022/08/2018.png@w=768’ saved [356244/356244]

--2026-09-23 06:36:54--  https://utmccf.wordpress.com/wp-content/uploads/2022/08/2018.png
Reusing existing connection to utmccf.wordpress.com:443.
HTTP request sent, awaiting response... 200 OK
Length: 1563454 (1.5M) [image/png]
Saving to: ‘utmccf.wordpress.com/wp-content/uploads/2022/08/2018.png’

     0K .......... .......... .......... .......... ..........  3%  118M 0s
    50K .......... .......... .......... .......... ..........  6% 8.84M 0s
   100K .......... .......... .......... .......... ..........  9% 8.01M 0s
   150K .......... .......... .......... .......... .......... 13% 9.17M 0s
   200K .......... .......... .......... .......... .......... 16%  104M 0s
   250K .......... .......... .......... .......... .......... 19% 10.6M 0s
   300K .......... .......... .......... .......... .......... 22% 11.9M 0s
   350K .......... .......... .......... .......... .......... 26% 14.3M 0s
   400K .......... .......... .......... .......... .......... 29% 25.3M 0s
   450K .......... .......... .......... .......... .......... 32%  376M 0s
   500K .......... .......... .......... .......... .......... 36% 27.8M 0s
   550K .......... .......... .......... .......... .......... 39% 26.1M 0s
   600K .......... .......... .......... .......... .......... 42% 37.3M 0s
   650K .......... .......... .......... .......... .......... 45%  103M 0s
   700K .......... .......... .......... .......... .......... 49% 27.2M 0s
   750K .......... .......... .......... .......... .......... 52% 31.4M 0s
   800K .......... .......... .......... .......... .......... 55% 28.8M 0s
   850K .......... .......... .......... .......... .......... 58% 43.2M 0s
   900K .......... .......... .......... .......... .......... 62% 98.0M 0s
   950K .......... .......... .......... .......... .......... 65% 21.3M 0s
  1000K .......... .......... .......... .......... .......... 68% 35.9M 0s
  1050K .......... .......... .......... .......... .......... 72% 64.7M 0s
  1100K .......... .......... .......... .......... .......... 75%  122M 0s
  1150K .......... .......... .......... .......... .......... 78% 24.4M 0s
  1200K .......... .......... .......... .......... .......... 81% 39.4M 0s
  1250K .......... .......... .......... .......... .......... 85% 59.4M 0s
  1300K .......... .......... .......... .......... .......... 88% 37.6M 0s
  1350K .......... .......... .......... .......... .......... 91%  139M 0s
  1400K .......... .......... .......... .......... .......... 94% 86.8M 0s
  1450K .......... .......... .......... .......... .......... 98%  130M 0s
  1500K .......... .......... ......                          100%  309M=0.06s

2026-09-23 06:36:54 (26.8 MB/s) - ‘utmccf.wordpress.com/wp-content/uploads/2022/08/2018.png’ saved [1563454/1563454]

--2026-09-23 06:36:54--  https://utmccf.wordpress.com/2022/08/25/2022-summer-%e6%b4%bb%e5%8a%a8%e6%80%bb%e9%9b%86/
Reusing existing connection to utmccf.wordpress.com:443.
HTTP request sent, awaiting response... 200 OK
Length: unspecified [text/html]
Saving to: ‘utmccf.wordpress.com/2022/08/25/2022-summer-活动总集/index.html’

     0K .......... .......... .......... .......... ..........  117M
    50K .......... .......... .......... .......... .......... 52.2M
   100K .......... .......... .......... .......... ....        527M=0.001s

Last-modified header missing -- time-stamps turned off.
2026-09-23 06:36:54 (98.6 MB/s) - ‘utmccf.wordpress.com/2022/08/25/2022-summer-活动总集/index.html’ saved [148457]

--2026-09-23 06:36:54--  https://utmccf.wordpress.com/wp-content/uploads/2022/08/2018-1.png?w=1024
Reusing existing connection to utmccf.wordpress.com:443.
HTTP request sent, awaiting response... 200 OK
Length: 39361 (38K) [image/png]
Saving to: ‘utmccf.wordpress.com/wp-content/uploads/2022/08/2018-1.png@w=1024’

     0K .......... .......... .......... ........             100%  457M=0s

2026-09-23 06:36:54 (457 MB/s) - ‘utmccf.wordpress.com/wp-content/uploads/2022/08/2018-1.png@w=1024’ saved [39361/39361]

--2026-09-23 06:36:54--  https://utmccf.wordpress.com/wp-content/uploads/2022/08/2018-1.png?w=150
Reusing existing connection to utmccf.wordpress.com:443.
HTTP request sent, awaiting response... 200 OK
Length: 4198 (4.1K) [image/png]
Saving to: ‘utmccf.wordpress.com/wp-content/uploads/2022/08/2018-1.png@w=150’

     0K ....                                                  100% 11.8G=0s

2026-09-23 06:36:55 (11.8 GB/s) - ‘utmccf.wordpress.com/wp-content/uploads/2022/08/2018-1.png@w=150’ saved [4198/4198]

--2026-09-23 06:36:55--  https://utmccf.wordpress.com/wp-content/uploads/2022/08/2018-1.png?w=300
Reusing existing connection to utmccf.wordpress.com:443.
HTTP request sent, awaiting response... 200 OK
Length: 8806 (8.6K) [image/png]
Saving to: ‘utmccf.wordpress.com/wp-content/uploads/2022/08/2018-1.png@w=300’

     0K ........                                              100% 22.1G=0s

2026-09-23 06:36:55 (22.1 GB/s) - ‘utmccf.wordpress.com/wp-content/uploads/2022/08/2018-1.png@w=300’ saved [8806/8806]

--2026-09-23 06:36:55--  https://utmccf.wordpress.com/wp-content/uploads/2022/08/2018-1.png?w=768
Reusing existing connection to utmccf.wordpress.com:443.
HTTP request sent, awaiting response... 200 OK
Length: 27181 (27K) [image/png]
Saving to: ‘utmccf.wordpress.com/wp-content/uploads/2022/08/2018-1.png@w=768’

     0K .......... .......... ......                          100%  578M=0s

2026-09-23 06:36:55 (578 MB/s) - ‘utmccf.wordpress.com/wp-content/uploads/2022/08/2018-1.png@w=768’ saved [27181/27181]

--2026-09-23 06:36:55--  https://utmccf.wordpress.com/wp-content/uploads/2022/08/2018-1.png
Reusing existing connection to utmccf.wordpress.com:443.
HTTP request sent, awaiting response... 200 OK
Length: 58565 (57K) [image/png]
Saving to: ‘utmccf.wordpress.com/wp-content/uploads/2022/08/2018-1.png’

     0K .......... .......... .......... .......... .......... 87%  274M 0s
    50K .......                                               100% 13.4T=0s

2026-09-23 06:36:55 (313 MB/s) - ‘utmccf.wordpress.com/wp-content/uploads/2022/08/2018-1.png’ saved [58565/58565]

--2026-09-23 06:36:55--  https://utmccf.wordpress.com/2025/
Reusing existing connection to utmccf.wordpress.com:443.
HTTP request sent, awaiting response... 200 OK
Length: unspecified [text/html]
Saving to: ‘utmccf.wordpress.com/2025/index.html’

     0K .......... .......... .......... .......... ..........  128M
    50K .......... .......... .......... .......... ..........  103M
   100K .......... .........                                    508M=0.001s

Last-modified header missing -- time-stamps turned off.
2026-09-23 06:36:55 (130 MB/s) - ‘utmccf.wordpress.com/2025/index.html’ saved [122016]

--2026-09-23 06:36:55--  https://utmccf.wordpress.com/2024/
Reusing existing connection to utmccf.wordpress.com:443.
HTTP request sent, awaiting response... 200 OK
Length: unspecified [text/html]
Saving to: ‘utmccf.wordpress.com/2024/index.html’

     0K .......... .......... .......... .......... ..........  199M
    50K .......... .......... .......... .......... ..........  208M
   100K                                                         358G=0s

Last-modified header missing -- time-stamps turned off.
2026-09-23 06:36:55 (204 MB/s) - ‘utmccf.wordpress.com/2024/index.html’ saved [102592]

--2026-09-23 06:36:55--  https://utmccf.wordpress.com/2023/
Reusing existing connection to utmccf.wordpress.com:443.
HTTP request sent, awaiting response... 200 OK
Length: unspecified [text/html]
Saving to: ‘utmccf.wordpress.com/2023/index.html’

     0K .......... .......... .......... .......... ..........  249M
    50K .......... .......... .......... .......... ..........  133M
   100K .......... ..........                                   528M=0.001s

Last-modified header missing -- time-stamps turned off.
2026-09-23 06:36:55 (196 MB/s) - ‘utmccf.wordpress.com/2023/index.html’ saved [123569]

--2026-09-23 06:36:55--  https://utmccf.wordpress.com/2022/
Reusing existing connection to utmccf.wordpress.com:443.
HTTP request sent, awaiting response... 200 OK
Length: unspecified [text/html]
Saving to: ‘utmccf.wordpress.com/2022/index.html’

     0K .......... .......... .......... .......... ..........  117M
    50K .......... .......... .......... .......... ..........  157M
   100K .......... .......... .......... .......... ..........  142M
   150K .......                                                14.8T=0.001s

Last-modified header missing -- time-stamps turned off.
2026-09-23 06:36:55 (144 MB/s) - ‘utmccf.wordpress.com/2022/index.html’ saved [161763]

--2026-09-23 06:36:55--  https://utmccf.wordpress.com/2014/
Reusing existing connection to utmccf.wordpress.com:443.
HTTP request sent, awaiting response... 200 OK
Length: unspecified [text/html]
Saving to: ‘utmccf.wordpress.com/2014/index.html’

     0K .......... .......... .......... .......... ..........  178M
    50K .......... .......... .......... ..........             201M=0s

Last-modified header missing -- time-stamps turned off.
2026-09-23 06:36:55 (188 MB/s) - ‘utmccf.wordpress.com/2014/index.html’ saved [92721]

--2026-09-23 06:36:55--  https://utmccf.wordpress.com/2013/
Reusing existing connection to utmccf.wordpress.com:443.
HTTP request sent, awaiting response... 200 OK
Length: unspecified [text/html]
Saving to: ‘utmccf.wordpress.com/2013/index.html’

     0K .......... .......... .......... .......... ..........  384M
    50K .......... .......... .......... .......... ..........  189M
   100K .......... .......... .......... .......... ..........  139M
   150K .......... ....                                         105M=0.001s

Last-modified header missing -- time-stamps turned off.
2026-09-23 06:36:55 (185 MB/s) - ‘utmccf.wordpress.com/2013/index.html’ saved [167973]

--2026-09-23 06:36:55--  https://utmccf.wordpress.com/2012/
Reusing existing connection to utmccf.wordpress.com:443.
HTTP request sent, awaiting response... 200 OK
Length: unspecified [text/html]
Saving to: ‘utmccf.wordpress.com/2012/index.html’

     0K .......... .......... .......... .......... ..........  218M
    50K .......... .......... .......... .......... ..........  171M
   100K .......... .......... .......... .......... ..........  162M
   150K .......... .......... .......... .......... ..          169M=0.001s

Last-modified header missing -- time-stamps turned off.
2026-09-23 06:36:55 (178 MB/s) - ‘utmccf.wordpress.com/2012/index.html’ saved [197273]

--2026-09-23 06:36:55--  https://utmccf.wordpress.com/2011/
Reusing existing connection to utmccf.wordpress.com:443.
HTTP request sent, awaiting response... 200 OK
Length: unspecified [text/html]
Saving to: ‘utmccf.wordpress.com/2011/index.html’

     0K .......... .......... .......... .......... ..........  205M
    50K .......... .......... .......... .......... .......... 83.4M
   100K .......... .......... .......... .......... ..........  186M
   150K .......... .......... .......... .......... ..          138M=0.001s

Last-modified header missing -- time-stamps turned off.
2026-09-23 06:36:55 (136 MB/s) - ‘utmccf.wordpress.com/2011/index.html’ saved [197561]

--2026-09-23 06:36:55--  https://utmccf.wordpress.com/2010/
Reusing existing connection to utmccf.wordpress.com:443.
HTTP request sent, awaiting response... 200 OK
Length: unspecified [text/html]
Saving to: ‘utmccf.wordpress.com/2010/index.html’

     0K .......... .......... .......... .......... ..........  151M
    50K .......... .......... .......... .......... .......... 43.1M
   100K .......... .......... .......... .......... .......... 73.5M
   150K .......... .......... .......... .......... .......... 26.5M
   200K .......... ....                                        44.7M=0.004s

Last-modified header missing -- time-stamps turned off.
2026-09-23 06:36:55 (48.9 MB/s) - ‘utmccf.wordpress.com/2010/index.html’ saved [219431]

--2026-09-23 06:36:55--  https://utmccf.wordpress.com/2009/
Reusing existing connection to utmccf.wordpress.com:443.
HTTP request sent, awaiting response... 200 OK
Length: unspecified [text/html]
Saving to: ‘utmccf.wordpress.com/2009/index.html’

     0K .......... .......... .......... .......... ..........  163M
    50K .......... .......... .......... .......... ..........  148M
   100K .......... .......... .......... .......... ..........  150M
   150K .......... .......... .......... .......... .........   149M=0.001s

Last-modified header missing -- time-stamps turned off.
2026-09-23 06:36:55 (152 MB/s) - ‘utmccf.wordpress.com/2009/index.html’ saved [204383]

--2026-09-23 06:36:55--  https://utmccf.wordpress.com/2008/
Reusing existing connection to utmccf.wordpress.com:443.
HTTP request sent, awaiting response... 200 OK
Length: unspecified [text/html]
Saving to: ‘utmccf.wordpress.com/2008/index.html’

     0K .......... .......... .......... .......... ..........  212M
    50K .......... .......... .......... .......... ..........  149M
   100K .......... .........                                    454M=0.001s

Last-modified header missing -- time-stamps turned off.
2026-09-23 06:36:55 (194 MB/s) - ‘utmccf.wordpress.com/2008/index.html’ saved [122552]

The destination name is too long (365), reducing to 236
--2026-09-23 06:36:55--  https://utmccf.wordpress.com/_static/??-eJydktFuwyAMRX9oxGu1tdnDtE+ZCLiJE8A0hmT7+5Gp2apoqqo9gc251xcEzFEZDglDgsZxq6LLLQWBmUerrSjjtAgK9KWlk1PTvurlAa5kPv+KyLaYBDCXUx4IldMzJPTR6YSb/g0fR0OhzxkzdjpYh+MWXknDJbUZBPbVrq52SqjMQjXiVD2BJUlL8BVSjrUtXp7C1i916MvImBtAS2FRBT1RqxPxPbAMFJWjMKgTmyzqRB93qJb1xjP0mKI2w6UGzxzgnYKBJpOzYPTIWdD9cGvjrwte2a6YmqNhvyn/H0c6PWL5M/bze0uhveR486+7Y318eX6sD4f+C8dT6II=
Reusing existing connection to utmccf.wordpress.com:443.
HTTP request sent, awaiting response... 200 OK
Length: 116045 (113K) [application/javascript]
Saving to: ‘utmccf.wordpress.com/_static/index.html@%3F-eJydktFuwyAMRX9oxGu1tdnDtE+ZCLiJE8A0hmT7+5Gp2apoqqo9gc251xcEzFEZDglDgsZxq6LLLQWBmUerrSjjtAgK9KWlk1PTvurlAa5kPv+KyLaYBDCXUx4IldMzJPTR6YSb%2Fg0fR0OhzxkzdjpYh+MWXknDJbUZBPbVrq52SqjMQjXiVD2BJUlL8BVSjrUtXp7C1i916MvImBtAS2FRBT1’

     0K .......... .......... .......... .......... .......... 44%  368M 0s
    50K .......... .......... .......... .......... .......... 88%  468M 0s
   100K .......... ...                                        100%  410M=0s

2026-09-23 06:36:55 (412 MB/s) - ‘utmccf.wordpress.com/_static/index.html@%3F-eJydktFuwyAMRX9oxGu1tdnDtE+ZCLiJE8A0hmT7+5Gp2apoqqo9gc251xcEzFEZDglDgsZxq6LLLQWBmUerrSjjtAgK9KWlk1PTvurlAa5kPv+KyLaYBDCXUx4IldMzJPTR6YSb%2Fg0fR0OhzxkzdjpYh+MWXknDJbUZBPbVrq52SqjMQjXiVD2BJUlL8BVSjrUtXp7C1i916MvImBtAS2FRBT1’ saved [116045/116045]

--2026-09-23 06:36:55--  https://utmccf.wordpress.com/wp-content/uploads/2009/03/0101e33cbf3b486a539a92777d6bdb4dfe3731ed5b.jpg?w=1230&
Reusing existing connection to utmccf.wordpress.com:443.
HTTP request sent, awaiting response... 200 OK
Length: 165270 (161K) [image/jpeg]
Saving to: ‘utmccf.wordpress.com/wp-content/uploads/2009/03/0101e33cbf3b486a539a92777d6bdb4dfe3731ed5b.jpg@w=1230&’

     0K .......... .......... .......... .......... .......... 30%  400M 0s
    50K .......... .......... .......... .......... .......... 61% 9.00M 0s
   100K .......... .......... .......... .......... .......... 92%  118M 0s
   150K .......... .                                          100%  351M=0.006s

2026-09-23 06:36:55 (26.3 MB/s) - ‘utmccf.wordpress.com/wp-content/uploads/2009/03/0101e33cbf3b486a539a92777d6bdb4dfe3731ed5b.jpg@w=1230&’ saved [165270/165270]

--2026-09-23 06:36:55--  https://utmccf.wordpress.com/wp-content/uploads/2019/05/photo-1532153975070-2e9ab71f1b14-1-e1559020991794.jpg?w=1230&
Reusing existing connection to utmccf.wordpress.com:443.
HTTP request sent, awaiting response... 200 OK
Length: 88786 (87K) [image/jpeg]
Saving to: ‘utmccf.wordpress.com/wp-content/uploads/2019/05/photo-1532153975070-2e9ab71f1b14-1-e1559020991794.jpg@w=1230&’

     0K .......... .......... .......... .......... .......... 57%  137M 0s
    50K .......... .......... .......... ......               100%  416M=0s

2026-09-23 06:36:56 (191 MB/s) - ‘utmccf.wordpress.com/wp-content/uploads/2019/05/photo-1532153975070-2e9ab71f1b14-1-e1559020991794.jpg@w=1230&’ saved [88786/88786]

--2026-09-23 06:36:56--  https://utmccf.wordpress.com/wp-content/uploads/2022/08/mccf-constitution-revised.pdf
Reusing existing connection to utmccf.wordpress.com:443.
HTTP request sent, awaiting response... 200 OK
Length: 179299 (175K) [application/pdf]
Saving to: ‘utmccf.wordpress.com/wp-content/uploads/2022/08/mccf-constitution-revised.pdf’

     0K .......... .......... .......... .......... .......... 28%  359M 0s
    50K .......... .......... .......... .......... .......... 57% 20.7M 0s
   100K .......... .......... .......... .......... .......... 85%  119M 0s
   150K .......... .......... .....                           100%  686M=0.003s

2026-09-23 06:36:56 (58.2 MB/s) - ‘utmccf.wordpress.com/wp-content/uploads/2022/08/mccf-constitution-revised.pdf’ saved [179299/179299]

--2026-09-23 06:36:56--  https://utmccf.wordpress.com/wp-content/uploads/2019/05/photo-1533749047139-189de3cf06d3.jpg?w=1230&
Reusing existing connection to utmccf.wordpress.com:443.
HTTP request sent, awaiting response... 200 OK
Length: 225311 (220K) [image/jpeg]
Saving to: ‘utmccf.wordpress.com/wp-content/uploads/2019/05/photo-1533749047139-189de3cf06d3.jpg@w=1230&’

     0K .......... .......... .......... .......... .......... 22%  274M 0s
    50K .......... .......... .......... .......... .......... 45% 4.64M 0s
   100K .......... .......... .......... .......... .......... 68% 20.0M 0s
   150K .......... .......... .......... .......... .......... 90%  153M 0s
   200K .......... ..........                                 100%  493M=0.01s

2026-09-23 06:36:56 (15.9 MB/s) - ‘utmccf.wordpress.com/wp-content/uploads/2019/05/photo-1533749047139-189de3cf06d3.jpg@w=1230&’ saved [225311/225311]

--2026-09-23 06:36:56--  https://utmccf.wordpress.com/wp-content/uploads/2009/12/love.jpg
Reusing existing connection to utmccf.wordpress.com:443.
HTTP request sent, awaiting response... 200 OK
Length: 5310 (5.2K) [image/jpeg]
Saving to: ‘utmccf.wordpress.com/wp-content/uploads/2009/12/love.jpg’

     0K .....                                                 100% 19.0G=0s

2026-09-23 06:36:56 (19.0 GB/s) - ‘utmccf.wordpress.com/wp-content/uploads/2009/12/love.jpg’ saved [5310/5310]

--2026-09-23 06:36:56--  https://utmccf.wordpress.com/wp-content/uploads/2009/12/love.jpg?w=150&h=145
Reusing existing connection to utmccf.wordpress.com:443.
HTTP request sent, awaiting response... 200 OK
Length: 3517 (3.4K) [image/jpeg]
Saving to: ‘utmccf.wordpress.com/wp-content/uploads/2009/12/love.jpg@w=150&h=145’

     0K ...                                                   100% 20.5G=0s

2026-09-23 06:36:56 (20.5 GB/s) - ‘utmccf.wordpress.com/wp-content/uploads/2009/12/love.jpg@w=150&h=145’ saved [3517/3517]

--2026-09-23 06:36:56--  https://utmccf.wordpress.com/wp-content/uploads/2019/05/img_2084-2-e1559018438208.jpg?w=1230&
Reusing existing connection to utmccf.wordpress.com:443.
HTTP request sent, awaiting response... 200 OK
Length: 86924 (85K) [image/jpeg]
Saving to: ‘utmccf.wordpress.com/wp-content/uploads/2019/05/img_2084-2-e1559018438208.jpg@w=1230&’

     0K .......... .......... .......... .......... .......... 58%  356M 0s
    50K .......... .......... .......... ....                 100%  143M=0s

2026-09-23 06:36:56 (220 MB/s) - ‘utmccf.wordpress.com/wp-content/uploads/2019/05/img_2084-2-e1559018438208.jpg@w=1230&’ saved [86924/86924]

--2026-09-23 06:36:56--  https://utmccf.wordpress.com/wp-content/uploads/2025/09/whatsapp-image-2025-09-22-at-16.28.39.jpeg
Reusing existing connection to utmccf.wordpress.com:443.
HTTP request sent, awaiting response... 200 OK
Length: 121221 (118K) [image/jpeg]
Saving to: ‘utmccf.wordpress.com/wp-content/uploads/2025/09/whatsapp-image-2025-09-22-at-16.28.39.jpeg’

     0K .......... .......... .......... .......... .......... 42%  392M 0s
    50K .......... .......... .......... .......... .......... 84%  175M 0s
   100K .......... ........                                   100%  102M=0.001s

2026-09-23 06:36:57 (199 MB/s) - ‘utmccf.wordpress.com/wp-content/uploads/2025/09/whatsapp-image-2025-09-22-at-16.28.39.jpeg’ saved [121221/121221]

--2026-09-23 06:36:57--  https://utmccf.wordpress.com/wp-content/uploads/2025/09/whatsapp-image-2025-09-22-at-16.28.39.jpeg?w=585
Reusing existing connection to utmccf.wordpress.com:443.
HTTP request sent, awaiting response... 200 OK
Length: 52118 (51K) [image/jpeg]
Saving to: ‘utmccf.wordpress.com/wp-content/uploads/2025/09/whatsapp-image-2025-09-22-at-16.28.39.jpeg@w=585’

     0K .......... .......... .......... .......... .......... 98%  317M 0s
    50K                                                       100% 1.67T=0s

2026-09-23 06:36:57 (322 MB/s) - ‘utmccf.wordpress.com/wp-content/uploads/2025/09/whatsapp-image-2025-09-22-at-16.28.39.jpeg@w=585’ saved [52118/52118]

--2026-09-23 06:36:57--  https://utmccf.wordpress.com/wp-content/uploads/2025/09/whatsapp-image-2025-09-22-at-16.28.39.jpeg?w=86
Reusing existing connection to utmccf.wordpress.com:443.
HTTP request sent, awaiting response... 200 OK
Length: 2649 (2.6K) [image/jpeg]
Saving to: ‘utmccf.wordpress.com/wp-content/uploads/2025/09/whatsapp-image-2025-09-22-at-16.28.39.jpeg@w=86’

     0K ..                                                    100% 12.3G=0s

2026-09-23 06:36:57 (12.3 GB/s) - ‘utmccf.wordpress.com/wp-content/uploads/2025/09/whatsapp-image-2025-09-22-at-16.28.39.jpeg@w=86’ saved [2649/2649]

--2026-09-23 06:36:57--  https://utmccf.wordpress.com/wp-content/uploads/2025/09/whatsapp-image-2025-09-22-at-16.28.39.jpeg?w=171
Reusing existing connection to utmccf.wordpress.com:443.
HTTP request sent, awaiting response... 200 OK
Length: 7043 (6.9K) [image/jpeg]
Saving to: ‘utmccf.wordpress.com/wp-content/uploads/2025/09/whatsapp-image-2025-09-22-at-16.28.39.jpeg@w=171’

     0K ......                                                100% 34.5G=0s

2026-09-23 06:36:57 (34.5 GB/s) - ‘utmccf.wordpress.com/wp-content/uploads/2025/09/whatsapp-image-2025-09-22-at-16.28.39.jpeg@w=171’ saved [7043/7043]

--2026-09-23 06:36:57--  https://utmccf.wordpress.com/wp-content/uploads/2025/09/whatsapp-image-2025-09-22-at-16.28.39.jpeg?w=768
Reusing existing connection to utmccf.wordpress.com:443.
HTTP request sent, awaiting response... 200 OK
Length: 82851 (81K) [image/jpeg]
Saving to: ‘utmccf.wordpress.com/wp-content/uploads/2025/09/whatsapp-image-2025-09-22-at-16.28.39.jpeg@w=768’

     0K .......... .......... .......... .......... .......... 61%  315M 0s
    50K .......... .......... ..........                      100%  171M=0s

2026-09-23 06:36:57 (238 MB/s) - ‘utmccf.wordpress.com/wp-content/uploads/2025/09/whatsapp-image-2025-09-22-at-16.28.39.jpeg@w=768’ saved [82851/82851]

--2026-09-23 06:36:57--  https://utmccf.wordpress.com/wp-content/uploads/2025/09/whatsapp-image-2025-08-31-at-20.53.39-1.jpeg
Reusing existing connection to utmccf.wordpress.com:443.
HTTP request sent, awaiting response... 200 OK
Length: 320485 (313K) [image/jpeg]
Saving to: ‘utmccf.wordpress.com/wp-content/uploads/2025/09/whatsapp-image-2025-08-31-at-20.53.39-1.jpeg’

     0K .......... .......... .......... .......... .......... 15%  351M 0s
    50K .......... .......... .......... .......... .......... 31%  390K 0s
   100K .......... .......... .......... .......... .......... 47% 3.30M 0s
   150K .......... .......... .......... .......... .......... 63% 8.90M 0s
   200K .......... .......... .......... .......... .......... 79%  139M 0s
   250K .......... .......... .......... .......... .......... 95%  194M 0s
   300K .......... ..                                         100%  244M=0.1s

2026-09-23 06:36:57 (2.05 MB/s) - ‘utmccf.wordpress.com/wp-content/uploads/2025/09/whatsapp-image-2025-08-31-at-20.53.39-1.jpeg’ saved [320485/320485]

--2026-09-23 06:36:57--  https://utmccf.wordpress.com/wp-content/uploads/2025/09/whatsapp-image-2025-08-31-at-20.53.39-1.jpeg?w=768
Reusing existing connection to utmccf.wordpress.com:443.
HTTP request sent, awaiting response... 200 OK
Length: 111501 (109K) [image/jpeg]
Saving to: ‘utmccf.wordpress.com/wp-content/uploads/2025/09/whatsapp-image-2025-08-31-at-20.53.39-1.jpeg@w=768’

     0K .......... .......... .......... .......... .......... 45%  293M 0s
    50K .......... .......... .......... .......... .......... 91%  220M 0s
   100K ........                                              100% 16.6T=0s

2026-09-23 06:36:58 (274 MB/s) - ‘utmccf.wordpress.com/wp-content/uploads/2025/09/whatsapp-image-2025-08-31-at-20.53.39-1.jpeg@w=768’ saved [111501/111501]

--2026-09-23 06:36:58--  https://utmccf.wordpress.com/wp-content/uploads/2025/09/whatsapp-image-2025-08-31-at-20.53.39-1.jpeg?w=113
Reusing existing connection to utmccf.wordpress.com:443.
HTTP request sent, awaiting response... 200 OK
Length: 6016 (5.9K) [image/jpeg]
Saving to: ‘utmccf.wordpress.com/wp-content/uploads/2025/09/whatsapp-image-2025-08-31-at-20.53.39-1.jpeg@w=113’

     0K .....                                                 100% 20.7G=0s

2026-09-23 06:36:58 (20.7 GB/s) - ‘utmccf.wordpress.com/wp-content/uploads/2025/09/whatsapp-image-2025-08-31-at-20.53.39-1.jpeg@w=113’ saved [6016/6016]

--2026-09-23 06:36:58--  https://utmccf.wordpress.com/wp-content/uploads/2025/09/whatsapp-image-2025-08-31-at-20.53.39-1.jpeg?w=225
Reusing existing connection to utmccf.wordpress.com:443.
HTTP request sent, awaiting response... 200 OK
Length: 16784 (16K) [image/jpeg]
Saving to: ‘utmccf.wordpress.com/wp-content/uploads/2025/09/whatsapp-image-2025-08-31-at-20.53.39-1.jpeg@w=225’

     0K .......... ......                                     100%  433M=0s

2026-09-23 06:36:58 (433 MB/s) - ‘utmccf.wordpress.com/wp-content/uploads/2025/09/whatsapp-image-2025-08-31-at-20.53.39-1.jpeg@w=225’ saved [16784/16784]

--2026-09-23 06:36:58--  https://utmccf.wordpress.com/wp-content/uploads/2025/09/whatsapp-image-2025-08-31-at-20.53.39-1.jpeg?w=1440
Reusing existing connection to utmccf.wordpress.com:443.
HTTP request sent, awaiting response... 200 OK
Length: 280523 (274K) [image/jpeg]
Saving to: ‘utmccf.wordpress.com/wp-content/uploads/2025/09/whatsapp-image-2025-08-31-at-20.53.39-1.jpeg@w=1440’

     0K .......... .......... .......... .......... .......... 18%  282M 0s
    50K .......... .......... .......... .......... .......... 36% 9.05M 0s
   100K .......... .......... .......... .......... .......... 54%  661K 0s
   150K .......... .......... .......... .......... .......... 73% 2.69M 0s
   200K .......... .......... .......... .......... .......... 91%  253M 0s
   250K .......... .......... ...                             100%  110M=0.1s

2026-09-23 06:36:58 (2.68 MB/s) - ‘utmccf.wordpress.com/wp-content/uploads/2025/09/whatsapp-image-2025-08-31-at-20.53.39-1.jpeg@w=1440’ saved [280523/280523]

--2026-09-23 06:36:58--  https://utmccf.wordpress.com/wp-content/uploads/2026/08/image_20260812112507.jpg
Reusing existing connection to utmccf.wordpress.com:443.
HTTP request sent, awaiting response... 200 OK
Length: 2910339 (2.8M) [image/jpeg]
Saving to: ‘utmccf.wordpress.com/wp-content/uploads/2026/08/image_20260812112507.jpg’

     0K .......... .......... .......... .......... ..........  1%  381M 0s
    50K .......... .......... .......... .......... ..........  3% 4.23M 0s
   100K .......... .......... .......... .......... ..........  5% 5.33M 0s
   150K .......... .......... .......... .......... ..........  7% 8.42M 0s
   200K .......... .......... .......... .......... ..........  8%  191M 0s
   250K .......... .......... .......... .......... .......... 10% 10.3M 0s
   300K .......... .......... .......... .......... .......... 12% 14.9M 0s
   350K .......... .......... .......... .......... .......... 14% 12.9M 0s
   400K .......... .......... .......... .......... .......... 15% 14.4M 0s
   450K .......... .......... .......... .......... .......... 17%  185M 0s
   500K .......... .......... .......... .......... .......... 19% 24.8M 0s
   550K .......... .......... .......... .......... .......... 21% 19.6M 0s
   600K .......... .......... .......... .......... .......... 22% 17.3M 0s
   650K .......... .......... .......... .......... .......... 24%  176M 0s
   700K .......... .......... .......... .......... .......... 26% 25.3M 0s
   750K .......... .......... .......... .......... .......... 28% 23.4M 0s
   800K .......... .......... .......... .......... .......... 29% 41.8M 0s
   850K .......... .......... .......... .......... .......... 31% 30.4M 0s
   900K .......... .......... .......... .......... .......... 33%  215M 0s
   950K .......... .......... .......... .......... .......... 35% 40.8M 0s
  1000K .......... .......... .......... .......... .......... 36% 25.9M 0s
  1050K .......... .......... .......... .......... .......... 38% 22.3M 0s
  1100K .......... .......... .......... .......... .......... 40%  340M 0s
  1150K .......... .......... .......... .......... .......... 42% 95.5M 0s
  1200K .......... .......... .......... .......... .......... 43% 33.1M 0s
  1250K .......... .......... .......... .......... .......... 45% 45.5M 0s
  1300K .......... .......... .......... .......... .......... 47% 71.8M 0s
  1350K .......... .......... .......... .......... .......... 49%  178M 0s
  1400K .......... .......... .......... .......... .......... 51% 33.7M 0s
  1450K .......... .......... .......... .......... .......... 52% 44.7M 0s
  1500K .......... .......... .......... .......... .......... 54% 98.1M 0s
  1550K .......... .......... .......... .......... .......... 56% 86.0M 0s
  1600K .......... .......... .......... .......... .......... 58%  184M 0s
  1650K .......... .......... .......... .......... .......... 59% 42.3M 0s
  1700K .......... .......... .......... .......... .......... 61% 29.9M 0s
  1750K .......... .......... .......... .......... .......... 63% 58.5M 0s
  1800K .......... .......... .......... .......... .......... 65%  276M 0s
  1850K .......... .......... .......... .......... .......... 66%  101M 0s
  1900K .......... .......... .......... .......... .......... 68% 51.3M 0s
  1950K .......... .......... .......... .......... .......... 70%  138M 0s
  2000K .......... .......... .......... .......... .......... 72%  108M 0s
  2050K .......... .......... .......... .......... .......... 73%  195M 0s
  2100K .......... .......... .......... .......... .......... 75% 40.9M 0s
  2150K .......... .......... .......... .......... .......... 77% 84.7M 0s
  2200K .......... .......... .......... .......... .......... 79% 82.8M 0s
  2250K .......... .......... .......... .......... .......... 80%  120M 0s
  2300K .......... .......... .......... .......... .......... 82%  283M 0s
  2350K .......... .......... .......... .......... .......... 84% 39.8M 0s
  2400K .......... .......... .......... .......... .......... 86%  128M 0s
  2450K .......... .......... .......... .......... .......... 87% 52.9M 0s
  2500K .......... .......... .......... .......... .......... 89%  184M 0s
  2550K .......... .......... .......... .......... .......... 91%  110M 0s
  2600K .......... .......... .......... .......... .......... 93%  106M 0s
  2650K .......... .......... .......... .......... .......... 94% 92.7M 0s
  2700K .......... .......... .......... .......... .......... 96%  264M 0s
  2750K .......... .......... .......... .......... .......... 98%  115M 0s
  2800K .......... .......... .......... .......... ..        100%  474M=0.08s

2026-09-23 06:36:58 (32.9 MB/s) - ‘utmccf.wordpress.com/wp-content/uploads/2026/08/image_20260812112507.jpg’ saved [2910339/2910339]

--2026-09-23 06:36:58--  https://utmccf.wordpress.com/wp-content/uploads/2026/08/image_20260812112507.jpg?w=646
Reusing existing connection to utmccf.wordpress.com:443.
HTTP request sent, awaiting response... 200 OK
Length: 90460 (88K) [image/jpeg]
Saving to: ‘utmccf.wordpress.com/wp-content/uploads/2026/08/image_20260812112507.jpg@w=646’

     0K .......... .......... .......... .......... .......... 56%  360M 0s
    50K .......... .......... .......... ........             100%  282M=0s

2026-09-23 06:36:59 (321 MB/s) - ‘utmccf.wordpress.com/wp-content/uploads/2026/08/image_20260812112507.jpg@w=646’ saved [90460/90460]

--2026-09-23 06:36:59--  https://utmccf.wordpress.com/wp-content/uploads/2026/08/image_20260812112507.jpg?w=1292
Reusing existing connection to utmccf.wordpress.com:443.
HTTP request sent, awaiting response... 200 OK
Length: 276929 (270K) [image/jpeg]
Saving to: ‘utmccf.wordpress.com/wp-content/uploads/2026/08/image_20260812112507.jpg@w=1292’

     0K .......... .......... .......... .......... .......... 18%  384M 0s
    50K .......... .......... .......... .......... .......... 36% 5.27M 0s
   100K .......... .......... .......... .......... .......... 55% 5.28M 0s
   150K .......... .......... .......... .......... .......... 73%  129M 0s
   200K .......... .......... .......... .......... .......... 92%  555M 0s
   250K .......... ..........                                 100%  549M=0.02s

2026-09-23 06:36:59 (13.8 MB/s) - ‘utmccf.wordpress.com/wp-content/uploads/2026/08/image_20260812112507.jpg@w=1292’ saved [276929/276929]

--2026-09-23 06:36:59--  https://utmccf.wordpress.com/wp-content/uploads/2026/08/image_20260812112507.jpg?w=95
Reusing existing connection to utmccf.wordpress.com:443.
HTTP request sent, awaiting response... 200 OK
Length: 5050 (4.9K) [image/jpeg]
Saving to: ‘utmccf.wordpress.com/wp-content/uploads/2026/08/image_20260812112507.jpg@w=95’

     0K ....                                                  100% 16.8G=0s

2026-09-23 06:36:59 (16.8 GB/s) - ‘utmccf.wordpress.com/wp-content/uploads/2026/08/image_20260812112507.jpg@w=95’ saved [5050/5050]

--2026-09-23 06:36:59--  https://utmccf.wordpress.com/wp-content/uploads/2026/08/image_20260812112507.jpg?w=189
Reusing existing connection to utmccf.wordpress.com:443.
HTTP request sent, awaiting response... 200 OK
Length: 13709 (13K) [image/jpeg]
Saving to: ‘utmccf.wordpress.com/wp-content/uploads/2026/08/image_20260812112507.jpg@w=189’

     0K .......... ...                                        100% 35.5G=0s

2026-09-23 06:36:59 (35.5 GB/s) - ‘utmccf.wordpress.com/wp-content/uploads/2026/08/image_20260812112507.jpg@w=189’ saved [13709/13709]

--2026-09-23 06:36:59--  https://utmccf.wordpress.com/wp-content/uploads/2026/08/image_20260812112507.jpg?w=768
Reusing existing connection to utmccf.wordpress.com:443.
HTTP request sent, awaiting response... 200 OK
Length: 118811 (116K) [image/jpeg]
Saving to: ‘utmccf.wordpress.com/wp-content/uploads/2026/08/image_20260812112507.jpg@w=768’

     0K .......... .......... .......... .......... .......... 43%  240M 0s
    50K .......... .......... .......... .......... .......... 86%  188M 0s
   100K .......... ......                                     100%  452M=0s

2026-09-23 06:37:00 (227 MB/s) - ‘utmccf.wordpress.com/wp-content/uploads/2026/08/image_20260812112507.jpg@w=768’ saved [118811/118811]

--2026-09-23 06:37:00--  https://utmccf.wordpress.com/committee-%e5%a7%94%e5%91%98%e4%bc%9a-0809/
Reusing existing connection to utmccf.wordpress.com:443.
HTTP request sent, awaiting response... 200 OK
Length: unspecified [text/html]
Saving to: ‘utmccf.wordpress.com/committee-委员会-0809/index.html’

     0K .......... .......... .......... .......... ..........  198M
    50K .......... .......... .......... .......... ..........  230M
   100K .......... .......... .......... .......... ..........  117M
   150K .......... ....                                         459M=0.001s

Last-modified header missing -- time-stamps turned off.
2026-09-23 06:37:00 (177 MB/s) - ‘utmccf.wordpress.com/committee-委员会-0809/index.html’ saved [168538]

The destination name is too long (351), reducing to 236
--2026-09-23 06:37:00--  https://utmccf.wordpress.com/_static/??-eJyNkN1OwzAMhV8I12oHYjeIR0Fp4nVunR/qpOXxSSUKU4WmXUU+/s6xHVwT2BgyhYy9xAGSlIGD4hpnZ5yCFaNKimOVTBZYumbUJ7yx+fJnYjdQVqRSu3FiAjErZvJJTKaDfidHeKr0Z6FCVxOc0HyEd9LGurWdFLumPTctKNdZBDMtzTM61rwtvkMg0bia5Tkc8/KVfB2ZSo/kOGyuYBYeTOb4CKwTJxAOE1yiLQoX/nrAtb13vmGknIydfmr0MQb84GCxLywOrZljUZJfbhf+O/AmdsdgTTb6Q1l97/6tfT2/dN3p1J7Hbzkkyis=
Reusing existing connection to utmccf.wordpress.com:443.
HTTP request sent, awaiting response... 200 OK
Length: 106465 (104K) [application/javascript]
Saving to: ‘utmccf.wordpress.com/_static/index.html@%3F-eJyNkN1OwzAMhV8I12oHYjeIR0Fp4nVunR%2FqpOXxSSUKU4WmXUU+%2Fs6xHVwT2BgyhYy9xAGSlIGD4hpnZ5yCFaNKimOVTBZYumbUJ7yx+fJnYjdQVqRSu3FiAjErZvJJTKaDfidHeKr0Z6FCVxOc0HyEd9LGurWdFLumPTctKNdZBDMtzTM61rwtvkMg0bia5Tkc8%2FKVfB2ZSo%2FkOGyuY’

     0K .......... .......... .......... .......... .......... 48%  265M 0s
    50K .......... .......... .......... .......... .......... 96%  352M 0s
   100K ...                                                   100% 7.39T=0s

2026-09-23 06:37:00 (314 MB/s) - ‘utmccf.wordpress.com/_static/index.html@%3F-eJyNkN1OwzAMhV8I12oHYjeIR0Fp4nVunR%2FqpOXxSSUKU4WmXUU+%2Fs6xHVwT2BgyhYy9xAGSlIGD4hpnZ5yCFaNKimOVTBZYumbUJ7yx+fJnYjdQVqRSu3FiAjErZvJJTKaDfidHeKr0Z6FCVxOc0HyEd9LGurWdFLumPTctKNdZBDMtzTM61rwtvkMg0bia5Tkc8%2FKVfB2ZSo%2FkOGyuY’ saved [106465/106465]

--2026-09-23 06:37:00--  https://utmccf.wordpress.com/_static/??-eJx9jcEKg0AMRH+oaVhorR7Eb9E16IpZg8min2889FZ6GYbhPQYPgbhlo2zIBWQtU8qKcdvJd5be0AmmMfW0Ejv2jKoP/K0daZzIXNdvB6PzvyJ+A8MgO6mCJ6fCYLN/6e113IZXU9WfUL/DcgHSTkDo&cssminify=yes
Reusing existing connection to utmccf.wordpress.com:443.
HTTP request sent, awaiting response... 200 OK
Length: 1089 (1.1K) [text/css]
Saving to: ‘utmccf.wordpress.com/_static/index.html@%3F-eJx9jcEKg0AMRH+oaVhorR7Eb9E16IpZg8min2889FZ6GYbhPQYPgbhlo2zIBWQtU8qKcdvJd5be0AmmMfW0Ejv2jKoP%2FK0daZzIXNdvB6PzvyJ+A8MgO6mCJ6fCYLN%2F6e113IZXU9WfUL%2FDcgHSTkDo&cssminify=yes.css’

     0K .                                                     100% 6.76G=0s

2026-09-23 06:37:00 (6.76 GB/s) - ‘utmccf.wordpress.com/_static/index.html@%3F-eJx9jcEKg0AMRH+oaVhorR7Eb9E16IpZg8min2889FZ6GYbhPQYPgbhlo2zIBWQtU8qKcdvJd5be0AmmMfW0Ejv2jKoP%2FK0daZzIXNdvB6PzvyJ+A8MgO6mCJ6fCYLN%2F6e113IZXU9WfUL%2FDcgHSTkDo&cssminify=yes.css’ saved [1089/1089]

--2026-09-23 06:37:00--  https://utmccf.wordpress.com/wp-content/uploads/2018/11/cross-copy.jpg?w=1230&
Reusing existing connection to utmccf.wordpress.com:443.
HTTP request sent, awaiting response... 200 OK
Length: 36362 (36K) [image/jpeg]
Saving to: ‘utmccf.wordpress.com/wp-content/uploads/2018/11/cross-copy.jpg@w=1230&’

     0K .......... .......... .......... .....                100%  395M=0s

2026-09-23 06:37:00 (395 MB/s) - ‘utmccf.wordpress.com/wp-content/uploads/2018/11/cross-copy.jpg@w=1230&’ saved [36362/36362]

The destination name is too long (287), reducing to 236
--2026-09-23 06:37:00--  https://utmccf.wordpress.com/_static/??-eJyNkEFOAzEMRS9EakCiLQvEUZBn4mY8cZwwTjpw+6ZVJVAXVVe2v9+3vgxrcWPWSlphkBxckRZYDda8ePTmRkEzMpi7hFXc8XUz2xP8s6X2Z2IfqBpQ69scmZzgCpVSEax0o9+5Ixw7/d2o0YTqhZZbuE6UOlLaAORZz/EUjxywctYHYItcnLBGd8hjM3fgnwdc53on9ky14BivM6ScFb5YRxgaiwebcKH+VP97aVnDJl3ufaaPl91+9/72vN9u5xNX/pVu
Reusing existing connection to utmccf.wordpress.com:443.
HTTP request sent, awaiting response... 200 OK
Length: 85382 (83K) [application/javascript]
Saving to: ‘utmccf.wordpress.com/_static/index.html@%3F-eJyNkEFOAzEMRS9EakCiLQvEUZBn4mY8cZwwTjpw+6ZVJVAXVVe2v9+3vgxrcWPWSlphkBxckRZYDda8ePTmRkEzMpi7hFXc8XUz2xP8s6X2Z2IfqBpQ69scmZzgCpVSEax0o9+5Ixw7%2Fd2o0YTqhZZbuE6UOlLaAORZz%2FEUjxywctYHYItcnLBGd8hjM3fgnwdc53on9ky14BivM6ScFb5YR’

     0K .......... .......... .......... .......... .......... 59%  423M 0s
    50K .......... .......... .......... ...                  100%  499M=0s

2026-09-23 06:37:00 (451 MB/s) - ‘utmccf.wordpress.com/_static/index.html@%3F-eJyNkEFOAzEMRS9EakCiLQvEUZBn4mY8cZwwTjpw+6ZVJVAXVVe2v9+3vgxrcWPWSlphkBxckRZYDda8ePTmRkEzMpi7hFXc8XUz2xP8s6X2Z2IfqBpQ69scmZzgCpVSEax0o9+5Ixw7%2Fd2o0YTqhZZbuE6UOlLaAORZz%2FEUjxywctYHYItcnLBGd8hjM3fgnwdc53on9ky14BivM6ScFb5YR’ saved [85382/85382]

--2026-09-23 06:37:00--  https://utmccf.wordpress.com/wp-content/mu-plugins/jetpack-mu-wpcom-plugin/moon/jetpack_vendor/automattic/jetpack-mu-wpcom/src/build/verbum-comments/verbum-comments.css?m=1785895867i&cssminify=yes
Reusing existing connection to utmccf.wordpress.com:443.
HTTP request sent, awaiting response... 200 OK
Length: 37118 (36K) [text/css]
Saving to: ‘utmccf.wordpress.com/wp-content/mu-plugins/jetpack-mu-wpcom-plugin/moon/jetpack_vendor/automattic/jetpack-mu-wpcom/src/build/verbum-comments/verbum-comments.css@m=1785895867i&cssminify=yes.css’

     0K .......... .......... .......... ......               100%  413M=0s

Last-modified header missing -- time-stamps turned off.
2026-09-23 06:37:00 (413 MB/s) - ‘utmccf.wordpress.com/wp-content/mu-plugins/jetpack-mu-wpcom-plugin/moon/jetpack_vendor/automattic/jetpack-mu-wpcom/src/build/verbum-comments/verbum-comments.css@m=1785895867i&cssminify=yes.css’ saved [37118/37118]

--2026-09-23 06:37:00--  https://utmccf.wordpress.com/_static/??-eJx9jEsOwjAMBS9EcIuqdoU4i2msNKnzoXbI9ckO1AXbeTMPWjFrTkpJ4cnZmcLV+STQ8mHRilkZRUggdITK5n27BrnATxbrN/LWkQpQ7WvePRnGBkqxMCqd+J8f9nu3X5UqbZgs09HlR7yPyzxM0zyMS/gAPatD8g==
Reusing existing connection to utmccf.wordpress.com:443.
HTTP request sent, awaiting response... 200 OK
Length: 68571 (67K) [application/javascript]
Saving to: ‘utmccf.wordpress.com/_static/index.html@%3F-eJx9jEsOwjAMBS9EcIuqdoU4i2msNKnzoXbI9ckO1AXbeTMPWjFrTkpJ4cnZmcLV+STQ8mHRilkZRUggdITK5n27BrnATxbrN%2FLWkQpQ7WvePRnGBkqxMCqd+J8f9nu3X5UqbZgs09HlR7yPyzxM0zyMS%2FgAPatD8g==’

     0K .......... .......... .......... .......... .......... 74%  384M 0s
    50K .......... ......                                     100%  503M=0s

2026-09-23 06:37:00 (409 MB/s) - ‘utmccf.wordpress.com/_static/index.html@%3F-eJx9jEsOwjAMBS9EcIuqdoU4i2msNKnzoXbI9ckO1AXbeTMPWjFrTkpJ4cnZmcLV+STQ8mHRilkZRUggdITK5n27BrnATxbrN%2FLWkQpQ7WvePRnGBkqxMCqd+J8f9nu3X5UqbZgs09HlR7yPyzxM0zyMS%2FgAPatD8g==’ saved [68571/68571]

--2026-09-23 06:37:00--  https://utmccf.wordpress.com/wp-content/plugins/gutenberg-core/v23.9.1/build/scripts/hooks/index.min.js?m=1788785546i&ver=f0f188028580e8dc1255
Reusing existing connection to utmccf.wordpress.com:443.
HTTP request sent, awaiting response... 200 OK
Length: 5110 (5.0K) [application/javascript]
Saving to: ‘utmccf.wordpress.com/wp-content/plugins/gutenberg-core/v23.9.1/build/scripts/hooks/index.min.js@m=1788785546i&ver=f0f188028580e8dc1255’

     0K ....                                                  100% 24.9G=0s

2026-09-23 06:37:00 (24.9 GB/s) - ‘utmccf.wordpress.com/wp-content/plugins/gutenberg-core/v23.9.1/build/scripts/hooks/index.min.js@m=1788785546i&ver=f0f188028580e8dc1255’ saved [5110/5110]

--2026-09-23 06:37:00--  https://utmccf.wordpress.com/wp-content/plugins/gutenberg-core/v23.9.1/build/scripts/i18n/index.min.js?m=1788785546i&ver=1dfe7db3940c23ea9216
Reusing existing connection to utmccf.wordpress.com:443.
HTTP request sent, awaiting response... 200 OK
Length: 5794 (5.7K) [application/javascript]
Saving to: ‘utmccf.wordpress.com/wp-content/plugins/gutenberg-core/v23.9.1/build/scripts/i18n/index.min.js@m=1788785546i&ver=1dfe7db3940c23ea9216’

     0K .....                                                 100% 14.9G=0s

2026-09-23 06:37:00 (14.9 GB/s) - ‘utmccf.wordpress.com/wp-content/plugins/gutenberg-core/v23.9.1/build/scripts/i18n/index.min.js@m=1788785546i&ver=1dfe7db3940c23ea9216’ saved [5794/5794]

--2026-09-23 06:37:00--  https://utmccf.wordpress.com/wp-content/mu-plugins/jetpack-mu-wpcom-plugin/moon/jetpack_vendor/automattic/jetpack-mu-wpcom/src/build/verbum-comments/assets/dynamic-loader.js?m=1772518873i&minify=false&ver=8b5296f9195db92c42e4
Reusing existing connection to utmccf.wordpress.com:443.
HTTP request sent, awaiting response... 200 OK
Length: 442 [application/javascript]
Saving to: ‘utmccf.wordpress.com/wp-content/mu-plugins/jetpack-mu-wpcom-plugin/moon/jetpack_vendor/automattic/jetpack-mu-wpcom/src/build/verbum-comments/assets/dynamic-loader.js@m=1772518873i&minify=false&ver=8b5296f9195db92c42e4’

     0K                                                       100% 3.71G=0s

2026-09-23 06:37:00 (3.71 GB/s) - ‘utmccf.wordpress.com/wp-content/mu-plugins/jetpack-mu-wpcom-plugin/moon/jetpack_vendor/automattic/jetpack-mu-wpcom/src/build/verbum-comments/assets/dynamic-loader.js@m=1772518873i&minify=false&ver=8b5296f9195db92c42e4’ saved [442/442]

The destination name is too long (313), reducing to 236
--2026-09-23 06:37:00--  https://utmccf.wordpress.com/_static/??-eJyNkN1uwjAMhV9oqZkmfnYx7VGQSdLiNnGi2IHx9gsFqmkXiKtEx5+Pjw3nbGxi9aygRx+9QK4H8I4YRgHGEw2olLgb5Q2ewzJRNoF4Mn2yVUxPP48uYhuqa3zDbIqxOZjic7h0kV6xvr7/sVhNDnUgbq5eM9rJNOmcm/+9ADElfhT3J88uFcCqKaIq2aUNRbwKHCoFt4hiC2U1DhWfTMaJJHo1H90K9m3LRejLDLsXUv8NO3vcgsgRi3fo3GX+Eg/3Y33Hr/ftbvu5Xu02m/EXmkWnUg==
Reusing existing connection to utmccf.wordpress.com:443.
HTTP request sent, awaiting response... 200 OK
Length: 34390 (34K) [application/javascript]
Saving to: ‘utmccf.wordpress.com/_static/index.html@%3F-eJyNkN1uwjAMhV9oqZkmfnYx7VGQSdLiNnGi2IHx9gsFqmkXiKtEx5+Pjw3nbGxi9aygRx+9QK4H8I4YRgHGEw2olLgb5Q2ewzJRNoF4Mn2yVUxPP48uYhuqa3zDbIqxOZjic7h0kV6xvr7%2FsVhNDnUgbq5eM9rJNOmcm%2F+9ADElfhT3J88uFcCqKaIq2aUNRbwKHCoFt4hiC2U1DhWfTMaJJ’

     0K .......... .......... .......... ...                  100%  479M=0s

2026-09-23 06:37:00 (479 MB/s) - ‘utmccf.wordpress.com/_static/index.html@%3F-eJyNkN1uwjAMhV9oqZkmfnYx7VGQSdLiNnGi2IHx9gsFqmkXiKtEx5+Pjw3nbGxi9aygRx+9QK4H8I4YRgHGEw2olLgb5Q2ewzJRNoF4Mn2yVUxPP48uYhuqa3zDbIqxOZjic7h0kV6xvr7%2FsVhNDnUgbq5eM9rJNOmcm%2F+9ADElfhT3J88uFcCqKaIq2aUNRbwKHCoFt4hiC2U1DhWfTMaJJ’ saved [34390/34390]

--2026-09-23 06:37:00--  https://utmccf.wordpress.com/wp-content/mu-plugins/jetpack-plugin/moon/_inc/genericons/genericons/Genericons.eot
Reusing existing connection to utmccf.wordpress.com:443.
HTTP request sent, awaiting response... 200 OK
Length: 22374 (22K) [application/vnd.ms-fontobject]
Saving to: ‘utmccf.wordpress.com/wp-content/mu-plugins/jetpack-plugin/moon/_inc/genericons/genericons/Genericons.eot’

     0K .......... .......... .                               100%  549M=0s

2026-09-23 06:37:00 (549 MB/s) - ‘utmccf.wordpress.com/wp-content/mu-plugins/jetpack-plugin/moon/_inc/genericons/genericons/Genericons.eot’ saved [22374/22374]

--2026-09-23 06:37:00--  https://utmccf.wordpress.com/wp-content/mu-plugins/jetpack-plugin/moon/_inc/genericons/genericons/Genericons.eot?
Reusing existing connection to utmccf.wordpress.com:443.
HTTP request sent, awaiting response... 200 OK
Length: 22374 (22K) [application/vnd.ms-fontobject]
Saving to: ‘utmccf.wordpress.com/wp-content/mu-plugins/jetpack-plugin/moon/_inc/genericons/genericons/Genericons.eot@’

     0K .......... .......... .                               100%  564M=0s

2026-09-23 06:37:00 (564 MB/s) - ‘utmccf.wordpress.com/wp-content/mu-plugins/jetpack-plugin/moon/_inc/genericons/genericons/Genericons.eot@’ saved [22374/22374]

--2026-09-23 06:37:00--  https://utmccf.wordpress.com/wp-content/mu-plugins/jetpack-plugin/moon/_inc/genericons/genericons/Genericons.ttf
Reusing existing connection to utmccf.wordpress.com:443.
HTTP request sent, awaiting response... 200 OK
Length: 22188 (22K) [application/font-ttf]
Saving to: ‘utmccf.wordpress.com/wp-content/mu-plugins/jetpack-plugin/moon/_inc/genericons/genericons/Genericons.ttf’

     0K .......... .......... .                               100%  551M=0s

2026-09-23 06:37:00 (551 MB/s) - ‘utmccf.wordpress.com/wp-content/mu-plugins/jetpack-plugin/moon/_inc/genericons/genericons/Genericons.ttf’ saved [22188/22188]

--2026-09-23 06:37:00--  https://utmccf.wordpress.com/wp-content/mu-plugins/jetpack-plugin/moon/_inc/genericons/genericons/Genericons.svg
Reusing existing connection to utmccf.wordpress.com:443.
HTTP request sent, awaiting response... 200 OK
Length: 76980 (75K) [image/svg+xml]
Saving to: ‘utmccf.wordpress.com/wp-content/mu-plugins/jetpack-plugin/moon/_inc/genericons/genericons/Genericons.svg’

     0K .......... .......... .......... .......... .......... 66%  323M 0s
    50K .......... .......... .....                           100%  636M=0s

2026-09-23 06:37:00 (387 MB/s) - ‘utmccf.wordpress.com/wp-content/mu-plugins/jetpack-plugin/moon/_inc/genericons/genericons/Genericons.svg’ saved [76980/76980]

--2026-09-23 06:37:00--  https://utmccf.wordpress.com/_static/??-eJx9jFsKAjEMRTdkjfrh4Ie4ls40lE7TB01Kcfe2IooPJBC4yT0HWlZLioJRIFSVqVoXGZozFoUBa/8m71CRbiAYMmlBBpYr4XZh3sBvwYqS9eIfGUJKY5lKHS44JEblxPKR/inJeXyJ7+mrPlOyTyDo4lFctGrWBXr1/TLgSzjvp2l36nM4rjcgOmSg&cssminify=yes
Reusing existing connection to utmccf.wordpress.com:443.
HTTP request sent, awaiting response... 200 OK
Length: 21610 (21K) [text/css]
Saving to: ‘utmccf.wordpress.com/_static/index.html@%3F-eJx9jFsKAjEMRTdkjfrh4Ie4ls40lE7TB01Kcfe2IooPJBC4yT0HWlZLioJRIFSVqVoXGZozFoUBa%2F8m71CRbiAYMmlBBpYr4XZh3sBvwYqS9eIfGUJKY5lKHS44JEblxPKR%2FinJeXyJ7+mrPlOyTyDo4lFctGrWBXr1%2FTLgSzjvp2l36nM4rjcgOmSg&cssminify=yes.css’

     0K .......... .......... .                               100%  541M=0s

2026-09-23 06:37:00 (541 MB/s) - ‘utmccf.wordpress.com/_static/index.html@%3F-eJx9jFsKAjEMRTdkjfrh4Ie4ls40lE7TB01Kcfe2IooPJBC4yT0HWlZLioJRIFSVqVoXGZozFoUBa%2F8m71CRbiAYMmlBBpYr4XZh3sBvwYqS9eIfGUJKY5lKHS44JEblxPKR%2FinJeXyJ7+mrPlOyTyDo4lFctGrWBXr1%2FTLgSzjvp2l36nM4rjcgOmSg&cssminify=yes.css’ saved [21610/21610]

--2026-09-23 06:37:00--  https://utmccf.wordpress.com/_static/??-eJx1j80OwiAQhF/I7aa9FA/GRzEUCAGBRX6sfXtprKYmeppMZvJNBucIgkJRoaCvEF3VJmS0qkQurptHTxTwYoLAqRonMSnHi5IQKZf87TpvQmfzAXdg2zquQEz0WN5Zg7kqVV5De6sqLZvsAX9L4I1ObfTX2uRIf47MlCSXGYTjOb9Awke8D6tAoABaxtQQZ3/qR8bGI2NDb5+p8Gc7
Reusing existing connection to utmccf.wordpress.com:443.
HTTP request sent, awaiting response... 200 OK
Length: 114031 (111K) [application/javascript]
Saving to: ‘utmccf.wordpress.com/_static/index.html@%3F-eJx1j80OwiAQhF%2FI7aa9FA%2FGRzEUCAGBRX6sfXtprKYmeppMZvJNBucIgkJRoaCvEF3VJmS0qkQurptHTxTwYoLAqRonMSnHi5IQKZf87TpvQmfzAXdg2zquQEz0WN5Zg7kqVV5De6sqLZvsAX9L4I1ObfTX2uRIf47MlCSXGYTjOb9Awke8D6tAoABaxtQQZ3%2FqR8bGI2NDb5+p8Gc7’

     0K .......... .......... .......... .......... .......... 44%  366M 0s
    50K .......... .......... .......... .......... .......... 89%  293M 0s
   100K .......... .                                          100% 21.2T=0s

2026-09-23 06:37:00 (362 MB/s) - ‘utmccf.wordpress.com/_static/index.html@%3F-eJx1j80OwiAQhF%2FI7aa9FA%2FGRzEUCAGBRX6sfXtprKYmeppMZvJNBucIgkJRoaCvEF3VJmS0qkQurptHTxTwYoLAqRonMSnHi5IQKZf87TpvQmfzAXdg2zquQEz0WN5Zg7kqVV5De6sqLZvsAX9L4I1ObfTX2uRIf47MlCSXGYTjOb9Awke8D6tAoABaxtQQZ3%2FqR8bGI2NDb5+p8Gc7’ saved [114031/114031]

--2026-09-23 06:37:00--  https://utmccf.wordpress.com/author/utmccf/
Reusing existing connection to utmccf.wordpress.com:443.
HTTP request sent, awaiting response... 200 OK
Length: unspecified [text/html]
Saving to: ‘utmccf.wordpress.com/author/utmccf/index.html’

     0K .......... .......... .......... .......... ..........  590K
    50K .......... .......... .......... .......... .......... 44.5M
   100K .......... .......... .......... .......... ..........  139M
   150K .......... .......... .......... .......... ..........  126M
   200K .......... .......... .......... .......                109M=0.09s

Last-modified header missing -- time-stamps turned off.
2026-09-23 06:37:01 (2.66 MB/s) - ‘utmccf.wordpress.com/author/utmccf/index.html’ saved [242783]

--2026-09-23 06:37:01--  https://utmccf.wordpress.com/wp-content/uploads/2019/11/poster.jpg
Reusing existing connection to utmccf.wordpress.com:443.
HTTP request sent, awaiting response... 200 OK
Length: 156240 (153K) [image/jpeg]
Saving to: ‘utmccf.wordpress.com/wp-content/uploads/2019/11/poster.jpg’

     0K .......... .......... .......... .......... .......... 32% 4.35M 0s
    50K .......... .......... .......... .......... .......... 65%  354M 0s
   100K .......... .......... .......... .......... .......... 98% 3.52M 0s
   150K ..                                                    100% 4.80T=0.03s

2026-09-23 06:37:01 (5.90 MB/s) - ‘utmccf.wordpress.com/wp-content/uploads/2019/11/poster.jpg’ saved [156240/156240]

--2026-09-23 06:37:01--  https://utmccf.wordpress.com/wp-content/uploads/2019/11/poster.jpg?w=150&h=84
Reusing existing connection to utmccf.wordpress.com:443.
HTTP request sent, awaiting response... 200 OK
Length: 5033 (4.9K) [image/jpeg]
Saving to: ‘utmccf.wordpress.com/wp-content/uploads/2019/11/poster.jpg@w=150&h=84’

     0K ....                                                  100% 13.8G=0s

2026-09-23 06:37:02 (13.8 GB/s) - ‘utmccf.wordpress.com/wp-content/uploads/2019/11/poster.jpg@w=150&h=84’ saved [5033/5033]

--2026-09-23 06:37:02--  https://utmccf.wordpress.com/wp-content/uploads/2019/11/poster.jpg?w=300&h=169
Reusing existing connection to utmccf.wordpress.com:443.
HTTP request sent, awaiting response... 200 OK
Length: 15328 (15K) [image/jpeg]
Saving to: ‘utmccf.wordpress.com/wp-content/uploads/2019/11/poster.jpg@w=300&h=169’

     0K .......... ....                                       100% 40.7G=0s

2026-09-23 06:37:02 (40.7 GB/s) - ‘utmccf.wordpress.com/wp-content/uploads/2019/11/poster.jpg@w=300&h=169’ saved [15328/15328]

--2026-09-23 06:37:02--  https://utmccf.wordpress.com/wp-content/uploads/2019/11/poster.jpg?w=768&h=432
Reusing existing connection to utmccf.wordpress.com:443.
HTTP request sent, awaiting response... 200 OK
Length: 65796 (64K) [image/jpeg]
Saving to: ‘utmccf.wordpress.com/wp-content/uploads/2019/11/poster.jpg@w=768&h=432’

     0K .......... .......... .......... .......... .......... 77%  448M 0s
    50K .......... ....                                       100%  434M=0s

2026-09-23 06:37:02 (445 MB/s) - ‘utmccf.wordpress.com/wp-content/uploads/2019/11/poster.jpg@w=768&h=432’ saved [65796/65796]

--2026-09-23 06:37:02--  https://utmccf.wordpress.com/wp-content/uploads/2019/11/poster.jpg?w=1024&h=576
Reusing existing connection to utmccf.wordpress.com:443.
HTTP request sent, awaiting response... 200 OK
Length: 100259 (98K) [image/jpeg]
Saving to: ‘utmccf.wordpress.com/wp-content/uploads/2019/11/poster.jpg@w=1024&h=576’

     0K .......... .......... .......... .......... .......... 51%  165M 0s
    50K .......... .......... .......... .......... .......   100%  394M=0s

2026-09-23 06:37:02 (230 MB/s) - ‘utmccf.wordpress.com/wp-content/uploads/2019/11/poster.jpg@w=1024&h=576’ saved [100259/100259]

--2026-09-23 06:37:02--  https://utmccf.wordpress.com/wp-content/uploads/2019/11/20191115.png
Reusing existing connection to utmccf.wordpress.com:443.
HTTP request sent, awaiting response... 200 OK
Length: 1369281 (1.3M) [image/png]
Saving to: ‘utmccf.wordpress.com/wp-content/uploads/2019/11/20191115.png’

     0K .......... .......... .......... .......... ..........  3%  140M 0s
    50K .......... .......... .......... .......... ..........  7% 5.23M 0s
   100K .......... .......... .......... .......... .......... 11% 7.64M 0s
   150K .......... .......... .......... .......... .......... 14% 10.0M 0s
   200K .......... .......... .......... .......... .......... 18%  390M 0s
   250K .......... .......... .......... .......... .......... 22% 14.2M 0s
   300K .......... .......... .......... .......... .......... 26% 19.7M 0s
   350K .......... .......... .......... .......... .......... 29% 17.3M 0s
   400K .......... .......... .......... .......... .......... 33% 15.8M 0s
   450K .......... .......... .......... .......... .......... 37%  365M 0s
   500K .......... .......... .......... .......... .......... 41% 14.0M 0s
   550K .......... .......... .......... .......... .......... 44% 15.8M 0s
   600K .......... .......... .......... .......... .......... 48% 15.8M 0s
   650K .......... .......... .......... .......... .......... 52%  133M 0s
   700K .......... .......... .......... .......... .......... 56% 34.8M 0s
   750K .......... .......... .......... .......... .......... 59% 19.6M 0s
   800K .......... .......... .......... .......... .......... 63% 35.4M 0s
   850K .......... .......... .......... .......... .......... 67% 34.4M 0s
   900K .......... .......... .......... .......... .......... 71%  130M 0s
   950K .......... .......... .......... .......... .......... 74% 23.7M 0s
  1000K .......... .......... .......... .......... .......... 78% 36.7M 0s
  1050K .......... .......... .......... .......... .......... 82% 94.1M 0s
  1100K .......... .......... .......... .......... .......... 86%  128M 0s
  1150K .......... .......... .......... .......... .......... 89% 28.2M 0s
  1200K .......... .......... .......... .......... .......... 93% 59.0M 0s
  1250K .......... .......... .......... .......... .......... 97% 97.4M 0s
  1300K .......... .......... .......... .......              100%  452M=0.06s

2026-09-23 06:37:02 (22.7 MB/s) - ‘utmccf.wordpress.com/wp-content/uploads/2019/11/20191115.png’ saved [1369281/1369281]

--2026-09-23 06:37:02--  https://utmccf.wordpress.com/wp-content/uploads/2019/11/20191115.png?w=112&h=150
Reusing existing connection to utmccf.wordpress.com:443.
HTTP request sent, awaiting response... 200 OK
Length: 7869 (7.7K) [image/png]
Saving to: ‘utmccf.wordpress.com/wp-content/uploads/2019/11/20191115.png@w=112&h=150’

     0K .......                                               100% 20.3G=0s

2026-09-23 06:37:02 (20.3 GB/s) - ‘utmccf.wordpress.com/wp-content/uploads/2019/11/20191115.png@w=112&h=150’ saved [7869/7869]

--2026-09-23 06:37:02--  https://utmccf.wordpress.com/wp-content/uploads/2019/11/20191115.png?w=224&h=300
Reusing existing connection to utmccf.wordpress.com:443.
HTTP request sent, awaiting response... 200 OK
Length: 22209 (22K) [image/png]
Saving to: ‘utmccf.wordpress.com/wp-content/uploads/2019/11/20191115.png@w=224&h=300’

     0K .......... .......... .                               100%  523M=0s

2026-09-23 06:37:03 (523 MB/s) - ‘utmccf.wordpress.com/wp-content/uploads/2019/11/20191115.png@w=224&h=300’ saved [22209/22209]

--2026-09-23 06:37:03--  https://utmccf.wordpress.com/wp-content/uploads/2019/11/20191115.png?w=768&h=1031
Reusing existing connection to utmccf.wordpress.com:443.
HTTP request sent, awaiting response... 200 OK
Length: 168634 (165K) [image/png]
Saving to: ‘utmccf.wordpress.com/wp-content/uploads/2019/11/20191115.png@w=768&h=1031’

     0K .......... .......... .......... .......... .......... 30%  333M 0s
    50K .......... .......... .......... .......... .......... 60%  210M 0s
   100K .......... .......... .......... .......... .......... 91%  290M 0s
   150K .......... ....                                       100%  418M=0.001s

2026-09-23 06:37:03 (276 MB/s) - ‘utmccf.wordpress.com/wp-content/uploads/2019/11/20191115.png@w=768&h=1031’ saved [168634/168634]

--2026-09-23 06:37:03--  https://utmccf.wordpress.com/wp-content/uploads/2019/11/20191115.png?w=763&h=1024
Reusing existing connection to utmccf.wordpress.com:443.
HTTP request sent, awaiting response... 200 OK
Length: 165877 (162K) [image/png]
Saving to: ‘utmccf.wordpress.com/wp-content/uploads/2019/11/20191115.png@w=763&h=1024’

     0K .......... .......... .......... .......... .......... 30%  379M 0s
    50K .......... .......... .......... .......... .......... 61% 9.73M 0s
   100K .......... .......... .......... .......... .......... 92%  306M 0s
   150K .......... .                                          100%  350M=0.005s

2026-09-23 06:37:04 (29.6 MB/s) - ‘utmccf.wordpress.com/wp-content/uploads/2019/11/20191115.png@w=763&h=1024’ saved [165877/165877]

--2026-09-23 06:37:04--  https://utmccf.wordpress.com/wp-content/uploads/2019/11/20191115.png?w=1440&h=1933
Reusing existing connection to utmccf.wordpress.com:443.
HTTP request sent, awaiting response... 200 OK
Length: 450401 (440K) [image/png]
Saving to: ‘utmccf.wordpress.com/wp-content/uploads/2019/11/20191115.png@w=1440&h=1933’

     0K .......... .......... .......... .......... .......... 11%  162M 0s
    50K .......... .......... .......... .......... .......... 22% 34.8M 0s
   100K .......... .......... .......... .......... .......... 34% 29.5M 0s
   150K .......... .......... .......... .......... .......... 45% 39.5M 0s
   200K .......... .......... .......... .......... .......... 56%  289M 0s
   250K .......... .......... .......... .......... .......... 68% 51.7M 0s
   300K .......... .......... .......... .......... .......... 79%  281M 0s
   350K .......... .......... .......... .......... .......... 90%  347M 0s
   400K .......... .......... .......... .........            100%  409M=0.006s

2026-09-23 06:37:05 (70.2 MB/s) - ‘utmccf.wordpress.com/wp-content/uploads/2019/11/20191115.png@w=1440&h=1933’ saved [450401/450401]

--2026-09-23 06:37:05--  https://utmccf.wordpress.com/wp-content/uploads/2019/10/img_4642.png
Reusing existing connection to utmccf.wordpress.com:443.
HTTP request sent, awaiting response... 200 OK
Length: 1369765 (1.3M) [image/png]
Saving to: ‘utmccf.wordpress.com/wp-content/uploads/2019/10/img_4642.png’

     0K .......... .......... .......... .......... ..........  3%  296M 0s
    50K .......... .......... .......... .......... ..........  7%  445K 1s
   100K .......... .......... .......... .......... .......... 11% 5.61M 1s
   150K .......... .......... .......... .......... .......... 14% 3.98M 1s
   200K .......... .......... .......... .......... .......... 18%  358M 1s
   250K .......... .......... .......... .......... .......... 22% 6.28M 0s
   300K .......... .......... .......... .......... .......... 26% 7.89M 0s
   350K .......... .......... .......... .......... .......... 29% 13.0M 0s
   400K .......... .......... .......... .......... .......... 33% 21.0M 0s
   450K .......... .......... .......... .......... .......... 37%  341M 0s
   500K .......... .......... .......... .......... .......... 41% 14.6M 0s
   550K .......... .......... .......... .......... .......... 44% 13.1M 0s
   600K .......... .......... .......... .......... .......... 48% 15.1M 0s
   650K .......... .......... .......... .......... .......... 52%  218M 0s
   700K .......... .......... .......... .......... .......... 56% 14.0M 0s
   750K .......... .......... .......... .......... .......... 59% 17.5M 0s
   800K .......... .......... .......... .......... .......... 63% 55.3M 0s
   850K .......... .......... .......... .......... .......... 67% 26.4M 0s
   900K .......... .......... .......... .......... .......... 71%  322M 0s
   950K .......... .......... .......... .......... .......... 74% 26.3M 0s
  1000K .......... .......... .......... .......... .......... 78% 28.0M 0s
  1050K .......... .......... .......... .......... .......... 82% 27.8M 0s
  1100K .......... .......... .......... .......... .......... 85%  273M 0s
  1150K .......... .......... .......... .......... .......... 89% 29.2M 0s
  1200K .......... .......... .......... .......... .......... 93% 65.4M 0s
  1250K .......... .......... .......... .......... .......... 97%  277M 0s
  1300K .......... .......... .......... .......              100%  346M=0.2s

2026-09-23 06:37:05 (7.19 MB/s) - ‘utmccf.wordpress.com/wp-content/uploads/2019/10/img_4642.png’ saved [1369765/1369765]

--2026-09-23 06:37:05--  https://utmccf.wordpress.com/wp-content/uploads/2019/10/img_4642.png?w=105&h=150
Reusing existing connection to utmccf.wordpress.com:443.
HTTP request sent, awaiting response... 200 OK
Length: 13537 (13K) [image/png]
Saving to: ‘utmccf.wordpress.com/wp-content/uploads/2019/10/img_4642.png@w=105&h=150’

     0K .......... ...                                        100% 30.7G=0s

2026-09-23 06:37:05 (30.7 GB/s) - ‘utmccf.wordpress.com/wp-content/uploads/2019/10/img_4642.png@w=105&h=150’ saved [13537/13537]

--2026-09-23 06:37:05--  https://utmccf.wordpress.com/wp-content/uploads/2019/10/img_4642.png?w=211&h=300
Reusing existing connection to utmccf.wordpress.com:443.
HTTP request sent, awaiting response... 200 OK
Length: 50270 (49K) [image/png]
Saving to: ‘utmccf.wordpress.com/wp-content/uploads/2019/10/img_4642.png@w=211&h=300’

     0K .......... .......... .......... .......... ......... 100%  399M=0s

2026-09-23 06:37:06 (399 MB/s) - ‘utmccf.wordpress.com/wp-content/uploads/2019/10/img_4642.png@w=211&h=300’ saved [50270/50270]

--2026-09-23 06:37:06--  https://utmccf.wordpress.com/wp-content/uploads/2019/09/newsletter-20190927-poster.jpg
Reusing existing connection to utmccf.wordpress.com:443.
HTTP request sent, awaiting response... 200 OK
Length: 93208 (91K) [image/jpeg]
Saving to: ‘utmccf.wordpress.com/wp-content/uploads/2019/09/newsletter-20190927-poster.jpg’

     0K .......... .......... .......... .......... .......... 54%  428M 0s
    50K .......... .......... .......... .......... .         100%  425M=0s

2026-09-23 06:37:06 (427 MB/s) - ‘utmccf.wordpress.com/wp-content/uploads/2019/09/newsletter-20190927-poster.jpg’ saved [93208/93208]

--2026-09-23 06:37:06--  https://utmccf.wordpress.com/wp-content/uploads/2019/09/newsletter-20190927-poster.jpg?w=106&h=150
Reusing existing connection to utmccf.wordpress.com:443.
HTTP request sent, awaiting response... 200 OK
Length: 4013 (3.9K) [image/jpeg]
Saving to: ‘utmccf.wordpress.com/wp-content/uploads/2019/09/newsletter-20190927-poster.jpg@w=106&h=150’

     0K ...                                                   100% 23.2G=0s

2026-09-23 06:37:06 (23.2 GB/s) - ‘utmccf.wordpress.com/wp-content/uploads/2019/09/newsletter-20190927-poster.jpg@w=106&h=150’ saved [4013/4013]

--2026-09-23 06:37:06--  https://utmccf.wordpress.com/wp-content/uploads/2019/09/newsletter-20190927-poster.jpg?w=212&h=300
Reusing existing connection to utmccf.wordpress.com:443.
HTTP request sent, awaiting response... 200 OK
Length: 11046 (11K) [image/jpeg]
Saving to: ‘utmccf.wordpress.com/wp-content/uploads/2019/09/newsletter-20190927-poster.jpg@w=212&h=300’

     0K ..........                                            100% 36.7G=0s

2026-09-23 06:37:06 (36.7 GB/s) - ‘utmccf.wordpress.com/wp-content/uploads/2019/09/newsletter-20190927-poster.jpg@w=212&h=300’ saved [11046/11046]

--2026-09-23 06:37:06--  https://utmccf.wordpress.com/wp-content/uploads/2019/09/newsletter-20190927-poster.jpg?w=768&h=1086
Reusing existing connection to utmccf.wordpress.com:443.
HTTP request sent, awaiting response... 200 OK
Length: 74264 (73K) [image/jpeg]
Saving to: ‘utmccf.wordpress.com/wp-content/uploads/2019/09/newsletter-20190927-poster.jpg@w=768&h=1086’

     0K .......... .......... .......... .......... .......... 68%  330M 0s
    50K .......... .......... ..                              100%  589M=0s

2026-09-23 06:37:06 (382 MB/s) - ‘utmccf.wordpress.com/wp-content/uploads/2019/09/newsletter-20190927-poster.jpg@w=768&h=1086’ saved [74264/74264]

--2026-09-23 06:37:06--  https://utmccf.wordpress.com/wp-content/uploads/2019/03/music-worship-poster.png
Reusing existing connection to utmccf.wordpress.com:443.
HTTP request sent, awaiting response... 200 OK
Length: 597326 (583K) [image/png]
Saving to: ‘utmccf.wordpress.com/wp-content/uploads/2019/03/music-worship-poster.png’

     0K .......... .......... .......... .......... ..........  8%  391M 0s
    50K .......... .......... .......... .......... .......... 17%  665K 0s
   100K .......... .......... .......... .......... .......... 25% 2.96M 0s
   150K .......... .......... .......... .......... .......... 34% 9.01M 0s
   200K .......... .......... .......... .......... .......... 42%  220M 0s
   250K .......... .......... .......... .......... .......... 51% 9.66M 0s
   300K .......... .......... .......... .......... .......... 60% 5.93M 0s
   350K .......... .......... .......... .......... .......... 68% 12.8M 0s
   400K .......... .......... .......... .......... .......... 77% 13.0M 0s
   450K .......... .......... .......... .......... .......... 85%  332M 0s
   500K .......... .......... .......... .......... .......... 94%  254M 0s
   550K .......... .......... .......... ...                  100%  372M=0.1s

2026-09-23 06:37:06 (4.80 MB/s) - ‘utmccf.wordpress.com/wp-content/uploads/2019/03/music-worship-poster.png’ saved [597326/597326]

--2026-09-23 06:37:06--  https://utmccf.wordpress.com/wp-content/uploads/2019/03/music-worship-poster.png?w=150&h=150
Reusing existing connection to utmccf.wordpress.com:443.
HTTP request sent, awaiting response... 200 OK
Length: 10977 (11K) [image/png]
Saving to: ‘utmccf.wordpress.com/wp-content/uploads/2019/03/music-worship-poster.png@w=150&h=150’

     0K ..........                                            100% 28.4G=0s

2026-09-23 06:37:06 (28.4 GB/s) - ‘utmccf.wordpress.com/wp-content/uploads/2019/03/music-worship-poster.png@w=150&h=150’ saved [10977/10977]

--2026-09-23 06:37:06--  https://utmccf.wordpress.com/wp-content/uploads/2019/03/music-worship-poster.png?w=300&h=300
Reusing existing connection to utmccf.wordpress.com:443.
HTTP request sent, awaiting response... 200 OK
Length: 32705 (32K) [image/png]
Saving to: ‘utmccf.wordpress.com/wp-content/uploads/2019/03/music-worship-poster.png@w=300&h=300’

     0K .......... .......... .......... .                    100%  349M=0s

2026-09-23 06:37:07 (349 MB/s) - ‘utmccf.wordpress.com/wp-content/uploads/2019/03/music-worship-poster.png@w=300&h=300’ saved [32705/32705]

--2026-09-23 06:37:07--  https://utmccf.wordpress.com/wp-content/uploads/2019/03/music-worship-poster.png?w=768&h=766
Reusing existing connection to utmccf.wordpress.com:443.
HTTP request sent, awaiting response... 200 OK
Length: 155932 (152K) [image/png]
Saving to: ‘utmccf.wordpress.com/wp-content/uploads/2019/03/music-worship-poster.png@w=768&h=766’

     0K .......... .......... .......... .......... .......... 32%  455M 0s
    50K .......... .......... .......... .......... .......... 65%  184M 0s
   100K .......... .......... .......... .......... .......... 98%  323M 0s
   150K ..                                                    100% 4.24T=0.001s

2026-09-23 06:37:07 (284 MB/s) - ‘utmccf.wordpress.com/wp-content/uploads/2019/03/music-worship-poster.png@w=768&h=766’ saved [155932/155932]

--2026-09-23 06:37:07--  https://utmccf.wordpress.com/wp-content/uploads/2019/01/20180118-d1.png
Reusing existing connection to utmccf.wordpress.com:443.
HTTP request sent, awaiting response... 200 OK
Length: 3568123 (3.4M) [image/png]
Saving to: ‘utmccf.wordpress.com/wp-content/uploads/2019/01/20180118-d1.png’

     0K .......... .......... .......... .......... ..........  1%  456M 0s
    50K .......... .......... .......... .......... ..........  2% 6.26M 0s
   100K .......... .......... .......... .......... ..........  4% 5.13M 0s
   150K .......... .......... .......... .......... ..........  5% 11.8M 0s
   200K .......... .......... .......... .......... ..........  7%  241M 0s
   250K .......... .......... .......... .......... ..........  8% 10.4M 0s
   300K .......... .......... .......... .......... .......... 10% 13.1M 0s
   350K .......... .......... .......... .......... .......... 11% 12.5M 0s
   400K .......... .......... .......... .......... .......... 12% 26.2M 0s
   450K .......... .......... .......... .......... .......... 14%  284M 0s
   500K .......... .......... .......... .......... .......... 15% 13.7M 0s
   550K .......... .......... .......... .......... .......... 17% 26.1M 0s
   600K .......... .......... .......... .......... .......... 18% 26.8M 0s
   650K .......... .......... .......... .......... .......... 20%  302M 0s
   700K .......... .......... .......... .......... .......... 21% 17.4M 0s
   750K .......... .......... .......... .......... .......... 22% 25.8M 0s
   800K .......... .......... .......... .......... .......... 24% 28.3M 0s
   850K .......... .......... .......... .......... .......... 25% 33.0M 0s
   900K .......... .......... .......... .......... .......... 27%  266M 0s
   950K .......... .......... .......... .......... .......... 28% 20.3M 0s
  1000K .......... .......... .......... .......... .......... 30% 48.4M 0s
  1050K .......... .......... .......... .......... .......... 31% 35.1M 0s
  1100K .......... .......... .......... .......... .......... 33%  287M 0s
  1150K .......... .......... .......... .......... .......... 34% 54.3M 0s
  1200K .......... .......... .......... .......... .......... 35% 29.7M 0s
  1250K .......... .......... .......... .......... .......... 37% 37.9M 0s
  1300K .......... .......... .......... .......... .......... 38% 50.4M 0s
  1350K .......... .......... .......... .......... .......... 40%  245M 0s
  1400K .......... .......... .......... .......... .......... 41%  136M 0s
  1450K .......... .......... .......... .......... .......... 43% 44.8M 0s
  1500K .......... .......... .......... .......... .......... 44% 40.2M 0s
  1550K .......... .......... .......... .......... .......... 45%  175M 0s
  1600K .......... .......... .......... .......... .......... 47%  277M 0s
  1650K .......... .......... .......... .......... .......... 48% 67.8M 0s
  1700K .......... .......... .......... .......... .......... 50% 34.4M 0s
  1750K .......... .......... .......... .......... .......... 51%  284M 0s
  1800K .......... .......... .......... .......... .......... 53%  473M 0s
  1850K .......... .......... .......... .......... .......... 54% 42.0M 0s
  1900K .......... .......... .......... .......... .......... 55% 35.7M 0s
  1950K .......... .......... .......... .......... .......... 57%  123M 0s
  2000K .......... .......... .......... .......... .......... 58% 35.9M 0s
  2050K .......... .......... .......... .......... .......... 60%  277M 0s
  2100K .......... .......... .......... .......... .......... 61% 54.8M 0s
  2150K .......... .......... .......... .......... .......... 63%  221M 0s
  2200K .......... .......... .......... .......... .......... 64% 59.2M 0s
  2250K .......... .......... .......... .......... .......... 66%  318M 0s
  2300K .......... .......... .......... .......... .......... 67% 85.2M 0s
  2350K .......... .......... .......... .......... .......... 68% 55.3M 0s
  2400K .......... .......... .......... .......... .......... 70% 99.2M 0s
  2450K .......... .......... .......... .......... .......... 71%  102M 0s
  2500K .......... .......... .......... .......... .......... 73%  274M 0s
  2550K .......... .......... .......... .......... .......... 74% 94.9M 0s
  2600K .......... .......... .......... .......... .......... 76% 60.5M 0s
  2650K .......... .......... .......... .......... .......... 77% 71.6M 0s
  2700K .......... .......... .......... .......... .......... 78%  404M 0s
  2750K .......... .......... .......... .......... .......... 80%  149M 0s
  2800K .......... .......... .......... .......... .......... 81% 90.2M 0s
  2850K .......... .......... .......... .......... .......... 83%  148M 0s
  2900K .......... .......... .......... .......... .......... 84% 86.7M 0s
  2950K .......... .......... .......... .......... .......... 86%  318M 0s
  3000K .......... .......... .......... .......... .......... 87% 59.8M 0s
  3050K .......... .......... .......... .......... .......... 88%  119M 0s
  3100K .......... .......... .......... .......... .......... 90%  157M 0s
  3150K .......... .......... .......... .......... .......... 91% 37.9M 0s
  3200K .......... .......... .......... .......... .......... 93%  349M 0s
  3250K .......... .......... .......... .......... .......... 94%  424M 0s
  3300K .......... .......... .......... .......... .......... 96%  327M 0s
  3350K .......... .......... .......... .......... .......... 97%  265M 0s
  3400K .......... .......... .......... .......... .......... 99%  328M 0s
  3450K .......... .......... .......... ....                 100%  249M=0.08s

2026-09-23 06:37:07 (40.5 MB/s) - ‘utmccf.wordpress.com/wp-content/uploads/2019/01/20180118-d1.png’ saved [3568123/3568123]

--2026-09-23 06:37:07--  https://utmccf.wordpress.com/wp-content/uploads/2019/01/20180118-d1.png?w=150&h=96
Reusing existing connection to utmccf.wordpress.com:443.
HTTP request sent, awaiting response... 200 OK
Length: 8900 (8.7K) [image/png]
Saving to: ‘utmccf.wordpress.com/wp-content/uploads/2019/01/20180118-d1.png@w=150&h=96’

     0K ........                                              100% 23.0G=0s

2026-09-23 06:37:08 (23.0 GB/s) - ‘utmccf.wordpress.com/wp-content/uploads/2019/01/20180118-d1.png@w=150&h=96’ saved [8900/8900]

--2026-09-23 06:37:08--  https://utmccf.wordpress.com/wp-content/uploads/2019/01/20180118-d1.png?w=300&h=193
Reusing existing connection to utmccf.wordpress.com:443.
HTTP request sent, awaiting response... 200 OK
Length: 25885 (25K) [image/png]
Saving to: ‘utmccf.wordpress.com/wp-content/uploads/2019/01/20180118-d1.png@w=300&h=193’

     0K .......... .......... .....                           100%  636M=0s

2026-09-23 06:37:08 (636 MB/s) - ‘utmccf.wordpress.com/wp-content/uploads/2019/01/20180118-d1.png@w=300&h=193’ saved [25885/25885]

--2026-09-23 06:37:08--  https://utmccf.wordpress.com/wp-content/uploads/2019/01/20180118-d1.png?w=768&h=494
Reusing existing connection to utmccf.wordpress.com:443.
HTTP request sent, awaiting response... 200 OK
Length: 116708 (114K) [image/png]
Saving to: ‘utmccf.wordpress.com/wp-content/uploads/2019/01/20180118-d1.png@w=768&h=494’

     0K .......... .......... .......... .......... .......... 43%  345M 0s
    50K .......... .......... .......... .......... .......... 87%  411M 0s
   100K .......... ...                                        100%  389M=0s

2026-09-23 06:37:09 (377 MB/s) - ‘utmccf.wordpress.com/wp-content/uploads/2019/01/20180118-d1.png@w=768&h=494’ saved [116708/116708]

--2026-09-23 06:37:09--  https://utmccf.wordpress.com/wp-content/uploads/2019/01/20180118-d1.png?w=1024&h=658
Reusing existing connection to utmccf.wordpress.com:443.
HTTP request sent, awaiting response... 200 OK
Length: 189061 (185K) [image/png]
Saving to: ‘utmccf.wordpress.com/wp-content/uploads/2019/01/20180118-d1.png@w=1024&h=658’

     0K .......... .......... .......... .......... .......... 27%  372M 0s
    50K .......... .......... .......... .......... .......... 54% 10.3M 0s
   100K .......... .......... .......... .......... .......... 81%  272M 0s
   150K .......... .......... .......... ....                 100%  425M=0.005s

2026-09-23 06:37:09 (35.2 MB/s) - ‘utmccf.wordpress.com/wp-content/uploads/2019/01/20180118-d1.png@w=1024&h=658’ saved [189061/189061]

--2026-09-23 06:37:09--  https://utmccf.wordpress.com/wp-content/uploads/2019/01/20180118-d1.png?w=1440&h=926
Reusing existing connection to utmccf.wordpress.com:443.
HTTP request sent, awaiting response... 200 OK
Length: 337479 (330K) [image/png]
Saving to: ‘utmccf.wordpress.com/wp-content/uploads/2019/01/20180118-d1.png@w=1440&h=926’

     0K .......... .......... .......... .......... .......... 15%  264M 0s
    50K .......... .......... .......... .......... .......... 30% 6.57M 0s
   100K .......... .......... .......... .......... .......... 45% 5.50M 0s
   150K .......... .......... .......... .......... .......... 60% 9.04M 0s
   200K .......... .......... .......... .......... .......... 75%  237M 0s
   250K .......... .......... .......... .......... .......... 91%  363M 0s
   300K .......... .......... .........                       100%  400M=0.02s

2026-09-23 06:37:10 (14.4 MB/s) - ‘utmccf.wordpress.com/wp-content/uploads/2019/01/20180118-d1.png@w=1440&h=926’ saved [337479/337479]

--2026-09-23 06:37:10--  https://utmccf.wordpress.com/wp-content/uploads/2018/11/2018-christmas-dinner-d3.png
Reusing existing connection to utmccf.wordpress.com:443.
HTTP request sent, awaiting response... 200 OK
Length: 4996648 (4.8M) [image/png]
Saving to: ‘utmccf.wordpress.com/wp-content/uploads/2018/11/2018-christmas-dinner-d3.png’

     0K .......... .......... .......... .......... ..........  1%  298M 0s
    50K .......... .......... .......... .......... ..........  2%  448K 5s
   100K .......... .......... .......... .......... ..........  3%  402K 7s
   150K .......... .......... .......... .......... ..........  4% 17.7M 6s
   200K .......... .......... .......... .......... ..........  5%  307M 4s
   250K .......... .......... .......... .......... ..........  6% 12.2M 4s
   300K .......... .......... .......... .......... ..........  7% 4.09M 3s
   350K .......... .......... .......... .......... ..........  8% 17.1M 3s
   400K .......... .......... .......... .......... ..........  9% 20.5M 3s
   450K .......... .......... .......... .......... .......... 10%  279M 2s
   500K .......... .......... .......... .......... .......... 11% 25.3M 2s
   550K .......... .......... .......... .......... .......... 12% 14.5M 2s
   600K .......... .......... .......... .......... .......... 13% 8.48M 2s
   650K .......... .......... .......... .......... .......... 14%  245M 2s
   700K .......... .......... .......... .......... .......... 15% 23.6M 2s
   750K .......... .......... .......... .......... .......... 16% 32.3M 1s
   800K .......... .......... .......... .......... .......... 17% 25.9M 1s
   850K .......... .......... .......... .......... .......... 18% 22.9M 1s
   900K .......... .......... .......... .......... .......... 19%  281M 1s
   950K .......... .......... .......... .......... .......... 20% 34.6M 1s
  1000K .......... .......... .......... .......... .......... 21% 18.7M 1s
  1050K .......... .......... .......... .......... .......... 22% 28.3M 1s
  1100K .......... .......... .......... .......... .......... 23%  269M 1s
  1150K .......... .......... .......... .......... .......... 24% 48.3M 1s
  1200K .......... .......... .......... .......... .......... 25% 27.4M 1s
  1250K .......... .......... .......... .......... .......... 26% 26.0M 1s
  1300K .......... .......... .......... .......... .......... 27% 85.3M 1s
  1350K .......... .......... .......... .......... .......... 28%  244M 1s
  1400K .......... .......... .......... .......... .......... 29% 29.5M 1s
  1450K .......... .......... .......... .......... .......... 30% 56.2M 1s
  1500K .......... .......... .......... .......... .......... 31%  130M 1s
  1550K .......... .......... .......... .......... .......... 32% 25.8M 1s
  1600K .......... .......... .......... .......... .......... 33%  293M 1s
  1650K .......... .......... .......... .......... .......... 34% 82.5M 1s
  1700K .......... .......... .......... .......... .......... 35% 53.2M 1s
  1750K .......... .......... .......... .......... .......... 36% 54.7M 1s
  1800K .......... .......... .......... .......... .......... 37%  296M 0s
  1850K .......... .......... .......... .......... .......... 38% 38.5M 0s
  1900K .......... .......... .......... .......... .......... 39% 59.0M 0s
  1950K .......... .......... .......... .......... .......... 40%  101M 0s
  2000K .......... .......... .......... .......... .......... 42% 49.7M 0s
  2050K .......... .......... .......... .......... .......... 43%  277M 0s
  2100K .......... .......... .......... .......... .......... 44% 73.5M 0s
  2150K .......... .......... .......... .......... .......... 45% 56.5M 0s
  2200K .......... .......... .......... .......... .......... 46% 50.0M 0s
  2250K .......... .......... .......... .......... .......... 47%  275M 0s
  2300K .......... .......... .......... .......... .......... 48% 49.7M 0s
  2350K .......... .......... .......... .......... .......... 49%  100M 0s
  2400K .......... .......... .......... .......... .......... 50% 61.0M 0s
  2450K .......... .......... .......... .......... .......... 51% 63.1M 0s
  2500K .......... .......... .......... .......... .......... 52%  272M 0s
  2550K .......... .......... .......... .......... .......... 53% 66.7M 0s
  2600K .......... .......... .......... .......... .......... 54% 60.4M 0s
  2650K .......... .......... .......... .......... .......... 55% 64.6M 0s
  2700K .......... .......... .......... .......... .......... 56%  264M 0s
  2750K .......... .......... .......... .......... .......... 57% 85.7M 0s
  2800K .......... .......... .......... .......... .......... 58%  155M 0s
  2850K .......... .......... .......... .......... .......... 59% 73.2M 0s
  2900K .......... .......... .......... .......... .......... 60%  103M 0s
  2950K .......... .......... .......... .......... .......... 61%  264M 0s
  3000K .......... .......... .......... .......... .......... 62% 60.8M 0s
  3050K .......... .......... .......... .......... .......... 63% 69.8M 0s
  3100K .......... .......... .......... .......... .......... 64% 29.3M 0s
  3150K .......... .......... .......... .......... .......... 65%  166M 0s
  3200K .......... .......... .......... .......... .......... 66%  319M 0s
  3250K .......... .......... .......... .......... .......... 67% 48.5M 0s
  3300K .......... .......... .......... .......... .......... 68%  221M 0s
  3350K .......... .......... .......... .......... .......... 69%  136M 0s
  3400K .......... .......... .......... .......... .......... 70%  239M 0s
  3450K .......... .......... .......... .......... .......... 71%  169M 0s
  3500K .......... .......... .......... .......... .......... 72%  150M 0s
  3550K .......... .......... .......... .......... .......... 73% 72.5M 0s
  3600K .......... .......... .......... .......... .......... 74%  218M 0s
  3650K .......... .......... .......... .......... .......... 75%  258M 0s
  3700K .......... .......... .......... .......... .......... 76%  187M 0s
  3750K .......... .......... .......... .......... .......... 77% 84.1M 0s
  3800K .......... .......... .......... .......... .......... 78%  167M 0s
  3850K .......... .......... .......... .......... .......... 79% 56.5M 0s
  3900K .......... .......... .......... .......... .......... 80%  480M 0s
  3950K .......... .......... .......... .......... .......... 81%  370M 0s
  4000K .......... .......... .......... .......... .......... 82%  250M 0s
  4050K .......... .......... .......... .......... .......... 84%  143M 0s
  4100K .......... .......... .......... .......... .......... 85%  305M 0s
  4150K .......... .......... .......... .......... .......... 86%  180M 0s
  4200K .......... .......... .......... .......... .......... 87%  106M 0s
  4250K .......... .......... .......... .......... .......... 88%  210M 0s
  4300K .......... .......... .......... .......... .......... 89%  319M 0s
  4350K .......... .......... .......... .......... .......... 90%  156M 0s
  4400K .......... .......... .......... .......... .......... 91%  103M 0s
  4450K .......... .......... .......... .......... .......... 92%  223M 0s
  4500K .......... .......... .......... .......... .......... 93%  132M 0s
  4550K .......... .......... .......... .......... .......... 94%  293M 0s
  4600K .......... .......... .......... .......... .......... 95%  274M 0s
  4650K .......... .......... .......... .......... .......... 96%  123M 0s
  4700K .......... .......... .......... .......... .......... 97%  211M 0s
  4750K .......... .......... .......... .......... .......... 98%  214M 0s
  4800K .......... .......... .......... .......... .......... 99%  394M 0s
  4850K .......... .......... .........                       100%  739M=0.3s

2026-09-23 06:37:10 (14.6 MB/s) - ‘utmccf.wordpress.com/wp-content/uploads/2018/11/2018-christmas-dinner-d3.png’ saved [4996648/4996648]

--2026-09-23 06:37:10--  https://utmccf.wordpress.com/wp-content/uploads/2018/11/2018-christmas-dinner-d3.png?w=150&h=94
Reusing existing connection to utmccf.wordpress.com:443.
HTTP request sent, awaiting response... 200 OK
Length: 11084 (11K) [image/png]
Saving to: ‘utmccf.wordpress.com/wp-content/uploads/2018/11/2018-christmas-dinner-d3.png@w=150&h=94’

     0K ..........                                            100% 25.8G=0s

2026-09-23 06:37:11 (25.8 GB/s) - ‘utmccf.wordpress.com/wp-content/uploads/2018/11/2018-christmas-dinner-d3.png@w=150&h=94’ saved [11084/11084]

--2026-09-23 06:37:11--  https://utmccf.wordpress.com/wp-content/uploads/2018/11/2018-christmas-dinner-d3.png?w=300&h=188
Reusing existing connection to utmccf.wordpress.com:443.
HTTP request sent, awaiting response... 200 OK
Length: 37573 (37K) [image/png]
Saving to: ‘utmccf.wordpress.com/wp-content/uploads/2018/11/2018-christmas-dinner-d3.png@w=300&h=188’

     0K .......... .......... .......... ......               100%  519M=0s

2026-09-23 06:37:11 (519 MB/s) - ‘utmccf.wordpress.com/wp-content/uploads/2018/11/2018-christmas-dinner-d3.png@w=300&h=188’ saved [37573/37573]

--2026-09-23 06:37:11--  https://utmccf.wordpress.com/wp-content/uploads/2018/11/2018-christmas-dinner-d3.png?w=768&h=480
Reusing existing connection to utmccf.wordpress.com:443.
HTTP request sent, awaiting response... 200 OK
Length: 206312 (201K) [image/png]
Saving to: ‘utmccf.wordpress.com/wp-content/uploads/2018/11/2018-christmas-dinner-d3.png@w=768&h=480’

     0K .......... .......... .......... .......... .......... 24%  327M 0s
    50K .......... .......... .......... .......... .......... 49%  272M 0s
   100K .......... .......... .......... .......... .......... 74%  464M 0s
   150K .......... .......... .......... .......... .......... 99%  521M 0s
   200K .                                                     100% 2.75T=0.001s

2026-09-23 06:37:11 (373 MB/s) - ‘utmccf.wordpress.com/wp-content/uploads/2018/11/2018-christmas-dinner-d3.png@w=768&h=480’ saved [206312/206312]

--2026-09-23 06:37:11--  https://utmccf.wordpress.com/wp-content/uploads/2018/11/2018-christmas-dinner-d3.png?w=1024&h=640
Reusing existing connection to utmccf.wordpress.com:443.
HTTP request sent, awaiting response... 200 OK
Length: 356327 (348K) [image/png]
Saving to: ‘utmccf.wordpress.com/wp-content/uploads/2018/11/2018-christmas-dinner-d3.png@w=1024&h=640’

     0K .......... .......... .......... .......... .......... 14%  463M 0s
    50K .......... .......... .......... .......... .......... 28% 5.20M 0s
   100K .......... .......... .......... .......... .......... 43% 5.63M 0s
   150K .......... .......... .......... .......... .......... 57% 9.22M 0s
   200K .......... .......... .......... .......... .......... 71%  350M 0s
   250K .......... .......... .......... .......... .......... 86% 64.8M 0s
   300K .......... .......... .......... .......... .......   100%  331M=0.02s

2026-09-23 06:37:12 (13.9 MB/s) - ‘utmccf.wordpress.com/wp-content/uploads/2018/11/2018-christmas-dinner-d3.png@w=1024&h=640’ saved [356327/356327]

--2026-09-23 06:37:12--  https://utmccf.wordpress.com/wp-content/uploads/2018/11/2018-christmas-dinner-d3.png?w=1440&h=900
Reusing existing connection to utmccf.wordpress.com:443.
HTTP request sent, awaiting response... 200 OK
Length: 675558 (660K) [image/png]
Saving to: ‘utmccf.wordpress.com/wp-content/uploads/2018/11/2018-christmas-dinner-d3.png@w=1440&h=900’

     0K .......... .......... .......... .......... ..........  7%  391M 0s
    50K .......... .......... .......... .......... .......... 15%  289M 0s
   100K .......... .......... .......... .......... .......... 22%  285M 0s
   150K .......... .......... .......... .......... .......... 30% 32.9M 0s
   200K .......... .......... .......... .......... .......... 37%  310M 0s
   250K .......... .......... .......... .......... .......... 45%  196M 0s
   300K .......... .......... .......... .......... .......... 53% 61.0M 0s
   350K .......... .......... .......... .......... .......... 60%  153M 0s
   400K .......... .......... .......... .......... .......... 68%  308M 0s
   450K .......... .......... .......... .......... .......... 75%  294M 0s
   500K .......... .......... .......... .......... .......... 83%  333M 0s
   550K .......... .......... .......... .......... .......... 90%  317M 0s
   600K .......... .......... .......... .......... .......... 98%  391M 0s
   650K .........                                             100%  222M=0.004s

2026-09-23 06:37:13 (151 MB/s) - ‘utmccf.wordpress.com/wp-content/uploads/2018/11/2018-christmas-dinner-d3.png@w=1440&h=900’ saved [675558/675558]

--2026-09-23 06:37:13--  https://utmccf.wordpress.com/wp-content/uploads/2018/11/screen-shot-2018-11-14-at-6-43-59-pm.png
Reusing existing connection to utmccf.wordpress.com:443.
HTTP request sent, awaiting response... 200 OK
Length: 2398342 (2.3M) [image/png]
Saving to: ‘utmccf.wordpress.com/wp-content/uploads/2018/11/screen-shot-2018-11-14-at-6-43-59-pm.png’

     0K .......... .......... .......... .......... ..........  2%  407M 0s
    50K .......... .......... .......... .......... ..........  4% 10.1M 0s
   100K .......... .......... .......... .......... ..........  6% 13.4M 0s
   150K .......... .......... .......... .......... ..........  8% 12.8M 0s
   200K .......... .......... .......... .......... .......... 10%  305M 0s
   250K .......... .......... .......... .......... .......... 12%  249K 1s
   300K .......... .......... .......... .......... .......... 14% 1.30M 1s
   350K .......... .......... .......... .......... .......... 17% 16.4M 1s
   400K .......... .......... .......... .......... .......... 19% 21.9M 1s
   450K .......... .......... .......... .......... .......... 21%  321M 1s
   500K .......... .......... .......... .......... .......... 23% 17.7M 1s
   550K .......... .......... .......... .......... .......... 25% 20.7M 1s
   600K .......... .......... .......... .......... .......... 27% 7.04M 1s
   650K .......... .......... .......... .......... .......... 29%  264M 1s
   700K .......... .......... .......... .......... .......... 32% 16.4M 1s
   750K .......... .......... .......... .......... .......... 34% 19.3M 1s
   800K .......... .......... .......... .......... .......... 36% 28.1M 0s
   850K .......... .......... .......... .......... .......... 38% 14.0M 0s
   900K .......... .......... .......... .......... .......... 40%  284M 0s
   950K .......... .......... .......... .......... .......... 42% 26.7M 0s
  1000K .......... .......... .......... .......... .......... 44% 25.2M 0s
  1050K .......... .......... .......... .......... .......... 46% 26.9M 0s
  1100K .......... .......... .......... .......... .......... 49%  274M 0s
  1150K .......... .......... .......... .......... .......... 51% 24.0M 0s
  1200K .......... .......... .......... .......... .......... 53% 32.9M 0s
  1250K .......... .......... .......... .......... .......... 55% 57.6M 0s
  1300K .......... .......... .......... .......... .......... 57% 59.9M 0s
  1350K .......... .......... .......... .......... .......... 59%  275M 0s
  1400K .......... .......... .......... .......... .......... 61% 41.1M 0s
  1450K .......... .......... .......... .......... .......... 64% 30.5M 0s
  1500K .......... .......... .......... .......... .......... 66% 75.3M 0s
  1550K .......... .......... .......... .......... .......... 68% 39.3M 0s
  1600K .......... .......... .......... .......... .......... 70%  297M 0s
  1650K .......... .......... .......... .......... .......... 72% 90.7M 0s
  1700K .......... .......... .......... .......... .......... 74% 26.5M 0s
  1750K .......... .......... .......... .......... .......... 76% 47.4M 0s
  1800K .......... .......... .......... .......... .......... 78%  282M 0s
  1850K .......... .......... .......... .......... .......... 81% 37.7M 0s
  1900K .......... .......... .......... .......... .......... 83% 58.3M 0s
  1950K .......... .......... .......... .......... .......... 85% 43.0M 0s
  2000K .......... .......... .......... .......... .......... 87% 91.6M 0s
  2050K .......... .......... .......... .......... .......... 89%  295M 0s
  2100K .......... .......... .......... .......... .......... 91% 34.7M 0s
  2150K .......... .......... .......... .......... .......... 93% 56.6M 0s
  2200K .......... .......... .......... .......... .......... 96%  232M 0s
  2250K .......... .......... .......... .......... .......... 98%  203M 0s
  2300K .......... .......... .......... .......... ..        100%  426M=0.3s

2026-09-23 06:37:13 (7.49 MB/s) - ‘utmccf.wordpress.com/wp-content/uploads/2018/11/screen-shot-2018-11-14-at-6-43-59-pm.png’ saved [2398342/2398342]

--2026-09-23 06:37:13--  https://utmccf.wordpress.com/wp-content/uploads/2018/11/screen-shot-2018-11-14-at-6-43-59-pm.png?w=115&h=150
Reusing existing connection to utmccf.wordpress.com:443.
HTTP request sent, awaiting response... 200 OK
Length: 16216 (16K) [image/png]
Saving to: ‘utmccf.wordpress.com/wp-content/uploads/2018/11/screen-shot-2018-11-14-at-6-43-59-pm.png@w=115&h=150’

     0K .......... .....                                      100%  341M=0s

2026-09-23 06:37:14 (341 MB/s) - ‘utmccf.wordpress.com/wp-content/uploads/2018/11/screen-shot-2018-11-14-at-6-43-59-pm.png@w=115&h=150’ saved [16216/16216]

--2026-09-23 06:37:14--  https://utmccf.wordpress.com/wp-content/uploads/2018/11/screen-shot-2018-11-14-at-6-43-59-pm.png?w=231&h=300
Reusing existing connection to utmccf.wordpress.com:443.
HTTP request sent, awaiting response... 200 OK
Length: 59857 (58K) [image/png]
Saving to: ‘utmccf.wordpress.com/wp-content/uploads/2018/11/screen-shot-2018-11-14-at-6-43-59-pm.png@w=231&h=300’

     0K .......... .......... .......... .......... .......... 85%  437M 0s
    50K ........                                              100% 15.7T=0s

2026-09-23 06:37:14 (511 MB/s) - ‘utmccf.wordpress.com/wp-content/uploads/2018/11/screen-shot-2018-11-14-at-6-43-59-pm.png@w=231&h=300’ saved [59857/59857]

--2026-09-23 06:37:14--  https://utmccf.wordpress.com/wp-content/uploads/2018/11/screen-shot-2018-11-14-at-6-43-59-pm.png?w=768&h=999
Reusing existing connection to utmccf.wordpress.com:443.
HTTP request sent, awaiting response... 200 OK
Length: 567338 (554K) [image/png]
Saving to: ‘utmccf.wordpress.com/wp-content/uploads/2018/11/screen-shot-2018-11-14-at-6-43-59-pm.png@w=768&h=999’

     0K .......... .......... .......... .......... ..........  9%  378M 0s
    50K .......... .......... .......... .......... .......... 18% 13.5M 0s
   100K .......... .......... .......... .......... .......... 27% 11.2M 0s
   150K .......... .......... .......... .......... .......... 36%  528K 0s
   200K .......... .......... .......... .......... .......... 45%  292M 0s
   250K .......... .......... .......... .......... .......... 54%  391K 0s
   300K .......... .......... .......... .......... .......... 63% 65.1M 0s
   350K .......... .......... .......... .......... .......... 72% 28.1M 0s
   400K .......... .......... .......... .......... .......... 81%  209M 0s
   450K .......... .......... .......... .......... .......... 90%  292M 0s
   500K .......... .......... .......... .......... .......... 99%  448M 0s
   550K ....                                                  100% 7.53T=0.2s

2026-09-23 06:37:15 (2.32 MB/s) - ‘utmccf.wordpress.com/wp-content/uploads/2018/11/screen-shot-2018-11-14-at-6-43-59-pm.png@w=768&h=999’ saved [567338/567338]

--2026-09-23 06:37:15--  https://utmccf.wordpress.com/wp-content/uploads/2018/11/screen-shot-2018-11-14-at-6-43-59-pm.png?w=787&h=1024
Reusing existing connection to utmccf.wordpress.com:443.
HTTP request sent, awaiting response... 200 OK
Length: 598720 (585K) [image/png]
Saving to: ‘utmccf.wordpress.com/wp-content/uploads/2018/11/screen-shot-2018-11-14-at-6-43-59-pm.png@w=787&h=1024’

     0K .......... .......... .......... .......... ..........  8%  345M 0s
    50K .......... .......... .......... .......... .......... 17% 11.5M 0s
   100K .......... .......... .......... .......... .......... 25% 15.1M 0s
   150K .......... .......... .......... .......... .......... 34% 17.6M 0s
   200K .......... .......... .......... .......... .......... 42%  140M 0s
   250K .......... .......... .......... .......... .......... 51% 13.2M 0s
   300K .......... .......... .......... .......... .......... 59% 16.2M 0s
   350K .......... .......... .......... .......... .......... 68% 11.6M 0s
   400K .......... .......... .......... .......... .......... 76% 22.0M 0s
   450K .......... .......... .......... .......... .......... 85%  107M 0s
   500K .......... .......... .......... .......... .......... 94%  126M 0s
   550K .......... .......... .......... ....                 100%  515M=0.02s

2026-09-23 06:37:15 (23.0 MB/s) - ‘utmccf.wordpress.com/wp-content/uploads/2018/11/screen-shot-2018-11-14-at-6-43-59-pm.png@w=787&h=1024’ saved [598720/598720]

--2026-09-23 06:37:15--  https://utmccf.wordpress.com/wp-content/uploads/2018/10/20181012-d2.png
Reusing existing connection to utmccf.wordpress.com:443.
HTTP request sent, awaiting response... 200 OK
Length: 1517747 (1.4M) [image/png]
Saving to: ‘utmccf.wordpress.com/wp-content/uploads/2018/10/20181012-d2.png’

     0K .......... .......... .......... .......... ..........  3%  397M 0s
    50K .......... .......... .......... .......... ..........  6% 7.71M 0s
   100K .......... .......... .......... .......... .......... 10% 6.85M 0s
   150K .......... .......... .......... .......... .......... 13% 4.71M 0s
   200K .......... .......... .......... .......... .......... 16%  126M 0s
   250K .......... .......... .......... .......... .......... 20% 20.5M 0s
   300K .......... .......... .......... .......... .......... 23% 54.7M 0s
   350K .......... .......... .......... .......... .......... 26% 17.8M 0s
   400K .......... .......... .......... .......... .......... 30%  708K 0s
   450K .......... .......... .......... .......... .......... 33%  322M 0s
   500K .......... .......... .......... .......... .......... 37% 28.5M 0s
   550K .......... .......... .......... .......... .......... 40% 34.7M 0s
   600K .......... .......... .......... .......... .......... 43% 35.8M 0s
   650K .......... .......... .......... .......... .......... 47%  237M 0s
   700K .......... .......... .......... .......... .......... 50% 34.1M 0s
   750K .......... .......... .......... .......... .......... 53% 31.8M 0s
   800K .......... .......... .......... .......... .......... 57% 9.10M 0s
   850K .......... .......... .......... .......... .......... 60% 34.7M 0s
   900K .......... .......... .......... .......... .......... 64%  262M 0s
   950K .......... .......... .......... .......... .......... 67% 19.4M 0s
  1000K .......... .......... .......... .......... .......... 70% 21.2M 0s
  1050K .......... .......... .......... .......... .......... 74% 24.3M 0s
  1100K .......... .......... .......... .......... .......... 77%  334M 0s
  1150K .......... .......... .......... .......... .......... 80% 4.59M 0s
  1200K .......... .......... .......... .......... .......... 84% 31.6M 0s
  1250K .......... .......... .......... .......... .......... 87% 28.6M 0s
  1300K .......... .......... .......... .......... .......... 91% 73.6M 0s
  1350K .......... .......... .......... .......... .......... 94%  279M 0s
  1400K .......... .......... .......... .......... .......... 97% 78.9M 0s
  1450K .......... .......... .......... ..                   100%  324M=0.1s

2026-09-23 06:37:16 (10.5 MB/s) - ‘utmccf.wordpress.com/wp-content/uploads/2018/10/20181012-d2.png’ saved [1517747/1517747]

--2026-09-23 06:37:16--  https://utmccf.wordpress.com/wp-content/uploads/2018/10/20181012-d2.png?w=107&h=150
Reusing existing connection to utmccf.wordpress.com:443.
HTTP request sent, awaiting response... 200 OK
Length: 9379 (9.2K) [image/png]
Saving to: ‘utmccf.wordpress.com/wp-content/uploads/2018/10/20181012-d2.png@w=107&h=150’

     0K .........                                             100% 27.2G=0s

2026-09-23 06:37:16 (27.2 GB/s) - ‘utmccf.wordpress.com/wp-content/uploads/2018/10/20181012-d2.png@w=107&h=150’ saved [9379/9379]

--2026-09-23 06:37:16--  https://utmccf.wordpress.com/wp-content/uploads/2018/10/20181012-d2.png?w=214&h=300
Reusing existing connection to utmccf.wordpress.com:443.
HTTP request sent, awaiting response... 200 OK
Length: 26939 (26K) [image/png]
Saving to: ‘utmccf.wordpress.com/wp-content/uploads/2018/10/20181012-d2.png@w=214&h=300’

     0K .......... .......... ......                          100%  594M=0s

2026-09-23 06:37:16 (594 MB/s) - ‘utmccf.wordpress.com/wp-content/uploads/2018/10/20181012-d2.png@w=214&h=300’ saved [26939/26939]

--2026-09-23 06:37:16--  https://utmccf.wordpress.com/wp-content/uploads/2018/10/20181012-d2.png?w=768&h=1075
Reusing existing connection to utmccf.wordpress.com:443.
HTTP request sent, awaiting response... 200 OK
Length: 227231 (222K) [image/png]
Saving to: ‘utmccf.wordpress.com/wp-content/uploads/2018/10/20181012-d2.png@w=768&h=1075’

     0K .......... .......... .......... .......... .......... 22%  384M 0s
    50K .......... .......... .......... .......... .......... 45% 14.9M 0s
   100K .......... .......... .......... .......... .......... 67% 53.6M 0s
   150K .......... .......... .......... .......... .......... 90%  372M 0s
   200K .......... .......... .                               100%  401M=0.004s

2026-09-23 06:37:17 (48.2 MB/s) - ‘utmccf.wordpress.com/wp-content/uploads/2018/10/20181012-d2.png@w=768&h=1075’ saved [227231/227231]

--2026-09-23 06:37:17--  https://utmccf.wordpress.com/wp-content/uploads/2018/10/20181012-d2.png?w=731&h=1024
Reusing existing connection to utmccf.wordpress.com:443.
HTTP request sent, awaiting response... 200 OK
Length: 211751 (207K) [image/png]
Saving to: ‘utmccf.wordpress.com/wp-content/uploads/2018/10/20181012-d2.png@w=731&h=1024’

     0K .......... .......... .......... .......... .......... 24%  275M 0s
    50K .......... .......... .......... .......... .......... 48% 4.40M 0s
   100K .......... .......... .......... .......... .......... 72% 27.0M 0s
   150K .......... .......... .......... .......... .......... 96%  316M 0s
   200K ......                                                100% 12.6T=0.01s

2026-09-23 06:37:17 (15.2 MB/s) - ‘utmccf.wordpress.com/wp-content/uploads/2018/10/20181012-d2.png@w=731&h=1024’ saved [211751/211751]

--2026-09-23 06:37:17--  https://utmccf.wordpress.com/wp-content/uploads/2018/10/20181012-d2.png?w=1440&h=2016
Reusing existing connection to utmccf.wordpress.com:443.
HTTP request sent, awaiting response... 200 OK
Length: 666931 (651K) [image/png]
Saving to: ‘utmccf.wordpress.com/wp-content/uploads/2018/10/20181012-d2.png@w=1440&h=2016’

     0K .......... .......... .......... .......... ..........  7%  129M 0s
    50K .......... .......... .......... .......... .......... 15%  302K 1s
   100K .......... .......... .......... .......... .......... 23% 5.99M 1s
   150K .......... .......... .......... .......... .......... 30% 4.24M 0s
   200K .......... .......... .......... .......... .......... 38%  240M 0s
   250K .......... .......... .......... .......... .......... 46% 6.54M 0s
   300K .......... .......... .......... .......... .......... 53% 7.68M 0s
   350K .......... .......... .......... .......... .......... 61% 12.0M 0s
   400K .......... .......... .......... .......... .......... 69% 15.6M 0s
   450K .......... .......... .......... .......... .......... 76%  304M 0s
   500K .......... .......... .......... .......... .......... 84% 17.1M 0s
   550K .......... .......... .......... .......... .......... 92%  311M 0s
   600K .......... .......... .......... .......... .......... 99%  400M 0s
   650K .                                                     100% 2.42T=0.2s

2026-09-23 06:37:19 (3.03 MB/s) - ‘utmccf.wordpress.com/wp-content/uploads/2018/10/20181012-d2.png@w=1440&h=2016’ saved [666931/666931]

--2026-09-23 06:37:19--  https://utmccf.wordpress.com/wp-content/uploads/2018/12/20180914-poster-v3-v-small.png
Reusing existing connection to utmccf.wordpress.com:443.
HTTP request sent, awaiting response... 200 OK
Length: 5354105 (5.1M) [image/png]
Saving to: ‘utmccf.wordpress.com/wp-content/uploads/2018/12/20180914-poster-v3-v-small.png’

     0K .......... .......... .......... .......... ..........  0%  435M 0s
    50K .......... .......... .......... .......... ..........  1% 5.22M 0s
   100K .......... .......... .......... .......... ..........  2% 8.14M 1s
   150K .......... .......... .......... .......... ..........  3% 8.62M 1s
   200K .......... .......... .......... .......... ..........  4%  283M 0s
   250K .......... .......... .......... .......... ..........  5% 9.63M 0s
   300K .......... .......... .......... .......... ..........  6% 11.7M 0s
   350K .......... .......... .......... .......... ..........  7% 16.3M 0s
   400K .......... .......... .......... .......... ..........  8% 18.0M 0s
   450K .......... .......... .......... .......... ..........  9%  317M 0s
   500K .......... .......... .......... .......... .......... 10% 19.9M 0s
   550K .......... .......... .......... .......... .......... 11% 20.4M 0s
   600K .......... .......... .......... .......... .......... 12% 23.7M 0s
   650K .......... .......... .......... .......... .......... 13%  360M 0s
   700K .......... .......... .......... .......... .......... 14% 28.5M 0s
   750K .......... .......... .......... .......... .......... 15% 27.2M 0s
   800K .......... .......... .......... .......... .......... 16% 36.2M 0s
   850K .......... .......... .......... .......... .......... 17% 19.8M 0s
   900K .......... .......... .......... .......... .......... 18%  358M 0s
   950K .......... .......... .......... .......... .......... 19% 37.6M 0s
  1000K .......... .......... .......... .......... .......... 20% 34.0M 0s
  1050K .......... .......... .......... .......... .......... 21% 38.4M 0s
  1100K .......... .......... .......... .......... .......... 21%  235M 0s
  1150K .......... .......... .......... .......... .......... 22% 28.0M 0s
  1200K .......... .......... .......... .......... .......... 23% 47.4M 0s
  1250K .......... .......... .......... .......... .......... 24% 51.2M 0s
  1300K .......... .......... .......... .......... .......... 25% 49.0M 0s
  1350K .......... .......... .......... .......... .......... 26%  279M 0s
  1400K .......... .......... .......... .......... .......... 27% 51.2M 0s
  1450K .......... .......... .......... .......... .......... 28% 59.1M 0s
  1500K .......... .......... .......... .......... .......... 29% 38.1M 0s
  1550K .......... .......... .......... .......... .......... 30% 59.9M 0s
  1600K .......... .......... .......... .......... .......... 31%  296M 0s
  1650K .......... .......... .......... .......... .......... 32% 47.7M 0s
  1700K .......... .......... .......... .......... .......... 33% 93.0M 0s
  1750K .......... .......... .......... .......... .......... 34% 51.1M 0s
  1800K .......... .......... .......... .......... .......... 35%  273M 0s
  1850K .......... .......... .......... .......... .......... 36% 67.1M 0s
  1900K .......... .......... .......... .......... .......... 37%  145M 0s
  1950K .......... .......... .......... .......... .......... 38% 50.8M 0s
  2000K .......... .......... .......... .......... .......... 39% 52.9M 0s
  2050K .......... .......... .......... .......... .......... 40%  368M 0s
  2100K .......... .......... .......... .......... .......... 41% 97.3M 0s
  2150K .......... .......... .......... .......... .......... 42% 54.7M 0s
  2200K .......... .......... .......... .......... .......... 43% 76.7M 0s
  2250K .......... .......... .......... .......... .......... 43%  350M 0s
  2300K .......... .......... .......... .......... .......... 44% 49.0M 0s
  2350K .......... .......... .......... .......... .......... 45%  261M 0s
  2400K .......... .......... .......... .......... .......... 46% 77.7M 0s
  2450K .......... .......... .......... .......... .......... 47% 62.2M 0s
  2500K .......... .......... .......... .......... .......... 48%  271M 0s
  2550K .......... .......... .......... .......... .......... 49%  164M 0s
  2600K .......... .......... .......... .......... .......... 50% 74.5M 0s
  2650K .......... .......... .......... .......... .......... 51% 61.7M 0s
  2700K .......... .......... .......... .......... .......... 52%  171M 0s
  2750K .......... .......... .......... .......... .......... 53%  294M 0s
  2800K .......... .......... .......... .......... .......... 54% 56.1M 0s
  2850K .......... .......... .......... .......... .......... 55%  357M 0s
  2900K .......... .......... .......... .......... .......... 56% 91.7M 0s
  2950K .......... .......... .......... .......... .......... 57%  266M 0s
  3000K .......... .......... .......... .......... .......... 58%  104M 0s
  3050K .......... .......... .......... .......... .......... 59%  119M 0s
  3100K .......... .......... .......... .......... .......... 60%  157M 0s
  3150K .......... .......... .......... .......... .......... 61% 52.9M 0s
  3200K .......... .......... .......... .......... .......... 62%  247M 0s
  3250K .......... .......... .......... .......... .......... 63%  277M 0s
  3300K .......... .......... .......... .......... .......... 64%  201M 0s
  3350K .......... .......... .......... .......... .......... 65%  131M 0s
  3400K .......... .......... .......... .......... .......... 65%  192M 0s
  3450K .......... .......... .......... .......... .......... 66% 84.2M 0s
  3500K .......... .......... .......... .......... .......... 67%  142M 0s
  3550K .......... .......... .......... .......... .......... 68%  119M 0s
  3600K .......... .......... .......... .......... .......... 69%  128M 0s
  3650K .......... .......... .......... .......... .......... 70%  261M 0s
  3700K .......... .......... .......... .......... .......... 71%  102M 0s
  3750K .......... .......... .......... .......... .......... 72%  245M 0s
  3800K .......... .......... .......... .......... .......... 73%  119M 0s
  3850K .......... .......... .......... .......... .......... 74%  278M 0s
  3900K .......... .......... .......... .......... .......... 75%  218M 0s
  3950K .......... .......... .......... .......... .......... 76% 97.5M 0s
  4000K .......... .......... .......... .......... .......... 77%  142M 0s
  4050K .......... .......... .......... .......... .......... 78%  153M 0s
  4100K .......... .......... .......... .......... .......... 79%  193M 0s
  4150K .......... .......... .......... .......... .......... 80%  107M 0s
  4200K .......... .......... .......... .......... .......... 81%  236M 0s
  4250K .......... .......... .......... .......... .......... 82%  261M 0s
  4300K .......... .......... .......... .......... .......... 83%  291M 0s
  4350K .......... .......... .......... .......... .......... 84%  173M 0s
  4400K .......... .......... .......... .......... .......... 85%  291M 0s
  4450K .......... .......... .......... .......... .......... 86%  102M 0s
  4500K .......... .......... .......... .......... .......... 87%  247M 0s
  4550K .......... .......... .......... .......... .......... 87%  288M 0s
  4600K .......... .......... .......... .......... .......... 88% 77.6M 0s
  4650K .......... .......... .......... .......... .......... 89%  296M 0s
  4700K .......... .......... .......... .......... .......... 90% 84.2M 0s
  4750K .......... .......... .......... .......... .......... 91%  251M 0s
  4800K .......... .......... .......... .......... .......... 92%  311M 0s
  4850K .......... .......... .......... .......... .......... 93%  226M 0s
  4900K .......... .......... .......... .......... .......... 94% 86.3M 0s
  4950K .......... .......... .......... .......... .......... 95%  228M 0s
  5000K .......... .......... .......... .......... .......... 96%  309M 0s
  5050K .......... .......... .......... .......... .......... 97%  362M 0s
  5100K .......... .......... .......... .......... .......... 98%  234M 0s
  5150K .......... .......... .......... .......... .......... 99%  250M 0s
  5200K .......... .......... ........                        100%  663M=0.09s

2026-09-23 06:37:19 (55.1 MB/s) - ‘utmccf.wordpress.com/wp-content/uploads/2018/12/20180914-poster-v3-v-small.png’ saved [5354105/5354105]

--2026-09-23 06:37:19--  https://utmccf.wordpress.com/wp-content/uploads/2018/12/20180914-poster-v3-v-small.png?w=120&h=150
Reusing existing connection to utmccf.wordpress.com:443.
HTTP request sent, awaiting response... 200 OK
Length: 15771 (15K) [image/png]
Saving to: ‘utmccf.wordpress.com/wp-content/uploads/2018/12/20180914-poster-v3-v-small.png@w=120&h=150’

     0K .......... .....                                      100% 29.3G=0s

2026-09-23 06:37:20 (29.3 GB/s) - ‘utmccf.wordpress.com/wp-content/uploads/2018/12/20180914-poster-v3-v-small.png@w=120&h=150’ saved [15771/15771]

--2026-09-23 06:37:20--  https://utmccf.wordpress.com/wp-content/uploads/2018/12/20180914-poster-v3-v-small.png?w=240&h=300
Reusing existing connection to utmccf.wordpress.com:443.
HTTP request sent, awaiting response... 200 OK
Length: 52588 (51K) [image/png]
Saving to: ‘utmccf.wordpress.com/wp-content/uploads/2018/12/20180914-poster-v3-v-small.png@w=240&h=300’

     0K .......... .......... .......... .......... .......... 97%  413M 0s
    50K .                                                     100% 2.52T=0s

2026-09-23 06:37:20 (424 MB/s) - ‘utmccf.wordpress.com/wp-content/uploads/2018/12/20180914-poster-v3-v-small.png@w=240&h=300’ saved [52588/52588]

--2026-09-23 06:37:20--  https://utmccf.wordpress.com/wp-content/uploads/2018/12/20180914-poster-v3-v-small.png?w=768&h=962
Reusing existing connection to utmccf.wordpress.com:443.
HTTP request sent, awaiting response... 200 OK
Length: 500566 (489K) [image/png]
Saving to: ‘utmccf.wordpress.com/wp-content/uploads/2018/12/20180914-poster-v3-v-small.png@w=768&h=962’

     0K .......... .......... .......... .......... .......... 10%  355M 0s
    50K .......... .......... .......... .......... .......... 20% 3.80M 0s
   100K .......... .......... .......... .......... .......... 30% 7.60M 0s
   150K .......... .......... .......... .......... .......... 40% 4.60M 0s
   200K .......... .......... .......... .......... .......... 51%  124M 0s
   250K .......... .......... .......... .......... .......... 61% 13.6M 0s
   300K .......... .......... .......... .......... .......... 71% 5.30M 0s
   350K .......... .......... .......... .......... .......... 81% 22.4M 0s
   400K .......... .......... .......... .......... .......... 92%  409M 0s
   450K .......... .......... .......... ........             100%  621M=0.05s

2026-09-23 06:37:21 (10.5 MB/s) - ‘utmccf.wordpress.com/wp-content/uploads/2018/12/20180914-poster-v3-v-small.png@w=768&h=962’ saved [500566/500566]

--2026-09-23 06:37:21--  https://utmccf.wordpress.com/wp-content/uploads/2018/12/20180914-poster-v3-v-small.png?w=818&h=1024
Reusing existing connection to utmccf.wordpress.com:443.
HTTP request sent, awaiting response... 200 OK
Length: 563038 (550K) [image/png]
Saving to: ‘utmccf.wordpress.com/wp-content/uploads/2018/12/20180914-poster-v3-v-small.png@w=818&h=1024’

     0K .......... .......... .......... .......... ..........  9%  359M 0s
    50K .......... .......... .......... .......... .......... 18% 5.08M 0s
   100K .......... .......... .......... .......... .......... 27% 7.00M 0s
   150K .......... .......... .......... .......... .......... 36% 8.71M 0s
   200K .......... .......... .......... .......... .......... 45%  307M 0s
   250K .......... .......... .......... .......... .......... 54% 9.97M 0s
   300K .......... .......... .......... .......... .......... 63% 10.9M 0s
   350K .......... .......... .......... .......... .......... 72% 16.1M 0s
   400K .......... .......... .......... .......... .......... 81% 61.1M 0s
   450K .......... .......... .......... .......... .......... 90%  272M 0s
   500K .......... .......... .......... .......... ......... 100%  379M=0.04s

2026-09-23 06:37:21 (14.9 MB/s) - ‘utmccf.wordpress.com/wp-content/uploads/2018/12/20180914-poster-v3-v-small.png@w=818&h=1024’ saved [563038/563038]

--2026-09-23 06:37:21--  https://utmccf.wordpress.com/wp-content/uploads/2018/12/20180914-poster-v3-v-small.png?w=1440&h=1803
Reusing existing connection to utmccf.wordpress.com:443.
HTTP request sent, awaiting response... 200 OK
Length: 1768704 (1.7M) [image/png]
Saving to: ‘utmccf.wordpress.com/wp-content/uploads/2018/12/20180914-poster-v3-v-small.png@w=1440&h=1803’

     0K .......... .......... .......... .......... ..........  2%  150M 0s
    50K .......... .......... .......... .......... ..........  5% 29.6M 0s
   100K .......... .......... .......... .......... ..........  8% 15.4M 0s
   150K .......... .......... .......... .......... .......... 11% 25.4M 0s
   200K .......... .......... .......... .......... .......... 14%  203M 0s
   250K .......... .......... .......... .......... .......... 17% 20.4M 0s
   300K .......... .......... .......... .......... .......... 20% 26.3M 0s
   350K .......... .......... .......... .......... .......... 23% 23.2M 0s
   400K .......... .......... .......... .......... .......... 26% 25.7M 0s
   450K .......... .......... .......... .......... .......... 28%  198M 0s
   500K .......... .......... .......... .......... .......... 31% 19.8M 0s
   550K .......... .......... .......... .......... .......... 34% 24.8M 0s
   600K .......... .......... .......... .......... .......... 37% 21.0M 0s
   650K .......... .......... .......... .......... .......... 40% 26.1M 0s
   700K .......... .......... .......... .......... .......... 43%  318M 0s
   750K .......... .......... .......... .......... .......... 46% 20.4M 0s
   800K .......... .......... .......... .......... .......... 49% 29.4M 0s
   850K .......... .......... .......... .......... .......... 52% 27.5M 0s
   900K .......... .......... .......... .......... .......... 55%  290M 0s
   950K .......... .......... .......... .......... .......... 57% 26.1M 0s
  1000K .......... .......... .......... .......... .......... 60% 28.6M 0s
  1050K .......... .......... .......... .......... .......... 63% 32.9M 0s
  1100K .......... .......... .......... .......... .......... 66% 99.9M 0s
  1150K .......... .......... .......... .......... .......... 69%  314M 0s
  1200K .......... .......... .......... .......... .......... 72% 76.2M 0s
  1250K .......... .......... .......... .......... .......... 75% 45.6M 0s
  1300K .......... .......... .......... .......... .......... 78% 75.1M 0s
  1350K .......... .......... .......... .......... .......... 81%  463M 0s
  1400K .......... .......... .......... .......... .......... 83%  132M 0s
  1450K .......... .......... .......... .......... .......... 86% 64.7M 0s
  1500K .......... .......... .......... .......... .......... 89% 68.6M 0s
  1550K .......... .......... .......... .......... .......... 92% 73.8M 0s
  1600K .......... .......... .......... .......... .......... 95%  373M 0s
  1650K .......... .......... .......... .......... .......... 98%  308M 0s
  1700K .......... .......... .......                         100% 76.9M=0.04s

2026-09-23 06:37:23 (40.2 MB/s) - ‘utmccf.wordpress.com/wp-content/uploads/2018/12/20180914-poster-v3-v-small.png@w=1440&h=1803’ saved [1768704/1768704]

--2026-09-23 06:37:23--  https://utmccf.wordpress.com/type/gallery/
Reusing existing connection to utmccf.wordpress.com:443.
HTTP request sent, awaiting response... 200 OK
Length: unspecified [text/html]
Saving to: ‘utmccf.wordpress.com/type/gallery/index.html’

     0K .......... .......... .......... .......... ..........  388M
    50K .......... .......... .......... .......... .......... 96.5M
   100K .......... .....                                        408M=0.001s

Last-modified header missing -- time-stamps turned off.
2026-09-23 06:37:23 (168 MB/s) - ‘utmccf.wordpress.com/type/gallery/index.html’ saved [117806]

--2026-09-23 06:37:23--  https://utmccf.wordpress.com/category/%e8%bf%87%e5%8e%bb%e6%b4%bb%e5%8a%a8-past-events/
Reusing existing connection to utmccf.wordpress.com:443.
HTTP request sent, awaiting response... 200 OK
Length: unspecified [text/html]
Saving to: ‘utmccf.wordpress.com/category/过去活动-past-events/index.html’

     0K .......... .......... .......... .......... ..........  211M
    50K .......... .......... .......... .......... ..........  216M
   100K .......... .......... .......... .......... ..........  208M
   150K .......... .......... .......... .......... ..........  334M
   200K .......... .......... .......... .........              226M=0.001s

Last-modified header missing -- time-stamps turned off.
2026-09-23 06:37:23 (232 MB/s) - ‘utmccf.wordpress.com/category/过去活动-past-events/index.html’ saved [244878]

--2026-09-23 06:37:23--  https://utmccf.wordpress.com/2014/10/15/movie-night/
Reusing existing connection to utmccf.wordpress.com:443.
HTTP request sent, awaiting response... 200 OK
Length: unspecified [text/html]
Saving to: ‘utmccf.wordpress.com/2014/10/15/movie-night/index.html’

     0K .......... .......... .......... .......... ..........  395M
    50K .......... .......... .......... .......... ........    503M=0s

Last-modified header missing -- time-stamps turned off.
2026-09-23 06:37:23 (442 MB/s) - ‘utmccf.wordpress.com/2014/10/15/movie-night/index.html’ saved [100877]

--2026-09-23 06:37:23--  https://utmccf.wordpress.com/wp-content/uploads/2022/08/2018-1.png?w=1080&
Reusing existing connection to utmccf.wordpress.com:443.
HTTP request sent, awaiting response... 200 OK
Length: 27891 (27K) [image/png]
Saving to: ‘utmccf.wordpress.com/wp-content/uploads/2022/08/2018-1.png@w=1080&’

     0K .......... .......... .......                         100%  458M=0s

2026-09-23 06:37:23 (458 MB/s) - ‘utmccf.wordpress.com/wp-content/uploads/2022/08/2018-1.png@w=1080&’ saved [27891/27891]

--2026-09-23 06:37:23--  https://utmccf.wordpress.com/wp-content/mu-plugins/jetpack-mu-wpcom-plugin/moon/jetpack_vendor/automattic/jetpack-classic-theme-helper/dist/responsive-videos/responsive-videos.css?m=1737738052i&cssminify=yes
Reusing existing connection to utmccf.wordpress.com:443.
HTTP request sent, awaiting response... 200 OK
Length: 181 [text/css]
Saving to: ‘utmccf.wordpress.com/wp-content/mu-plugins/jetpack-mu-wpcom-plugin/moon/jetpack_vendor/automattic/jetpack-classic-theme-helper/dist/responsive-videos/responsive-videos.css@m=1737738052i&cssminify=yes.css’

     0K                                                       100% 1009M=0s

Last-modified header missing -- time-stamps turned off.
2026-09-23 06:37:23 (1009 MB/s) - ‘utmccf.wordpress.com/wp-content/mu-plugins/jetpack-mu-wpcom-plugin/moon/jetpack_vendor/automattic/jetpack-classic-theme-helper/dist/responsive-videos/responsive-videos.css@m=1737738052i&cssminify=yes.css’ saved [181/181]

--2026-09-23 06:37:23--  https://utmccf.wordpress.com/wp-content/uploads/2022/08/2018-1.png?w=648
Reusing existing connection to utmccf.wordpress.com:443.
HTTP request sent, awaiting response... 200 OK
Length: 21079 (21K) [image/png]
Saving to: ‘utmccf.wordpress.com/wp-content/uploads/2022/08/2018-1.png@w=648’

     0K .......... ..........                                 100%  470M=0s

2026-09-23 06:37:24 (470 MB/s) - ‘utmccf.wordpress.com/wp-content/uploads/2022/08/2018-1.png@w=648’ saved [21079/21079]

--2026-09-23 06:37:24--  https://utmccf.wordpress.com/wp-content/uploads/2022/08/final.png?strip=info&w=600
Reusing existing connection to utmccf.wordpress.com:443.
HTTP request sent, awaiting response... 200 OK
Length: 65400 (64K) [image/png]
Saving to: ‘utmccf.wordpress.com/wp-content/uploads/2022/08/final.png@strip=info&w=600’

     0K .......... .......... .......... .......... .......... 78%  191M 0s
    50K .......... ...                                        100%  384M=0s

2026-09-23 06:37:24 (214 MB/s) - ‘utmccf.wordpress.com/wp-content/uploads/2022/08/final.png@strip=info&w=600’ saved [65400/65400]

--2026-09-23 06:37:24--  https://utmccf.wordpress.com/wp-content/uploads/2022/08/final.png?strip=info&w=900
Reusing existing connection to utmccf.wordpress.com:443.
HTTP request sent, awaiting response... 200 OK
Length: 111022 (108K) [image/png]
Saving to: ‘utmccf.wordpress.com/wp-content/uploads/2022/08/final.png@strip=info&w=900’

     0K .......... .......... .......... .......... .......... 46%  276M 0s
    50K .......... .......... .......... .......... .......... 92%  410M 0s
   100K ........                                              100% 15.7T=0s

2026-09-23 06:37:25 (358 MB/s) - ‘utmccf.wordpress.com/wp-content/uploads/2022/08/final.png@strip=info&w=900’ saved [111022/111022]

--2026-09-23 06:37:25--  https://utmccf.wordpress.com/wp-content/uploads/2022/08/final.png?strip=info&w=1200
Reusing existing connection to utmccf.wordpress.com:443.
HTTP request sent, awaiting response... 200 OK
Length: 165584 (162K) [image/png]
Saving to: ‘utmccf.wordpress.com/wp-content/uploads/2022/08/final.png@strip=info&w=1200’

     0K .......... .......... .......... .......... .......... 30%  126M 0s
    50K .......... .......... .......... .......... .......... 61% 9.88M 0s
   100K .......... .......... .......... .......... .......... 92%  237M 0s
   150K .......... .                                          100%  418M=0.006s

2026-09-23 06:37:26 (28.4 MB/s) - ‘utmccf.wordpress.com/wp-content/uploads/2022/08/final.png@strip=info&w=1200’ saved [165584/165584]

--2026-09-23 06:37:26--  https://utmccf.wordpress.com/wp-content/uploads/2022/08/final.png?strip=info&w=1500
Reusing existing connection to utmccf.wordpress.com:443.
HTTP request sent, awaiting response... 200 OK
Length: 227443 (222K) [image/png]
Saving to: ‘utmccf.wordpress.com/wp-content/uploads/2022/08/final.png@strip=info&w=1500’

     0K .......... .......... .......... .......... .......... 22%  158M 0s
    50K .......... .......... .......... .......... .......... 45%  392K 0s
   100K .......... .......... .......... .......... .......... 67% 26.5M 0s
   150K .......... .......... .......... .......... .......... 90%  227M 0s
   200K .......... .......... ..                              100%  363M=0.1s

2026-09-23 06:37:27 (1.67 MB/s) - ‘utmccf.wordpress.com/wp-content/uploads/2022/08/final.png@strip=info&w=1500’ saved [227443/227443]

--2026-09-23 06:37:27--  https://utmccf.wordpress.com/wp-content/uploads/2022/08/final.png?strip=info&w=1728
Reusing existing connection to utmccf.wordpress.com:443.
HTTP request sent, awaiting response... 200 OK
Length: 204535 (200K) [image/png]
Saving to: ‘utmccf.wordpress.com/wp-content/uploads/2022/08/final.png@strip=info&w=1728’

     0K .......... .......... .......... .......... .......... 25%  147M 0s
    50K .......... .......... .......... .......... .......... 50% 18.6M 0s
   100K .......... .......... .......... .......... .......... 75% 55.6M 0s
   150K .......... .......... .......... .......... ......... 100%  243M=0.004s

2026-09-23 06:37:28 (48.3 MB/s) - ‘utmccf.wordpress.com/wp-content/uploads/2022/08/final.png@strip=info&w=1728’ saved [204535/204535]

--2026-09-23 06:37:28--  https://utmccf.wordpress.com/wp-content/uploads/2022/08/final.png
Reusing existing connection to utmccf.wordpress.com:443.
HTTP request sent, awaiting response... 200 OK
Length: 467688 (457K) [image/png]
Saving to: ‘utmccf.wordpress.com/wp-content/uploads/2022/08/final.png’

     0K .......... .......... .......... .......... .......... 10% 6.59M 0s
    50K .......... .......... .......... .......... .......... 21%  323M 0s
   100K .......... .......... .......... .......... .......... 32% 6.25M 0s
   150K .......... .......... .......... .......... .......... 43% 9.69M 0s
   200K .......... .......... .......... .......... .......... 54% 9.45M 0s
   250K .......... .......... .......... .......... .......... 65%  367M 0s
   300K .......... .......... .......... .......... .......... 76% 13.0M 0s
   350K .......... .......... .......... .......... .......... 87%  297M 0s
   400K .......... .......... .......... .......... .......... 98%  329M 0s
   450K ......                                                100% 12.5T=0.03s

2026-09-23 06:37:29 (15.0 MB/s) - ‘utmccf.wordpress.com/wp-content/uploads/2022/08/final.png’ saved [467688/467688]

--2026-09-23 06:37:29--  https://utmccf.wordpress.com/wp-content/uploads/2022/08/dsc00256.jpg?strip=info&w=600
Reusing existing connection to utmccf.wordpress.com:443.
HTTP request sent, awaiting response... 200 OK
Length: 55154 (54K) [image/jpeg]
Saving to: ‘utmccf.wordpress.com/wp-content/uploads/2022/08/dsc00256.jpg@strip=info&w=600’

     0K .......... .......... .......... .......... .......... 92%  431M 0s
    50K ...                                                   100% 7.19T=0s

2026-09-23 06:37:29 (465 MB/s) - ‘utmccf.wordpress.com/wp-content/uploads/2022/08/dsc00256.jpg@strip=info&w=600’ saved [55154/55154]

--2026-09-23 06:37:29--  https://utmccf.wordpress.com/wp-content/uploads/2022/08/dsc00256.jpg?strip=info&w=900
Reusing existing connection to utmccf.wordpress.com:443.
HTTP request sent, awaiting response... 200 OK
Length: 104363 (102K) [image/jpeg]
Saving to: ‘utmccf.wordpress.com/wp-content/uploads/2022/08/dsc00256.jpg@strip=info&w=900’

     0K .......... .......... .......... .......... .......... 49%  345M 0s
    50K .......... .......... .......... .......... .......... 98%  482M 0s
   100K .                                                     100% 3.57T=0s

2026-09-23 06:37:29 (410 MB/s) - ‘utmccf.wordpress.com/wp-content/uploads/2022/08/dsc00256.jpg@strip=info&w=900’ saved [104363/104363]

--2026-09-23 06:37:29--  https://utmccf.wordpress.com/wp-content/uploads/2022/08/dsc00256.jpg?strip=info&w=1200
Reusing existing connection to utmccf.wordpress.com:443.
HTTP request sent, awaiting response... 200 OK
Length: 162807 (159K) [image/jpeg]
Saving to: ‘utmccf.wordpress.com/wp-content/uploads/2022/08/dsc00256.jpg@strip=info&w=1200’

     0K .......... .......... .......... .......... .......... 31%  161M 0s
    50K .......... .......... .......... .......... .......... 62% 33.7M 0s
   100K .......... .......... .......... .......... .......... 94%  538M 0s
   150K ........                                              100% 16.7T=0.002s

2026-09-23 06:37:30 (84.2 MB/s) - ‘utmccf.wordpress.com/wp-content/uploads/2022/08/dsc00256.jpg@strip=info&w=1200’ saved [162807/162807]

--2026-09-23 06:37:30--  https://utmccf.wordpress.com/wp-content/uploads/2022/08/dsc00256.jpg?strip=info&w=1500
Reusing existing connection to utmccf.wordpress.com:443.
HTTP request sent, awaiting response... 200 OK
Length: 230698 (225K) [image/jpeg]
Saving to: ‘utmccf.wordpress.com/wp-content/uploads/2022/08/dsc00256.jpg@strip=info&w=1500’

     0K .......... .......... .......... .......... .......... 22%  366M 0s
    50K .......... .......... .......... .......... .......... 44% 6.37M 0s
   100K .......... .......... .......... .......... .......... 66% 14.1M 0s
   150K .......... .......... .......... .......... .......... 88%  343M 0s
   200K .......... .......... .....                           100%  333M=0.01s

2026-09-23 06:37:30 (19.1 MB/s) - ‘utmccf.wordpress.com/wp-content/uploads/2022/08/dsc00256.jpg@strip=info&w=1500’ saved [230698/230698]

--2026-09-23 06:37:30--  https://utmccf.wordpress.com/wp-content/uploads/2022/08/dsc00256.jpg?strip=info&w=1800
Reusing existing connection to utmccf.wordpress.com:443.
HTTP request sent, awaiting response... 200 OK
Length: 304829 (298K) [image/jpeg]
Saving to: ‘utmccf.wordpress.com/wp-content/uploads/2022/08/dsc00256.jpg@strip=info&w=1800’

     0K .......... .......... .......... .......... .......... 16%  356M 0s
    50K .......... .......... .......... .......... .......... 33% 10.7M 0s
   100K .......... .......... .......... .......... .......... 50% 10.7M 0s
   150K .......... .......... .......... .......... .......... 67% 19.6M 0s
   200K .......... .......... .......... .......... .......... 83%  373M 0s
   250K .......... .......... .......... .......... .......   100%  266M=0.01s

2026-09-23 06:37:31 (24.1 MB/s) - ‘utmccf.wordpress.com/wp-content/uploads/2022/08/dsc00256.jpg@strip=info&w=1800’ saved [304829/304829]

--2026-09-23 06:37:31--  https://utmccf.wordpress.com/wp-content/uploads/2022/08/dsc00256.jpg?strip=info&w=2000
Reusing existing connection to utmccf.wordpress.com:443.
HTTP request sent, awaiting response... 200 OK
Length: 360170 (352K) [image/jpeg]
Saving to: ‘utmccf.wordpress.com/wp-content/uploads/2022/08/dsc00256.jpg@strip=info&w=2000’

     0K .......... .......... .......... .......... .......... 14%  434M 0s
    50K .......... .......... .......... .......... .......... 28% 5.83M 0s
   100K .......... .......... .......... .......... .......... 42% 20.3M 0s
   150K .......... .......... .......... .......... .......... 56% 26.3M 0s
   200K .......... .......... .......... .......... .......... 71%  319M 0s
   250K .......... .......... .......... .......... .......... 85% 23.3M 0s
   300K .......... .......... .......... .......... .......... 99%  386M 0s
   350K .                                                     100% 49.7M=0.02s

2026-09-23 06:37:31 (22.7 MB/s) - ‘utmccf.wordpress.com/wp-content/uploads/2022/08/dsc00256.jpg@strip=info&w=2000’ saved [360170/360170]

--2026-09-23 06:37:31--  https://utmccf.wordpress.com/wp-content/uploads/2022/08/dsc00256.jpg
Reusing existing connection to utmccf.wordpress.com:443.
HTTP request sent, awaiting response... 200 OK
Length: 716698 (700K) [image/jpeg]
Saving to: ‘utmccf.wordpress.com/wp-content/uploads/2022/08/dsc00256.jpg’

     0K .......... .......... .......... .......... ..........  7% 64.2M 0s
    50K .......... .......... .......... .......... .......... 14% 73.2M 0s
   100K .......... .......... .......... .......... .......... 21% 47.3M 0s
   150K .......... .......... .......... .......... .......... 28% 50.0M 0s
   200K .......... .......... .......... .......... .......... 35%  269M 0s
   250K .......... .......... .......... .......... .......... 42% 37.1M 0s
   300K .......... .......... .......... .......... .......... 50% 54.7M 0s
   350K .......... .......... .......... .......... .......... 57% 51.3M 0s
   400K .......... .......... .......... .......... .......... 64% 26.3M 0s
   450K .......... .......... .......... .......... .......... 71%  311M 0s
   500K .......... .......... .......... .......... .......... 78% 5.99M 0s
   550K .......... .......... .......... .......... .......... 85%  153M 0s
   600K .......... .......... .......... .......... .......... 92%  277M 0s
   650K .......... .......... .......... .......... ......... 100%  387M=0.02s

2026-09-23 06:37:31 (38.9 MB/s) - ‘utmccf.wordpress.com/wp-content/uploads/2022/08/dsc00256.jpg’ saved [716698/716698]

--2026-09-23 06:37:31--  https://utmccf.wordpress.com/wp-content/uploads/2022/08/dsc00186.jpg?strip=info&w=600
Reusing existing connection to utmccf.wordpress.com:443.
HTTP request sent, awaiting response... 200 OK
Length: 51615 (50K) [image/jpeg]
Saving to: ‘utmccf.wordpress.com/wp-content/uploads/2022/08/dsc00186.jpg@strip=info&w=600’

     0K .......... .......... .......... .......... .......... 99%  411M 0s
    50K                                                       100%  773G=0s

2026-09-23 06:37:31 (414 MB/s) - ‘utmccf.wordpress.com/wp-content/uploads/2022/08/dsc00186.jpg@strip=info&w=600’ saved [51615/51615]

--2026-09-23 06:37:31--  https://utmccf.wordpress.com/wp-content/uploads/2022/08/dsc00186.jpg?strip=info&w=900
Reusing existing connection to utmccf.wordpress.com:443.
HTTP request sent, awaiting response... 200 OK
Length: 94189 (92K) [image/jpeg]
Saving to: ‘utmccf.wordpress.com/wp-content/uploads/2022/08/dsc00186.jpg@strip=info&w=900’

     0K .......... .......... .......... .......... .......... 54%  345M 0s
    50K .......... .......... .......... .......... .         100%  589M=0s

2026-09-23 06:37:32 (425 MB/s) - ‘utmccf.wordpress.com/wp-content/uploads/2022/08/dsc00186.jpg@strip=info&w=900’ saved [94189/94189]

--2026-09-23 06:37:32--  https://utmccf.wordpress.com/wp-content/uploads/2022/08/dsc00186.jpg?strip=info&w=1200
Reusing existing connection to utmccf.wordpress.com:443.
HTTP request sent, awaiting response... 200 OK
Length: 143369 (140K) [image/jpeg]
Saving to: ‘utmccf.wordpress.com/wp-content/uploads/2022/08/dsc00186.jpg@strip=info&w=1200’

     0K .......... .......... .......... .......... .......... 35%  374M 0s
    50K .......... .......... .......... .......... .......... 71% 33.4M 0s
   100K .......... .......... .......... ..........           100%  317M=0.002s

2026-09-23 06:37:32 (79.7 MB/s) - ‘utmccf.wordpress.com/wp-content/uploads/2022/08/dsc00186.jpg@strip=info&w=1200’ saved [143369/143369]

--2026-09-23 06:37:32--  https://utmccf.wordpress.com/wp-content/uploads/2022/08/dsc00186.jpg?strip=info&w=1500
Reusing existing connection to utmccf.wordpress.com:443.
HTTP request sent, awaiting response... 200 OK
Length: 201107 (196K) [image/jpeg]
Saving to: ‘utmccf.wordpress.com/wp-content/uploads/2022/08/dsc00186.jpg@strip=info&w=1500’

     0K .......... .......... .......... .......... .......... 25%  372M 0s
    50K .......... .......... .......... .......... .......... 50% 13.2M 0s
   100K .......... .......... .......... .......... .......... 76%  333M 0s
   150K .......... .......... .......... .......... ......    100%  358M=0.004s

2026-09-23 06:37:33 (46.7 MB/s) - ‘utmccf.wordpress.com/wp-content/uploads/2022/08/dsc00186.jpg@strip=info&w=1500’ saved [201107/201107]

--2026-09-23 06:37:33--  https://utmccf.wordpress.com/wp-content/uploads/2022/08/dsc00186.jpg?strip=info&w=1800
Reusing existing connection to utmccf.wordpress.com:443.
HTTP request sent, awaiting response... 200 OK
Length: 263914 (258K) [image/jpeg]
Saving to: ‘utmccf.wordpress.com/wp-content/uploads/2022/08/dsc00186.jpg@strip=info&w=1800’

     0K .......... .......... .......... .......... .......... 19%  353M 0s
    50K .......... .......... .......... .......... .......... 38% 8.69M 0s
   100K .......... .......... .......... .......... .......... 58% 10.1M 0s
   150K .......... .......... .......... .......... .......... 77%  354M 0s
   200K .......... .......... .......... .......... .......... 97%  335M 0s
   250K .......                                               100%  191M=0.01s

2026-09-23 06:37:33 (23.1 MB/s) - ‘utmccf.wordpress.com/wp-content/uploads/2022/08/dsc00186.jpg@strip=info&w=1800’ saved [263914/263914]

--2026-09-23 06:37:33--  https://utmccf.wordpress.com/wp-content/uploads/2022/08/dsc00186.jpg?strip=info&w=2000
Reusing existing connection to utmccf.wordpress.com:443.
HTTP request sent, awaiting response... 200 OK
Length: 309486 (302K) [image/jpeg]
Saving to: ‘utmccf.wordpress.com/wp-content/uploads/2022/08/dsc00186.jpg@strip=info&w=2000’

     0K .......... .......... .......... .......... .......... 16%  449M 0s
    50K .......... .......... .......... .......... .......... 33% 44.2M 0s
   100K .......... .......... .......... .......... .......... 49% 25.6M 0s
   150K .......... .......... .......... .......... .......... 66% 28.8M 0s
   200K .......... .......... .......... .......... .......... 82%  278M 0s
   250K .......... .......... .......... .......... .......... 99%  362M 0s
   300K ..                                                    100% 4.16T=0.005s

2026-09-23 06:37:34 (57.6 MB/s) - ‘utmccf.wordpress.com/wp-content/uploads/2022/08/dsc00186.jpg@strip=info&w=2000’ saved [309486/309486]

--2026-09-23 06:37:34--  https://utmccf.wordpress.com/wp-content/uploads/2022/08/dsc00186.jpg
Reusing existing connection to utmccf.wordpress.com:443.
HTTP request sent, awaiting response... 200 OK
Length: 601011 (587K) [image/jpeg]
Saving to: ‘utmccf.wordpress.com/wp-content/uploads/2022/08/dsc00186.jpg’

     0K .......... .......... .......... .......... ..........  8%  345M 0s
    50K .......... .......... .......... .......... .......... 17% 25.6M 0s
   100K .......... .......... .......... .......... .......... 25% 24.6M 0s
   150K .......... .......... .......... .......... .......... 34% 10.3M 0s
   200K .......... .......... .......... .......... .......... 42%  402M 0s
   250K .......... .......... .......... .......... .......... 51%  417M 0s
   300K .......... .......... .......... .......... .......... 59%  386M 0s
   350K .......... .......... .......... .......... .......... 68% 34.7M 0s
   400K .......... .......... .......... .......... .......... 76% 25.4M 0s
   450K .......... .......... .......... .......... .......... 85%  267M 0s
   500K .......... .......... .......... .......... .......... 93%  318M 0s
   550K .......... .......... .......... ......               100%  424M=0.01s

2026-09-23 06:37:34 (44.4 MB/s) - ‘utmccf.wordpress.com/wp-content/uploads/2022/08/dsc00186.jpg’ saved [601011/601011]

--2026-09-23 06:37:34--  https://utmccf.wordpress.com/wp-content/uploads/2022/08/dsc00295.jpg?strip=info&w=600
Reusing existing connection to utmccf.wordpress.com:443.
HTTP request sent, awaiting response... 200 OK
Length: 44731 (44K) [image/jpeg]
Saving to: ‘utmccf.wordpress.com/wp-content/uploads/2022/08/dsc00295.jpg@strip=info&w=600’

     0K .......... .......... .......... .......... ...       100%  529M=0s

2026-09-23 06:37:34 (529 MB/s) - ‘utmccf.wordpress.com/wp-content/uploads/2022/08/dsc00295.jpg@strip=info&w=600’ saved [44731/44731]

--2026-09-23 06:37:34--  https://utmccf.wordpress.com/wp-content/uploads/2022/08/dsc00295.jpg?strip=info&w=900
Reusing existing connection to utmccf.wordpress.com:443.
HTTP request sent, awaiting response... 200 OK
Length: 81833 (80K) [image/jpeg]
Saving to: ‘utmccf.wordpress.com/wp-content/uploads/2022/08/dsc00295.jpg@strip=info&w=900’

     0K .......... .......... .......... .......... .......... 62%  340M 0s
    50K .......... .......... .........                       100%  440M=0s

2026-09-23 06:37:34 (372 MB/s) - ‘utmccf.wordpress.com/wp-content/uploads/2022/08/dsc00295.jpg@strip=info&w=900’ saved [81833/81833]

--2026-09-23 06:37:34--  https://utmccf.wordpress.com/wp-content/uploads/2022/08/dsc00295.jpg?strip=info&w=1200
Reusing existing connection to utmccf.wordpress.com:443.
HTTP request sent, awaiting response... 200 OK
Length: 123896 (121K) [image/jpeg]
Saving to: ‘utmccf.wordpress.com/wp-content/uploads/2022/08/dsc00295.jpg@strip=info&w=1200’

     0K .......... .......... .......... .......... .......... 41%  332M 0s
    50K .......... .......... .......... .......... .......... 82%  192M 0s
   100K .......... ..........                                 100%  620M=0s

2026-09-23 06:37:35 (272 MB/s) - ‘utmccf.wordpress.com/wp-content/uploads/2022/08/dsc00295.jpg@strip=info&w=1200’ saved [123896/123896]

--2026-09-23 06:37:35--  https://utmccf.wordpress.com/wp-content/uploads/2022/08/dsc00295.jpg?strip=info&w=1500
Reusing existing connection to utmccf.wordpress.com:443.
HTTP request sent, awaiting response... 200 OK
Length: 174465 (170K) [image/jpeg]
Saving to: ‘utmccf.wordpress.com/wp-content/uploads/2022/08/dsc00295.jpg@strip=info&w=1500’

     0K .......... .......... .......... .......... .......... 29%  359M 0s
    50K .......... .......... .......... .......... .......... 58%  344M 0s
   100K .......... .......... .......... .......... .......... 88%  243M 0s
   150K .......... ..........                                 100%  574M=0.001s

2026-09-23 06:37:35 (324 MB/s) - ‘utmccf.wordpress.com/wp-content/uploads/2022/08/dsc00295.jpg@strip=info&w=1500’ saved [174465/174465]

--2026-09-23 06:37:35--  https://utmccf.wordpress.com/wp-content/uploads/2022/08/dsc00295.jpg?strip=info&w=1800
Reusing existing connection to utmccf.wordpress.com:443.
HTTP request sent, awaiting response... 200 OK
Length: 229674 (224K) [image/jpeg]
Saving to: ‘utmccf.wordpress.com/wp-content/uploads/2022/08/dsc00295.jpg@strip=info&w=1800’

     0K .......... .......... .......... .......... .......... 22%  275M 0s
    50K .......... .......... .......... .......... .......... 44% 1.22M 0s
   100K .......... .......... .......... .......... .......... 66% 3.63M 0s
   150K .......... .......... .......... .......... .......... 89%  259M 0s
   200K .......... .......... ....                            100%  237M=0.05s

2026-09-23 06:37:36 (4.05 MB/s) - ‘utmccf.wordpress.com/wp-content/uploads/2022/08/dsc00295.jpg@strip=info&w=1800’ saved [229674/229674]

--2026-09-23 06:37:36--  https://utmccf.wordpress.com/wp-content/uploads/2022/08/dsc00295.jpg?strip=info&w=2000
Reusing existing connection to utmccf.wordpress.com:443.
HTTP request sent, awaiting response... 200 OK
Length: 271254 (265K) [image/jpeg]
Saving to: ‘utmccf.wordpress.com/wp-content/uploads/2022/08/dsc00295.jpg@strip=info&w=2000’

     0K .......... .......... .......... .......... .......... 18%  107M 0s
    50K .......... .......... .......... .......... .......... 37% 2.81M 0s
   100K .......... .......... .......... .......... .......... 56% 4.96M 0s
   150K .......... .......... .......... .......... .......... 75%  242M 0s
   200K .......... .......... .......... .......... .......... 94%  311M 0s
   250K .......... ....                                       100%  256M=0.03s

2026-09-23 06:37:36 (9.21 MB/s) - ‘utmccf.wordpress.com/wp-content/uploads/2022/08/dsc00295.jpg@strip=info&w=2000’ saved [271254/271254]

--2026-09-23 06:37:36--  https://utmccf.wordpress.com/wp-content/uploads/2022/08/dsc00295.jpg
Reusing existing connection to utmccf.wordpress.com:443.
HTTP request sent, awaiting response... 200 OK
Length: 532481 (520K) [image/jpeg]
Saving to: ‘utmccf.wordpress.com/wp-content/uploads/2022/08/dsc00295.jpg’

     0K .......... .......... .......... .......... ..........  9% 80.1M 0s
    50K .......... .......... .......... .......... .......... 19% 73.0M 0s
   100K .......... .......... .......... .......... .......... 28%  143M 0s
   150K .......... .......... .......... .......... .......... 38%  109M 0s
   200K .......... .......... .......... .......... .......... 48%  211M 0s
   250K .......... .......... .......... .......... .......... 57%  126M 0s
   300K .......... .......... .......... .......... .......... 67% 82.6M 0s
   350K .......... .......... .......... .......... .......... 76% 81.9M 0s
   400K .......... .......... .......... .......... .......... 86%  153M 0s
   450K .......... .......... .......... .......... .......... 96%  165M 0s
   500K .......... ..........                                 100%  339M=0.005s

2026-09-23 06:37:37 (112 MB/s) - ‘utmccf.wordpress.com/wp-content/uploads/2022/08/dsc00295.jpg’ saved [532481/532481]

--2026-09-23 06:37:37--  https://utmccf.wordpress.com/wp-content/uploads/2022/08/nl-627-copy.png?strip=info&w=600
Reusing existing connection to utmccf.wordpress.com:443.
HTTP request sent, awaiting response... 200 OK
Length: 165805 (162K) [image/png]
Saving to: ‘utmccf.wordpress.com/wp-content/uploads/2022/08/nl-627-copy.png@strip=info&w=600’

     0K .......... .......... .......... .......... .......... 30%  269M 0s
    50K .......... .......... .......... .......... .......... 61%  468K 0s
   100K .......... .......... .......... .......... .......... 92%  130M 0s
   150K .......... .                                          100%  342M=0.1s

2026-09-23 06:37:37 (1.47 MB/s) - ‘utmccf.wordpress.com/wp-content/uploads/2022/08/nl-627-copy.png@strip=info&w=600’ saved [165805/165805]

--2026-09-23 06:37:37--  https://utmccf.wordpress.com/wp-content/uploads/2022/08/nl-627-copy.png?strip=info&w=899
Reusing existing connection to utmccf.wordpress.com:443.
HTTP request sent, awaiting response... 200 OK
Length: 362760 (354K) [image/png]
Saving to: ‘utmccf.wordpress.com/wp-content/uploads/2022/08/nl-627-copy.png@strip=info&w=899’

     0K .......... .......... .......... .......... .......... 14%  419M 0s
    50K .......... .......... .......... .......... .......... 28% 4.70M 0s
   100K .......... .......... .......... .......... .......... 42% 5.68M 0s
   150K .......... .......... .......... .......... .......... 56% 9.33M 0s
   200K .......... .......... .......... .......... .......... 70%  267M 0s
   250K .......... .......... .......... .......... .......... 84% 27.4M 0s
   300K .......... .......... .......... .......... .......... 98%  183M 0s
   350K ....                                                  100%  131M=0.03s

2026-09-23 06:37:38 (13.0 MB/s) - ‘utmccf.wordpress.com/wp-content/uploads/2022/08/nl-627-copy.png@strip=info&w=899’ saved [362760/362760]

--2026-09-23 06:37:38--  https://utmccf.wordpress.com/wp-content/uploads/2022/08/nl-627-copy.png
Reusing existing connection to utmccf.wordpress.com:443.
HTTP request sent, awaiting response... 200 OK
Length: 1219780 (1.2M) [image/png]
Saving to: ‘utmccf.wordpress.com/wp-content/uploads/2022/08/nl-627-copy.png’

     0K .......... .......... .......... .......... ..........  4%  225M 0s
    50K .......... .......... .......... .......... ..........  8%  123M 0s
   100K .......... .......... .......... .......... .......... 12% 94.1M 0s
   150K .......... .......... .......... .......... .......... 16% 70.0M 0s
   200K .......... .......... .......... .......... .......... 20%  325M 0s
   250K .......... .......... .......... .......... .......... 25% 45.1M 0s
   300K .......... .......... .......... .......... .......... 29% 44.1M 0s
   350K .......... .......... .......... .......... .......... 33% 42.6M 0s
   400K .......... .......... .......... .......... .......... 37% 50.1M 0s
   450K .......... .......... .......... .......... .......... 41%  294M 0s
   500K .......... .......... .......... .......... .......... 46% 40.1M 0s
   550K .......... .......... .......... .......... .......... 50% 34.3M 0s
   600K .......... .......... .......... .......... .......... 54% 31.2M 0s
   650K .......... .......... .......... .......... .......... 58%  420M 0s
   700K .......... .......... .......... .......... .......... 62% 56.5M 0s
   750K .......... .......... .......... .......... .......... 67% 45.9M 0s
   800K .......... .......... .......... .......... .......... 71% 50.3M 0s
   850K .......... .......... .......... .......... .......... 75% 46.2M 0s
   900K .......... .......... .......... .......... .......... 79%  395M 0s
   950K .......... .......... .......... .......... .......... 83% 48.6M 0s
  1000K .......... .......... .......... .......... .......... 88% 78.8M 0s
  1050K .......... .......... .......... .......... .......... 92%  299M 0s
  1100K .......... .......... .......... .......... .......... 96%  314M 0s
  1150K .......... .......... .......... .......... .         100%  351M=0.02s

2026-09-23 06:37:38 (68.8 MB/s) - ‘utmccf.wordpress.com/wp-content/uploads/2022/08/nl-627-copy.png’ saved [1219780/1219780]

--2026-09-23 06:37:38--  https://utmccf.wordpress.com/wp-content/uploads/2022/08/img_8872.jpg?strip=info&w=600
Reusing existing connection to utmccf.wordpress.com:443.
HTTP request sent, awaiting response... 200 OK
Length: 96597 (94K) [image/jpeg]
Saving to: ‘utmccf.wordpress.com/wp-content/uploads/2022/08/img_8872.jpg@strip=info&w=600’

     0K .......... .......... .......... .......... .......... 53%  380M 0s
    50K .......... .......... .......... .......... ....      100%  534M=0s

2026-09-23 06:37:38 (440 MB/s) - ‘utmccf.wordpress.com/wp-content/uploads/2022/08/img_8872.jpg@strip=info&w=600’ saved [96597/96597]

--2026-09-23 06:37:38--  https://utmccf.wordpress.com/wp-content/uploads/2022/08/img_8872.jpg?strip=info&w=836
Reusing existing connection to utmccf.wordpress.com:443.
HTTP request sent, awaiting response... 200 OK
Length: 172059 (168K) [image/jpeg]
Saving to: ‘utmccf.wordpress.com/wp-content/uploads/2022/08/img_8872.jpg@strip=info&w=836’

     0K .......... .......... .......... .......... .......... 29%  375M 0s
    50K .......... .......... .......... .......... .......... 59% 11.6M 0s
   100K .......... .......... .......... .......... .......... 89%  364M 0s
   150K .......... ........                                   100%  478M=0.005s

2026-09-23 06:37:38 (36.3 MB/s) - ‘utmccf.wordpress.com/wp-content/uploads/2022/08/img_8872.jpg@strip=info&w=836’ saved [172059/172059]

--2026-09-23 06:37:38--  https://utmccf.wordpress.com/wp-content/uploads/2022/08/img_8872.jpg
Reusing existing connection to utmccf.wordpress.com:443.
HTTP request sent, awaiting response... 200 OK
Length: 175377 (171K) [image/jpeg]
Saving to: ‘utmccf.wordpress.com/wp-content/uploads/2022/08/img_8872.jpg’

     0K .......... .......... .......... .......... .......... 29%  377M 0s
    50K .......... .......... .......... .......... .......... 58% 7.57M 0s
   100K .......... .......... .......... .......... .......... 87%  271M 0s
   150K .......... .......... .                               100%  548M=0.007s

2026-09-23 06:37:38 (24.6 MB/s) - ‘utmccf.wordpress.com/wp-content/uploads/2022/08/img_8872.jpg’ saved [175377/175377]

--2026-09-23 06:37:38--  https://utmccf.wordpress.com/wp-content/uploads/2022/08/pxl_20220701_164423693.jpg?strip=info&w=600
Reusing existing connection to utmccf.wordpress.com:443.
HTTP request sent, awaiting response... 200 OK
Length: 108614 (106K) [image/jpeg]
Saving to: ‘utmccf.wordpress.com/wp-content/uploads/2022/08/pxl_20220701_164423693.jpg@strip=info&w=600’

     0K .......... .......... .......... .......... .......... 47%  438M 0s
    50K .......... .......... .......... .......... .......... 94%  558M 0s
   100K ......                                                100% 11.3T=0s

2026-09-23 06:37:39 (521 MB/s) - ‘utmccf.wordpress.com/wp-content/uploads/2022/08/pxl_20220701_164423693.jpg@strip=info&w=600’ saved [108614/108614]

--2026-09-23 06:37:39--  https://utmccf.wordpress.com/wp-content/uploads/2022/08/pxl_20220701_164423693.jpg?strip=info&w=900
Reusing existing connection to utmccf.wordpress.com:443.
HTTP request sent, awaiting response... 200 OK
Length: 237576 (232K) [image/jpeg]
Saving to: ‘utmccf.wordpress.com/wp-content/uploads/2022/08/pxl_20220701_164423693.jpg@strip=info&w=900’

     0K .......... .......... .......... .......... .......... 21%  475M 0s
    50K .......... .......... .......... .......... .......... 43%  300K 0s
   100K .......... .......... .......... .......... .......... 64% 12.7M 0s
   150K .......... .......... .......... .......... .......... 86%  247M 0s
   200K .......... .......... .......... ..                   100%  394M=0.2s

2026-09-23 06:37:40 (1.33 MB/s) - ‘utmccf.wordpress.com/wp-content/uploads/2022/08/pxl_20220701_164423693.jpg@strip=info&w=900’ saved [237576/237576]

--2026-09-23 06:37:40--  https://utmccf.wordpress.com/wp-content/uploads/2022/08/pxl_20220701_164423693.jpg?strip=info&w=1200
Reusing existing connection to utmccf.wordpress.com:443.
HTTP request sent, awaiting response... 200 OK
Length: 405173 (396K) [image/jpeg]
Saving to: ‘utmccf.wordpress.com/wp-content/uploads/2022/08/pxl_20220701_164423693.jpg@strip=info&w=1200’

     0K .......... .......... .......... .......... .......... 12%  385M 0s
    50K .......... .......... .......... .......... .......... 25% 16.7M 0s
   100K .......... .......... .......... .......... .......... 37% 16.6M 0s
   150K .......... .......... .......... .......... .......... 50% 16.8M 0s
   200K .......... .......... .......... .......... .......... 63%  298M 0s
   250K .......... .......... .......... .......... .......... 75% 17.6M 0s
   300K .......... .......... .......... .......... .......... 88%  332M 0s
   350K .......... .......... .......... .......... .....     100%  326M=0.01s

2026-09-23 06:37:40 (31.9 MB/s) - ‘utmccf.wordpress.com/wp-content/uploads/2022/08/pxl_20220701_164423693.jpg@strip=info&w=1200’ saved [405173/405173]

--2026-09-23 06:37:40--  https://utmccf.wordpress.com/wp-content/uploads/2022/08/pxl_20220701_164423693.jpg?strip=info&w=1500
Reusing existing connection to utmccf.wordpress.com:443.
HTTP request sent, awaiting response... 200 OK
Length: 606290 (592K) [image/jpeg]
Saving to: ‘utmccf.wordpress.com/wp-content/uploads/2022/08/pxl_20220701_164423693.jpg@strip=info&w=1500’

     0K .......... .......... .......... .......... ..........  8%  287M 0s
    50K .......... .......... .......... .......... .......... 16%  446K 1s
   100K .......... .......... .......... .......... .......... 25% 2.92M 0s
   150K .......... .......... .......... .......... .......... 33% 7.67M 0s
   200K .......... .......... .......... .......... .......... 42%  446M 0s
   250K .......... .......... .......... .......... .......... 50% 6.91M 0s
   300K .......... .......... .......... .......... .......... 59% 9.81M 0s
   350K .......... .......... .......... .......... .......... 67% 12.0M 0s
   400K .......... .......... .......... .......... .......... 76% 10.7M 0s
   450K .......... .......... .......... .......... .......... 84%  443M 0s
   500K .......... .......... .......... .......... .......... 92%  165M 0s
   550K .......... .......... .......... .......... ..        100%  395M=0.2s

2026-09-23 06:37:41 (3.69 MB/s) - ‘utmccf.wordpress.com/wp-content/uploads/2022/08/pxl_20220701_164423693.jpg@strip=info&w=1500’ saved [606290/606290]

--2026-09-23 06:37:41--  https://utmccf.wordpress.com/wp-content/uploads/2022/08/pxl_20220701_164423693.jpg?strip=info&w=1800
Reusing existing connection to utmccf.wordpress.com:443.
HTTP request sent, awaiting response... 200 OK
Length: 832383 (813K) [image/jpeg]
Saving to: ‘utmccf.wordpress.com/wp-content/uploads/2022/08/pxl_20220701_164423693.jpg@strip=info&w=1800’

     0K .......... .......... .......... .......... ..........  6%  370M 0s
    50K .......... .......... .......... .......... .......... 12% 29.8M 0s
   100K .......... .......... .......... .......... .......... 18% 21.5M 0s
   150K .......... .......... .......... .......... .......... 24% 27.6M 0s
   200K .......... .......... .......... .......... .......... 30%  451M 0s
   250K .......... .......... .......... .......... .......... 36% 37.0M 0s
   300K .......... .......... .......... .......... .......... 43% 29.4M 0s
   350K .......... .......... .......... .......... .......... 49% 7.88M 0s
   400K .......... .......... .......... .......... .......... 55% 41.9M 0s
   450K .......... .......... .......... .......... .......... 61%  329M 0s
   500K .......... .......... .......... .......... .......... 67% 36.3M 0s
   550K .......... .......... .......... .......... .......... 73% 17.5M 0s
   600K .......... .......... .......... .......... .......... 79% 52.3M 0s
   650K .......... .......... .......... .......... .......... 86%  237M 0s
   700K .......... .......... .......... .......... .......... 92% 55.3M 0s
   750K .......... .......... .......... .......... .......... 98%  277M 0s
   800K .......... ..                                         100% 24.0T=0.02s

2026-09-23 06:37:42 (34.9 MB/s) - ‘utmccf.wordpress.com/wp-content/uploads/2022/08/pxl_20220701_164423693.jpg@strip=info&w=1800’ saved [832383/832383]

--2026-09-23 06:37:42--  https://utmccf.wordpress.com/wp-content/uploads/2022/08/pxl_20220701_164423693.jpg?strip=info&w=2000
Reusing existing connection to utmccf.wordpress.com:443.
HTTP request sent, awaiting response... 200 OK
Length: 997106 (974K) [image/jpeg]
Saving to: ‘utmccf.wordpress.com/wp-content/uploads/2022/08/pxl_20220701_164423693.jpg@strip=info&w=2000’

     0K .......... .......... .......... .......... ..........  5%  338M 0s
    50K .......... .......... .......... .......... .......... 10% 87.6M 0s
   100K .......... .......... .......... .......... .......... 15% 84.1M 0s
   150K .......... .......... .......... .......... .......... 20% 61.8M 0s
   200K .......... .......... .......... .......... .......... 25%  283M 0s
   250K .......... .......... .......... .......... .......... 30% 60.7M 0s
   300K .......... .......... .......... .......... .......... 35%  113M 0s
   350K .......... .......... .......... .......... .......... 41% 50.8M 0s
   400K .......... .......... .......... .......... .......... 46% 69.2M 0s
   450K .......... .......... .......... .......... .......... 51%  226M 0s
   500K .......... .......... .......... .......... .......... 56% 72.0M 0s
   550K .......... .......... .......... .......... .......... 61%  109M 0s
   600K .......... .......... .......... .......... .......... 66% 54.7M 0s
   650K .......... .......... .......... .......... .......... 71%  463M 0s
   700K .......... .......... .......... .......... .......... 77% 64.6M 0s
   750K .......... .......... .......... .......... .......... 82% 38.8M 0s
   800K .......... .......... .......... .......... .......... 87% 56.7M 0s
   850K .......... .......... .......... .......... .......... 92%  427M 0s
   900K .......... .......... .......... .......... .......... 97%  143M 0s
   950K .......... .......... ...                             100%  625M=0.01s

2026-09-23 06:37:42 (87.6 MB/s) - ‘utmccf.wordpress.com/wp-content/uploads/2022/08/pxl_20220701_164423693.jpg@strip=info&w=2000’ saved [997106/997106]

--2026-09-23 06:37:42--  https://utmccf.wordpress.com/wp-content/uploads/2022/08/pxl_20220701_164423693.jpg
Reusing existing connection to utmccf.wordpress.com:443.
HTTP request sent, awaiting response... 200 OK
Length: 3458000 (3.3M) [image/jpeg]
Saving to: ‘utmccf.wordpress.com/wp-content/uploads/2022/08/pxl_20220701_164423693.jpg’

     0K .......... .......... .......... .......... ..........  1%  361M 0s
    50K .......... .......... .......... .......... ..........  2% 80.8M 0s
   100K .......... .......... .......... .......... ..........  4% 84.3M 0s
   150K .......... .......... .......... .......... ..........  5% 80.8M 0s
   200K .......... .......... .......... .......... ..........  7%  284M 0s
   250K .......... .......... .......... .......... ..........  8% 84.7M 0s
   300K .......... .......... .......... .......... .......... 10% 83.6M 0s
   350K .......... .......... .......... .......... .......... 11% 69.2M 0s
   400K .......... .......... .......... .......... .......... 13% 88.4M 0s
   450K .......... .......... .......... .......... .......... 14%  308M 0s
   500K .......... .......... .......... .......... .......... 16% 73.3M 0s
   550K .......... .......... .......... .......... .......... 17% 78.5M 0s
   600K .......... .......... .......... .......... .......... 19% 95.6M 0s
   650K .......... .......... .......... .......... .......... 20%  274M 0s
   700K .......... .......... .......... .......... .......... 22% 70.4M 0s
   750K .......... .......... .......... .......... .......... 23% 80.2M 0s
   800K .......... .......... .......... .......... .......... 25% 47.4M 0s
   850K .......... .......... .......... .......... .......... 26%  369M 0s
   900K .......... .......... .......... .......... .......... 28%  399M 0s
   950K .......... .......... .......... .......... .......... 29%  169M 0s
  1000K .......... .......... .......... .......... .......... 31% 79.4M 0s
  1050K .......... .......... .......... .......... .......... 32% 52.7M 0s
  1100K .......... .......... .......... .......... .......... 34%  309M 0s
  1150K .......... .......... .......... .......... .......... 35% 77.6M 0s
  1200K .......... .......... .......... .......... .......... 37% 87.9M 0s
  1250K .......... .......... .......... .......... .......... 38% 73.5M 0s
  1300K .......... .......... .......... .......... .......... 39% 67.8M 0s
  1350K .......... .......... .......... .......... .......... 41%  338M 0s
  1400K .......... .......... .......... .......... .......... 42% 96.8M 0s
  1450K .......... .......... .......... .......... .......... 44% 89.4M 0s
  1500K .......... .......... .......... .......... .......... 45% 84.8M 0s
  1550K .......... .......... .......... .......... .......... 47% 64.4M 0s
  1600K .......... .......... .......... .......... .......... 48%  187M 0s
  1650K .......... .......... .......... .......... .......... 50% 61.0M 0s
  1700K .......... .......... .......... .......... .......... 51%  258M 0s
  1750K .......... .......... .......... .......... .......... 53%  103M 0s
  1800K .......... .......... .......... .......... .......... 54%  324M 0s
  1850K .......... .......... .......... .......... .......... 56% 63.8M 0s
  1900K .......... .......... .......... .......... .......... 57%  131M 0s
  1950K .......... .......... .......... .......... .......... 59% 78.4M 0s
  2000K .......... .......... .......... .......... .......... 60% 84.3M 0s
  2050K .......... .......... .......... .......... .......... 62%  331M 0s
  2100K .......... .......... .......... .......... .......... 63% 68.1M 0s
  2150K .......... .......... .......... .......... .......... 65% 85.4M 0s
  2200K .......... .......... .......... .......... .......... 66% 74.4M 0s
  2250K .......... .......... .......... .......... .......... 68%  392M 0s
  2300K .......... .......... .......... .......... .......... 69% 75.3M 0s
  2350K .......... .......... .......... .......... .......... 71% 65.3M 0s
  2400K .......... .......... .......... .......... .......... 72% 40.0M 0s
  2450K .......... .......... .......... .......... .......... 74%  164M 0s
  2500K .......... .......... .......... .......... .......... 75%  473M 0s
  2550K .......... .......... .......... .......... .......... 76%  234M 0s
  2600K .......... .......... .......... .......... .......... 78% 59.4M 0s
  2650K .......... .......... .......... .......... .......... 79%  106M 0s
  2700K .......... .......... .......... .......... .......... 81%  307M 0s
  2750K .......... .......... .......... .......... .......... 82% 96.3M 0s
  2800K .......... .......... .......... .......... .......... 84% 90.7M 0s
  2850K .......... .......... .......... .......... .......... 85% 77.2M 0s
  2900K .......... .......... .......... .......... .......... 87%  119M 0s
  2950K .......... .......... .......... .......... .......... 88%  293M 0s
  3000K .......... .......... .......... .......... .......... 90% 88.3M 0s
  3050K .......... .......... .......... .......... .......... 91%  118M 0s
  3100K .......... .......... .......... .......... .......... 93%  103M 0s
  3150K .......... .......... .......... .......... .......... 94%  113M 0s
  3200K .......... .......... .......... .......... .......... 96%  294M 0s
  3250K .......... .......... .......... .......... .......... 97%  109M 0s
  3300K .......... .......... .......... .......... .......... 99%  331M 0s
  3350K .......... .......... ......                          100%  362M=0.03s

2026-09-23 06:37:42 (102 MB/s) - ‘utmccf.wordpress.com/wp-content/uploads/2022/08/pxl_20220701_164423693.jpg’ saved [3458000/3458000]

--2026-09-23 06:37:42--  https://utmccf.wordpress.com/wp-content/uploads/2022/06/nl-615.png?strip=info&w=600
Reusing existing connection to utmccf.wordpress.com:443.
HTTP request sent, awaiting response... 200 OK
Length: 114482 (112K) [image/png]
Saving to: ‘utmccf.wordpress.com/wp-content/uploads/2022/06/nl-615.png@strip=info&w=600’

     0K .......... .......... .......... .......... .......... 44%  394M 0s
    50K .......... .......... .......... .......... .......... 89%  449M 0s
   100K .......... .                                          100%  380M=0s

2026-09-23 06:37:43 (415 MB/s) - ‘utmccf.wordpress.com/wp-content/uploads/2022/06/nl-615.png@strip=info&w=600’ saved [114482/114482]

--2026-09-23 06:37:43--  https://utmccf.wordpress.com/wp-content/uploads/2022/06/nl-615.png?strip=info&w=900
Reusing existing connection to utmccf.wordpress.com:443.
HTTP request sent, awaiting response... 200 OK
Length: 218815 (214K) [image/png]
Saving to: ‘utmccf.wordpress.com/wp-content/uploads/2022/06/nl-615.png@strip=info&w=900’

     0K .......... .......... .......... .......... .......... 23%  368M 0s
    50K .......... .......... .......... .......... .......... 46%  161M 0s
   100K .......... .......... .......... .......... .......... 70%  336M 0s
   150K .......... .......... .......... .......... .......... 93%  387M 0s
   200K .......... ...                                        100%  443M=0.001s

2026-09-23 06:37:44 (283 MB/s) - ‘utmccf.wordpress.com/wp-content/uploads/2022/06/nl-615.png@strip=info&w=900’ saved [218815/218815]

--2026-09-23 06:37:44--  https://utmccf.wordpress.com/wp-content/uploads/2022/06/nl-615.png?strip=info&w=1200
Reusing existing connection to utmccf.wordpress.com:443.
HTTP request sent, awaiting response... 200 OK
Length: 340140 (332K) [image/png]
Saving to: ‘utmccf.wordpress.com/wp-content/uploads/2022/06/nl-615.png@strip=info&w=1200’

     0K .......... .......... .......... .......... .......... 15%  189M 0s
    50K .......... .......... .......... .......... .......... 30%  457K 0s
   100K .......... .......... .......... .......... .......... 45% 3.35M 0s
   150K .......... .......... .......... .......... .......... 60% 6.23M 0s
   200K .......... .......... .......... .......... .......... 75%  341M 0s
   250K .......... .......... .......... .......... .......... 90%  221M 0s
   300K .......... .......... .......... ..                   100%  461M=0.1s

2026-09-23 06:37:45 (2.45 MB/s) - ‘utmccf.wordpress.com/wp-content/uploads/2022/06/nl-615.png@strip=info&w=1200’ saved [340140/340140]

--2026-09-23 06:37:45--  https://utmccf.wordpress.com/wp-content/uploads/2022/06/nl-615.png?strip=info&w=1500
Reusing existing connection to utmccf.wordpress.com:443.
HTTP request sent, awaiting response... 200 OK
Length: 482142 (471K) [image/png]
Saving to: ‘utmccf.wordpress.com/wp-content/uploads/2022/06/nl-615.png@strip=info&w=1500’

     0K .......... .......... .......... .......... .......... 10%  151M 0s
    50K .......... .......... .......... .......... .......... 21% 6.38M 0s
   100K .......... .......... .......... .......... .......... 31% 5.76M 0s
   150K .......... .......... .......... .......... .......... 42% 10.2M 0s
   200K .......... .......... .......... .......... .......... 53%  139M 0s
   250K .......... .......... .......... .......... .......... 63% 15.8M 0s
   300K .......... .......... .......... .......... .......... 74% 13.2M 0s
   350K .......... .......... .......... .......... .......... 84% 48.7M 0s
   400K .......... .......... .......... .......... .......... 95%  348M 0s
   450K .......... ..........                                 100%  573M=0.03s

2026-09-23 06:37:46 (15.6 MB/s) - ‘utmccf.wordpress.com/wp-content/uploads/2022/06/nl-615.png@strip=info&w=1500’ saved [482142/482142]

--2026-09-23 06:37:46--  https://utmccf.wordpress.com/wp-content/uploads/2022/06/nl-615.png?strip=info&w=1545
Reusing existing connection to utmccf.wordpress.com:443.
HTTP request sent, awaiting response... 200 OK
Length: 481983 (471K) [image/png]
Saving to: ‘utmccf.wordpress.com/wp-content/uploads/2022/06/nl-615.png@strip=info&w=1545’

     0K .......... .......... .......... .......... .......... 10%  156M 0s
    50K .......... .......... .......... .......... .......... 21%  110M 0s
   100K .......... .......... .......... .......... .......... 31% 98.1M 0s
   150K .......... .......... .......... .......... .......... 42% 34.7M 0s
   200K .......... .......... .......... .......... .......... 53%  247M 0s
   250K .......... .......... .......... .......... .......... 63%  135M 0s
   300K .......... .......... .......... .......... .......... 74% 99.8M 0s
   350K .......... .......... .......... .......... .......... 84%  319M 0s
   400K .......... .......... .......... .......... .......... 95%  362M 0s
   450K .......... ..........                                 100%  558M=0.004s

2026-09-23 06:37:47 (114 MB/s) - ‘utmccf.wordpress.com/wp-content/uploads/2022/06/nl-615.png@strip=info&w=1545’ saved [481983/481983]

--2026-09-23 06:37:47--  https://utmccf.wordpress.com/wp-content/uploads/2022/06/nl-615.png
Reusing existing connection to utmccf.wordpress.com:443.
HTTP request sent, awaiting response... 200 OK
Length: 1577385 (1.5M) [image/png]
Saving to: ‘utmccf.wordpress.com/wp-content/uploads/2022/06/nl-615.png’

     0K .......... .......... .......... .......... ..........  3%  393M 0s
    50K .......... .......... .......... .......... ..........  6% 28.6M 0s
   100K .......... .......... .......... .......... ..........  9% 26.5M 0s
   150K .......... .......... .......... .......... .......... 12% 53.4M 0s
   200K .......... .......... .......... .......... .......... 16%  310M 0s
   250K .......... .......... .......... .......... .......... 19% 21.9M 0s
   300K .......... .......... .......... .......... .......... 22% 37.6M 0s
   350K .......... .......... .......... .......... .......... 25% 6.98M 0s
   400K .......... .......... .......... .......... .......... 29% 28.7M 0s
   450K .......... .......... .......... .......... .......... 32%  328M 0s
   500K .......... .......... .......... .......... .......... 35% 29.6M 0s
   550K .......... .......... .......... .......... .......... 38% 29.8M 0s
   600K .......... .......... .......... .......... .......... 42% 55.5M 0s
   650K .......... .......... .......... .......... .......... 45%  279M 0s
   700K .......... .......... .......... .......... .......... 48% 31.2M 0s
   750K .......... .......... .......... .......... .......... 51% 24.2M 0s
   800K .......... .......... .......... .......... .......... 55% 33.7M 0s
   850K .......... .......... .......... .......... .......... 58% 26.7M 0s
   900K .......... .......... .......... .......... .......... 61%  285M 0s
   950K .......... .......... .......... .......... .......... 64% 36.6M 0s
  1000K .......... .......... .......... .......... .......... 68% 52.1M 0s
  1050K .......... .......... .......... .......... .......... 71% 27.2M 0s
  1100K .......... .......... .......... .......... .......... 74%  249M 0s
  1150K .......... .......... .......... .......... .......... 77% 53.3M 0s
  1200K .......... .......... .......... .......... .......... 81% 26.5M 0s
  1250K .......... .......... .......... .......... .......... 84%  101M 0s
  1300K .......... .......... .......... .......... .......... 87% 70.9M 0s
  1350K .......... .......... .......... .......... .......... 90%  360M 0s
  1400K .......... .......... .......... .......... .......... 94% 67.5M 0s
  1450K .......... .......... .......... .......... .......... 97%  295M 0s
  1500K .......... .......... .......... ..........           100%  336M=0.04s

2026-09-23 06:37:47 (39.8 MB/s) - ‘utmccf.wordpress.com/wp-content/uploads/2022/06/nl-615.png’ saved [1577385/1577385]

--2026-09-23 06:37:47--  https://utmccf.wordpress.com/wp-content/uploads/2022/06/wechatimg560.jpeg?strip=info&w=600
Reusing existing connection to utmccf.wordpress.com:443.
HTTP request sent, awaiting response... 200 OK
Length: 110489 (108K) [image/jpeg]
Saving to: ‘utmccf.wordpress.com/wp-content/uploads/2022/06/wechatimg560.jpeg@strip=info&w=600’

     0K .......... .......... .......... .......... .......... 46%  339M 0s
    50K .......... .......... .......... .......... .......... 92%  338M 0s
   100K .......                                               100% 14.7T=0s

2026-09-23 06:37:48 (365 MB/s) - ‘utmccf.wordpress.com/wp-content/uploads/2022/06/wechatimg560.jpeg@strip=info&w=600’ saved [110489/110489]

--2026-09-23 06:37:48--  https://utmccf.wordpress.com/wp-content/uploads/2022/06/wechatimg560.jpeg?strip=info&w=900
Reusing existing connection to utmccf.wordpress.com:443.
HTTP request sent, awaiting response... 200 OK
Length: 183757 (179K) [image/jpeg]
Saving to: ‘utmccf.wordpress.com/wp-content/uploads/2022/06/wechatimg560.jpeg@strip=info&w=900’

     0K .......... .......... .......... .......... .......... 27%  369M 0s
    50K .......... .......... .......... .......... .......... 55% 5.74M 0s
   100K .......... .......... .......... .......... .......... 83%  458M 0s
   150K .......... .......... .........                       100%  479M=0.009s

2026-09-23 06:37:48 (19.9 MB/s) - ‘utmccf.wordpress.com/wp-content/uploads/2022/06/wechatimg560.jpeg@strip=info&w=900’ saved [183757/183757]

--2026-09-23 06:37:48--  https://utmccf.wordpress.com/wp-content/uploads/2022/06/wechatimg560.jpeg?strip=info&w=948
Reusing existing connection to utmccf.wordpress.com:443.
HTTP request sent, awaiting response... 200 OK
Length: 226927 (222K) [image/jpeg]
Saving to: ‘utmccf.wordpress.com/wp-content/uploads/2022/06/wechatimg560.jpeg@strip=info&w=948’

     0K .......... .......... .......... .......... .......... 22%  353M 0s
    50K .......... .......... .......... .......... .......... 45%  865K 0s
   100K .......... .......... .......... .......... .......... 67% 30.8M 0s
   150K .......... .......... .......... .......... .......... 90%  337M 0s
   200K .......... .......... .                               100%  608M=0.06s

2026-09-23 06:37:48 (3.63 MB/s) - ‘utmccf.wordpress.com/wp-content/uploads/2022/06/wechatimg560.jpeg@strip=info&w=948’ saved [226927/226927]

--2026-09-23 06:37:48--  https://utmccf.wordpress.com/wp-content/uploads/2022/06/wechatimg560.jpeg
Reusing existing connection to utmccf.wordpress.com:443.
HTTP request sent, awaiting response... 200 OK
Length: 238782 (233K) [image/jpeg]
Saving to: ‘utmccf.wordpress.com/wp-content/uploads/2022/06/wechatimg560.jpeg’

     0K .......... .......... .......... .......... .......... 21%  395M 0s
    50K .......... .......... .......... .......... .......... 42% 7.73M 0s
   100K .......... .......... .......... .......... .......... 64% 17.0M 0s
   150K .......... .......... .......... .......... .......... 85%  263M 0s
   200K .......... .......... .......... ...                  100%  430M=0.01s

2026-09-23 06:37:48 (23.8 MB/s) - ‘utmccf.wordpress.com/wp-content/uploads/2022/06/wechatimg560.jpeg’ saved [238782/238782]

--2026-09-23 06:37:48--  https://utmccf.wordpress.com/wp-content/uploads/2022/07/16101658206922_.pic_.png?strip=info&w=600
Reusing existing connection to utmccf.wordpress.com:443.
HTTP request sent, awaiting response... 200 OK
Length: 58546 (57K) [image/png]
Saving to: ‘utmccf.wordpress.com/wp-content/uploads/2022/07/16101658206922_.pic_.png@strip=info&w=600’

     0K .......... .......... .......... .......... .......... 87%  434M 0s
    50K .......                                               100% 13.4T=0s

2026-09-23 06:37:49 (496 MB/s) - ‘utmccf.wordpress.com/wp-content/uploads/2022/07/16101658206922_.pic_.png@strip=info&w=600’ saved [58546/58546]

--2026-09-23 06:37:49--  https://utmccf.wordpress.com/wp-content/uploads/2022/07/16101658206922_.pic_.png?strip=info&w=900
Reusing existing connection to utmccf.wordpress.com:443.
HTTP request sent, awaiting response... 200 OK
Length: 97016 (95K) [image/png]
Saving to: ‘utmccf.wordpress.com/wp-content/uploads/2022/07/16101658206922_.pic_.png@strip=info&w=900’

     0K .......... .......... .......... .......... .......... 52%  361M 0s
    50K .......... .......... .......... .......... ....      100%  545M=0s

2026-09-23 06:37:49 (430 MB/s) - ‘utmccf.wordpress.com/wp-content/uploads/2022/07/16101658206922_.pic_.png@strip=info&w=900’ saved [97016/97016]

--2026-09-23 06:37:49--  https://utmccf.wordpress.com/wp-content/uploads/2022/07/16101658206922_.pic_.png?strip=info&w=1200
Reusing existing connection to utmccf.wordpress.com:443.
HTTP request sent, awaiting response... 200 OK
Length: 141051 (138K) [image/png]
Saving to: ‘utmccf.wordpress.com/wp-content/uploads/2022/07/16101658206922_.pic_.png@strip=info&w=1200’

     0K .......... .......... .......... .......... .......... 36%  372M 0s
    50K .......... .......... .......... .......... .......... 72% 67.6M 0s
   100K .......... .......... .......... .......              100%  490M=0.001s

2026-09-23 06:37:50 (145 MB/s) - ‘utmccf.wordpress.com/wp-content/uploads/2022/07/16101658206922_.pic_.png@strip=info&w=1200’ saved [141051/141051]

--2026-09-23 06:37:50--  https://utmccf.wordpress.com/wp-content/uploads/2022/07/16101658206922_.pic_.png?strip=info&w=1500
Reusing existing connection to utmccf.wordpress.com:443.
HTTP request sent, awaiting response... 200 OK
Length: 185186 (181K) [image/png]
Saving to: ‘utmccf.wordpress.com/wp-content/uploads/2022/07/16101658206922_.pic_.png@strip=info&w=1500’

     0K .......... .......... .......... .......... .......... 27%  160M 0s
    50K .......... .......... .......... .......... .......... 55% 14.1M 0s
   100K .......... .......... .......... .......... .......... 82%  173M 0s
   150K .......... .......... ..........                      100%  209M=0.004s

2026-09-23 06:37:51 (42.1 MB/s) - ‘utmccf.wordpress.com/wp-content/uploads/2022/07/16101658206922_.pic_.png@strip=info&w=1500’ saved [185186/185186]

--2026-09-23 06:37:51--  https://utmccf.wordpress.com/wp-content/uploads/2022/07/16101658206922_.pic_.png?strip=info&w=1728
Reusing existing connection to utmccf.wordpress.com:443.
HTTP request sent, awaiting response... 200 OK
Length: 163103 (159K) [image/png]
Saving to: ‘utmccf.wordpress.com/wp-content/uploads/2022/07/16101658206922_.pic_.png@strip=info&w=1728’

     0K .......... .......... .......... .......... .......... 31%  140M 0s
    50K .......... .......... .......... .......... .......... 62%  185M 0s
   100K .......... .......... .......... .......... .......... 94%  242M 0s
   150K .........                                             100%  347M=0.001s

2026-09-23 06:37:52 (185 MB/s) - ‘utmccf.wordpress.com/wp-content/uploads/2022/07/16101658206922_.pic_.png@strip=info&w=1728’ saved [163103/163103]

--2026-09-23 06:37:52--  https://utmccf.wordpress.com/wp-content/uploads/2022/07/16101658206922_.pic_.png
Reusing existing connection to utmccf.wordpress.com:443.
HTTP request sent, awaiting response... 200 OK
Length: 361372 (353K) [image/png]
Saving to: ‘utmccf.wordpress.com/wp-content/uploads/2022/07/16101658206922_.pic_.png’

     0K .......... .......... .......... .......... .......... 14%  244M 0s
    50K .......... .......... .......... .......... .......... 28% 1002K 0s
   100K .......... .......... .......... .......... .......... 42% 2.63M 0s
   150K .......... .......... .......... .......... .......... 56% 14.2M 0s
   200K .......... .......... .......... .......... .......... 70% 26.1M 0s
   250K .......... .......... .......... .......... .......... 85%  270M 0s
   300K .......... .......... .......... .......... .......... 99%  343M 0s
   350K ..                                                    100% 5.41T=0.07s

2026-09-23 06:37:53 (4.64 MB/s) - ‘utmccf.wordpress.com/wp-content/uploads/2022/07/16101658206922_.pic_.png’ saved [361372/361372]

--2026-09-23 06:37:53--  https://utmccf.wordpress.com/wp-content/uploads/2022/08/e69a91e69c9fe59ba2e5a591e7bb93e69d9fe7baaae5bfb5e59bbee78987.png?strip=info&w=600
Reusing existing connection to utmccf.wordpress.com:443.
HTTP request sent, awaiting response... 200 OK
Length: 87924 (86K) [image/png]
Saving to: ‘utmccf.wordpress.com/wp-content/uploads/2022/08/e69a91e69c9fe59ba2e5a591e7bb93e69d9fe7baaae5bfb5e59bbee78987.png@strip=info&w=600’

     0K .......... .......... .......... .......... .......... 58%  333M 0s
    50K .......... .......... .......... .....                100%  554M=0s

2026-09-23 06:37:53 (400 MB/s) - ‘utmccf.wordpress.com/wp-content/uploads/2022/08/e69a91e69c9fe59ba2e5a591e7bb93e69d9fe7baaae5bfb5e59bbee78987.png@strip=info&w=600’ saved [87924/87924]

--2026-09-23 06:37:53--  https://utmccf.wordpress.com/wp-content/uploads/2022/08/e69a91e69c9fe59ba2e5a591e7bb93e69d9fe7baaae5bfb5e59bbee78987.png?strip=info&w=900
Reusing existing connection to utmccf.wordpress.com:443.
HTTP request sent, awaiting response... 200 OK
Length: 181631 (177K) [image/png]
Saving to: ‘utmccf.wordpress.com/wp-content/uploads/2022/08/e69a91e69c9fe59ba2e5a591e7bb93e69d9fe7baaae5bfb5e59bbee78987.png@strip=info&w=900’

     0K .......... .......... .......... .......... .......... 28%  405M 0s
    50K .......... .......... .......... .......... .......... 56% 83.5M 0s
   100K .......... .......... .......... .......... .......... 84%  369M 0s
   150K .......... .......... .......                         100%  362M=0.001s

2026-09-23 06:37:54 (190 MB/s) - ‘utmccf.wordpress.com/wp-content/uploads/2022/08/e69a91e69c9fe59ba2e5a591e7bb93e69d9fe7baaae5bfb5e59bbee78987.png@strip=info&w=900’ saved [181631/181631]

--2026-09-23 06:37:54--  https://utmccf.wordpress.com/wp-content/uploads/2022/08/e69a91e69c9fe59ba2e5a591e7bb93e69d9fe7baaae5bfb5e59bbee78987.png?strip=info&w=1200
Reusing existing connection to utmccf.wordpress.com:443.
HTTP request sent, awaiting response... 200 OK
Length: 304632 (297K) [image/png]
Saving to: ‘utmccf.wordpress.com/wp-content/uploads/2022/08/e69a91e69c9fe59ba2e5a591e7bb93e69d9fe7baaae5bfb5e59bbee78987.png@strip=info&w=1200’

     0K .......... .......... .......... .......... .......... 16%  409M 0s
    50K .......... .......... .......... .......... .......... 33% 3.99M 0s
   100K .......... .......... .......... .......... .......... 50% 8.71M 0s
   150K .......... .......... .......... .......... .......... 67% 12.9M 0s
   200K .......... .......... .......... .......... .......... 84%  204M 0s
   250K .......... .......... .......... .......... .......   100%  467M=0.02s

2026-09-23 06:37:55 (13.2 MB/s) - ‘utmccf.wordpress.com/wp-content/uploads/2022/08/e69a91e69c9fe59ba2e5a591e7bb93e69d9fe7baaae5bfb5e59bbee78987.png@strip=info&w=1200’ saved [304632/304632]

--2026-09-23 06:37:55--  https://utmccf.wordpress.com/wp-content/uploads/2022/08/e69a91e69c9fe59ba2e5a591e7bb93e69d9fe7baaae5bfb5e59bbee78987.png?strip=info&w=1500
Reusing existing connection to utmccf.wordpress.com:443.
HTTP request sent, awaiting response... 200 OK
Length: 447074 (437K) [image/png]
Saving to: ‘utmccf.wordpress.com/wp-content/uploads/2022/08/e69a91e69c9fe59ba2e5a591e7bb93e69d9fe7baaae5bfb5e59bbee78987.png@strip=info&w=1500’

     0K .......... .......... .......... .......... .......... 11%  120M 0s
    50K .......... .......... .......... .......... .......... 22% 18.3M 0s
   100K .......... .......... .......... .......... .......... 34% 16.4M 0s
   150K .......... .......... .......... .......... .......... 45% 6.14M 0s
   200K .......... .......... .......... .......... .......... 57%  280M 0s
   250K .......... .......... .......... .......... .......... 68% 18.2M 0s
   300K .......... .......... .......... .......... .......... 80% 51.5M 0s
   350K .......... .......... .......... .......... .......... 91%  264M 0s
   400K .......... .......... .......... ......               100%  535M=0.02s

2026-09-23 06:37:56 (23.6 MB/s) - ‘utmccf.wordpress.com/wp-content/uploads/2022/08/e69a91e69c9fe59ba2e5a591e7bb93e69d9fe7baaae5bfb5e59bbee78987.png@strip=info&w=1500’ saved [447074/447074]

--2026-09-23 06:37:56--  https://utmccf.wordpress.com/wp-content/uploads/2022/08/e69a91e69c9fe59ba2e5a591e7bb93e69d9fe7baaae5bfb5e59bbee78987.png?strip=info&w=1800
Reusing existing connection to utmccf.wordpress.com:443.
HTTP request sent, awaiting response... 200 OK
Length: 660950 (645K) [image/png]
Saving to: ‘utmccf.wordpress.com/wp-content/uploads/2022/08/e69a91e69c9fe59ba2e5a591e7bb93e69d9fe7baaae5bfb5e59bbee78987.png@strip=info&w=1800’

     0K .......... .......... .......... .......... ..........  7% 67.4M 0s
    50K .......... .......... .......... .......... .......... 15%  640K 0s
   100K .......... .......... .......... .......... .......... 23%  339K 1s
   150K .......... .......... .......... .......... .......... 30% 8.88M 1s
   200K .......... .......... .......... .......... .......... 38%  298M 0s
   250K .......... .......... .......... .......... .......... 46% 10.8M 0s
   300K .......... .......... .......... .......... .......... 54% 4.34M 0s
   350K .......... .......... .......... .......... .......... 61% 11.2M 0s
   400K .......... .......... .......... .......... .......... 69% 11.0M 0s
   450K .......... .......... .......... .......... .......... 77%  272M 0s
   500K .......... .......... .......... .......... .......... 85% 11.0M 0s
   550K .......... .......... .......... .......... .......... 92%  232M 0s
   600K .......... .......... .......... .......... .....     100%  464M=0.3s

2026-09-23 06:37:57 (2.41 MB/s) - ‘utmccf.wordpress.com/wp-content/uploads/2022/08/e69a91e69c9fe59ba2e5a591e7bb93e69d9fe7baaae5bfb5e59bbee78987.png@strip=info&w=1800’ saved [660950/660950]

--2026-09-23 06:37:57--  https://utmccf.wordpress.com/wp-content/uploads/2022/08/e69a91e69c9fe59ba2e5a591e7bb93e69d9fe7baaae5bfb5e59bbee78987.png
Reusing existing connection to utmccf.wordpress.com:443.
HTTP request sent, awaiting response... 200 OK
Length: 2162482 (2.1M) [image/png]
Saving to: ‘utmccf.wordpress.com/wp-content/uploads/2022/08/e69a91e69c9fe59ba2e5a591e7bb93e69d9fe7baaae5bfb5e59bbee78987.png’

     0K .......... .......... .......... .......... ..........  2%  313M 0s
    50K .......... .......... .......... .......... ..........  4% 67.4M 0s
   100K .......... .......... .......... .......... ..........  7% 63.9M 0s
   150K .......... .......... .......... .......... ..........  9% 82.1M 0s
   200K .......... .......... .......... .......... .......... 11%  231M 0s
   250K .......... .......... .......... .......... .......... 14% 69.5M 0s
   300K .......... .......... .......... .......... .......... 16% 89.4M 0s
   350K .......... .......... .......... .......... .......... 18% 64.7M 0s
   400K .......... .......... .......... .......... .......... 21% 74.1M 0s
   450K .......... .......... .......... .......... .......... 23%  285M 0s
   500K .......... .......... .......... .......... .......... 26% 68.2M 0s
   550K .......... .......... .......... .......... .......... 28% 54.1M 0s
   600K .......... .......... .......... .......... .......... 30% 71.1M 0s
   650K .......... .......... .......... .......... .......... 33%  247M 0s
   700K .......... .......... .......... .......... .......... 35% 62.2M 0s
   750K .......... .......... .......... .......... .......... 37% 67.4M 0s
   800K .......... .......... .......... .......... .......... 40% 72.0M 0s
   850K .......... .......... .......... .......... .......... 42% 72.1M 0s
   900K .......... .......... .......... .......... .......... 44%  279M 0s
   950K .......... .......... .......... .......... .......... 47% 66.6M 0s
  1000K .......... .......... .......... .......... .......... 49% 6.95M 0s
  1050K .......... .......... .......... .......... .......... 52%  221M 0s
  1100K .......... .......... .......... .......... .......... 54%  483M 0s
  1150K .......... .......... .......... .......... .......... 56%  270M 0s
  1200K .......... .......... .......... .......... .......... 59% 78.1M 0s
  1250K .......... .......... .......... .......... .......... 61%  241M 0s
  1300K .......... .......... .......... .......... .......... 63% 43.1M 0s
  1350K .......... .......... .......... .......... .......... 66%  294M 0s
  1400K .......... .......... .......... .......... .......... 68% 68.3M 0s
  1450K .......... .......... .......... .......... .......... 71% 72.4M 0s
  1500K .......... .......... .......... .......... .......... 73% 74.0M 0s
  1550K .......... .......... .......... .......... .......... 75% 52.2M 0s
  1600K .......... .......... .......... .......... .......... 78%  250M 0s
  1650K .......... .......... .......... .......... .......... 80% 94.3M 0s
  1700K .......... .......... .......... .......... .......... 82% 67.5M 0s
  1750K .......... .......... .......... .......... .......... 85% 73.6M 0s
  1800K .......... .......... .......... .......... .......... 87%  246M 0s
  1850K .......... .......... .......... .......... .......... 89% 70.1M 0s
  1900K .......... .......... .......... .......... .......... 92% 75.5M 0s
  1950K .......... .......... .......... .......... .......... 94% 37.5M 0s
  2000K .......... .......... .......... .......... .......... 97%  228M 0s
  2050K .......... .......... .......... .......... .......... 99%  501M 0s
  2100K .......... .                                          100%  383M=0.03s

2026-09-23 06:37:57 (69.9 MB/s) - ‘utmccf.wordpress.com/wp-content/uploads/2022/08/e69a91e69c9fe59ba2e5a591e7bb93e69d9fe7baaae5bfb5e59bbee78987.png’ saved [2162482/2162482]

--2026-09-23 06:37:57--  https://utmccf.wordpress.com/2022/08/25/%e4%bf%a1%e4%bb%b0101%e5%bc%80%e8%af%be%e5%95%a6%ef%bc%81/
Reusing existing connection to utmccf.wordpress.com:443.
HTTP request sent, awaiting response... 200 OK
Length: unspecified [text/html]
Saving to: ‘utmccf.wordpress.com/2022/08/25/信仰101开课啦！/index.html’

     0K .......... .......... .......... .......... ..........  184M
    50K .......... .......... .......... .......... ..........  410M
   100K .......... .......... ...                               686M=0s

Last-modified header missing -- time-stamps turned off.
2026-09-23 06:37:57 (289 MB/s) - ‘utmccf.wordpress.com/2022/08/25/信仰101开课啦！/index.html’ saved [126726]

The destination name is too long (277), reducing to 236
--2026-09-23 06:37:57--  https://utmccf.wordpress.com/_static/??-eJyNkEGOwjAMRS80wcyAgM2Is4TGLW4dJ9ROC7enBSEQC8TK0v/vWZZhzK5KYigGB06Ny1waEoUx9cEHdRV7VVRop8gbu+Fv0eoPvGixPCUKDZoClqlNHaFjP4JhzOwN3/IPe5i6iT4VLHj0Ehj7d9iOGCcklwNgIJnPEz9Q442SfAFrR9kxSefqVBV1NZ2/sOb5wEgqLuH+mUBqMKCE1M9VTnypiXkRb/g+/v9ud5v1ernabdsrl4uIvA==
Reusing existing connection to utmccf.wordpress.com:443.
HTTP request sent, awaiting response... 200 OK
Length: 105678 (103K) [application/javascript]
Saving to: ‘utmccf.wordpress.com/_static/index.html@%3F-eJyNkEGOwjAMRS80wcyAgM2Is4TGLW4dJ9ROC7enBSEQC8TK0v%2FvWZZhzK5KYigGB06Ny1waEoUx9cEHdRV7VVRop8gbu+Fv0eoPvGixPCUKDZoClqlNHaFjP4JhzOwN3%2FIPe5i6iT4VLHj0Ehj7d9iOGCcklwNgIJnPEz9Q442SfAFrR9kxSefqVBV1NZ2%2FsOb5wEgqLuH+mUBqMKCE1M9’

     0K .......... .......... .......... .......... .......... 48%  332M 0s
    50K .......... .......... .......... .......... .......... 96%  440M 0s
   100K ...                                                   100% 5.96T=0s

2026-09-23 06:37:57 (391 MB/s) - ‘utmccf.wordpress.com/_static/index.html@%3F-eJyNkEGOwjAMRS80wcyAgM2Is4TGLW4dJ9ROC7enBSEQC8TK0v%2FvWZZhzK5KYigGB06Ny1waEoUx9cEHdRV7VVRop8gbu+Fv0eoPvGixPCUKDZoClqlNHaFjP4JhzOwN3%2FIPe5i6iT4VLHj0Ehj7d9iOGCcklwNgIJnPEz9Q442SfAFrR9kxSefqVBV1NZ2%2FsOb5wEgqLuH+mUBqMKCE1M9’ saved [105678/105678]

--2026-09-23 06:37:57--  https://utmccf.wordpress.com/wp-content/mu-plugins/jetpack-mu-wpcom-plugin/moon/jetpack_vendor/automattic/jetpack-classic-theme-helper/dist/responsive-videos/responsive-videos.js?m=1772482296i
Reusing existing connection to utmccf.wordpress.com:443.
HTTP request sent, awaiting response... 200 OK
Length: 1309 (1.3K) [application/javascript]
Saving to: ‘utmccf.wordpress.com/wp-content/mu-plugins/jetpack-mu-wpcom-plugin/moon/jetpack_vendor/automattic/jetpack-classic-theme-helper/dist/responsive-videos/responsive-videos.js@m=1772482296i’

     0K .                                                     100% 5.78G=0s

Last-modified header missing -- time-stamps turned off.
2026-09-23 06:37:57 (5.78 GB/s) - ‘utmccf.wordpress.com/wp-content/mu-plugins/jetpack-mu-wpcom-plugin/moon/jetpack_vendor/automattic/jetpack-classic-theme-helper/dist/responsive-videos/responsive-videos.js@m=1772482296i’ saved [1309/1309]

--2026-09-23 06:37:57--  https://utmccf.wordpress.com/wp-content/plugins/gutenberg-core/v23.9.1/build/scripts/dom-ready/index.min.js?m=1788785546i&ver=3fe927cab37bf38d6a23
Reusing existing connection to utmccf.wordpress.com:443.
HTTP request sent, awaiting response... 200 OK
Length: 884 [application/javascript]
Saving to: ‘utmccf.wordpress.com/wp-content/plugins/gutenberg-core/v23.9.1/build/scripts/dom-ready/index.min.js@m=1788785546i&ver=3fe927cab37bf38d6a23’

     0K                                                       100% 5.88G=0s

2026-09-23 06:37:57 (5.88 GB/s) - ‘utmccf.wordpress.com/wp-content/plugins/gutenberg-core/v23.9.1/build/scripts/dom-ready/index.min.js@m=1788785546i&ver=3fe927cab37bf38d6a23’ saved [884/884]

--2026-09-23 06:37:57--  https://utmccf.wordpress.com/wp-content/mu-plugins/jetpack-plugin/moon/_inc/blocks/tiled-gallery/view.js?m=1782736681i&minify=false&ver=16.3-a.0
Reusing existing connection to utmccf.wordpress.com:443.
HTTP request sent, awaiting response... 200 OK
Length: 10784 (11K) [application/javascript]
Saving to: ‘utmccf.wordpress.com/wp-content/mu-plugins/jetpack-plugin/moon/_inc/blocks/tiled-gallery/view.js@m=1782736681i&minify=false&ver=16.3-a.0’

     0K ..........                                            100% 28.6G=0s

2026-09-23 06:37:57 (28.6 GB/s) - ‘utmccf.wordpress.com/wp-content/mu-plugins/jetpack-plugin/moon/_inc/blocks/tiled-gallery/view.js@m=1782736681i&minify=false&ver=16.3-a.0’ saved [10784/10784]

--2026-09-23 06:37:57--  https://utmccf.wordpress.com/_static/??-eJyFjsEKwjAQRH/IdPVgWw/ip0i6Ce3G7G5oEop/L0jrQaTeZoY3w8CSDKoULwW4mhTrSJIh+JIsPlYPrCpwJ0EYKkUHaGet2ccPtwUNkzQhH+D37IaZJaHyl93p/bmTJzt7Z517viXJuP648fXU9d3lfOzbNrwAlPdYCA==
Reusing existing connection to utmccf.wordpress.com:443.
HTTP request sent, awaiting response... 200 OK
Length: 38349 (37K) [application/javascript]
Saving to: ‘utmccf.wordpress.com/_static/index.html@%3F-eJyFjsEKwjAQRH%2FIdPVgWw%2Fip0i6Ce3G7G5oEop%2FL0jrQaTeZoY3w8CSDKoULwW4mhTrSJIh+JIsPlYPrCpwJ0EYKkUHaGet2ccPtwUNkzQhH+D37IaZJaHyl93p%2FbmTJzt7Z517viXJuP648fXU9d3lfOzbNrwAlPdYCA==’

     0K .......... .......... .......... .......              100%  497M=0s

2026-09-23 06:37:57 (497 MB/s) - ‘utmccf.wordpress.com/_static/index.html@%3F-eJyFjsEKwjAQRH%2FIdPVgWw%2Fip0i6Ce3G7G5oEop%2FL0jrQaTeZoY3w8CSDKoULwW4mhTrSJIh+JIsPlYPrCpwJ0EYKkUHaGet2ccPtwUNkzQhH+D37IaZJaHyl93p%2FbmTJzt7Z517viXJuP648fXU9d3lfOzbNrwAlPdYCA==’ saved [38349/38349]

--2026-09-23 06:37:57--  https://utmccf.wordpress.com/wp-content/themes/h4/global.css?m=1420737423i&cssminify=yes
Reusing existing connection to utmccf.wordpress.com:443.
HTTP request sent, awaiting response... 200 OK
Length: 317 [text/css]
Saving to: ‘utmccf.wordpress.com/wp-content/themes/h4/global.css@m=1420737423i&cssminify=yes.css’

     0K                                                       100% 2.09G=0s

Last-modified header missing -- time-stamps turned off.
2026-09-23 06:37:57 (2.09 GB/s) - ‘utmccf.wordpress.com/wp-content/themes/h4/global.css@m=1420737423i&cssminify=yes.css’ saved [317/317]

--2026-09-23 06:37:57--  https://utmccf.wordpress.com/2025/04/08/worship-night-testimonies/
Reusing existing connection to utmccf.wordpress.com:443.
HTTP request sent, awaiting response... 200 OK
Length: unspecified [text/html]
Saving to: ‘utmccf.wordpress.com/2025/04/08/worship-night-testimonies/index.html’

     0K .......... .......... .......... .......... ..........  408M
    50K .......... .......... .......... .......... ..........  111M
   100K .......... .......... .........                         156M=0.001s

Last-modified header missing -- time-stamps turned off.
2026-09-23 06:37:57 (170 MB/s) - ‘utmccf.wordpress.com/2025/04/08/worship-night-testimonies/index.html’ saved [132965]

--2026-09-23 06:37:57--  https://utmccf.wordpress.com/wp-content/uploads/2025/04/image-3.png?w=648
Reusing existing connection to utmccf.wordpress.com:443.
HTTP request sent, awaiting response... 200 OK
Length: 172574 (169K) [image/png]
Saving to: ‘utmccf.wordpress.com/wp-content/uploads/2025/04/image-3.png@w=648’

     0K .......... .......... .......... .......... .......... 29%  403M 0s
    50K .......... .......... .......... .......... .......... 59% 5.20M 0s
   100K .......... .......... .......... .......... .......... 89%  256M 0s
   150K .......... ........                                   100%  524M=0.01s

2026-09-23 06:37:58 (16.9 MB/s) - ‘utmccf.wordpress.com/wp-content/uploads/2025/04/image-3.png@w=648’ saved [172574/172574]

--2026-09-23 06:37:58--  https://utmccf.wordpress.com/wp-content/uploads/2025/04/image-3.png?w=150
Reusing existing connection to utmccf.wordpress.com:443.
HTTP request sent, awaiting response... 200 OK
Length: 14715 (14K) [image/png]
Saving to: ‘utmccf.wordpress.com/wp-content/uploads/2025/04/image-3.png@w=150’

     0K .......... ....                                       100% 30.4G=0s

2026-09-23 06:37:58 (30.4 GB/s) - ‘utmccf.wordpress.com/wp-content/uploads/2025/04/image-3.png@w=150’ saved [14715/14715]

--2026-09-23 06:37:58--  https://utmccf.wordpress.com/wp-content/uploads/2025/04/image-3.png?w=300
Reusing existing connection to utmccf.wordpress.com:443.
HTTP request sent, awaiting response... 200 OK
Length: 45653 (45K) [image/png]
Saving to: ‘utmccf.wordpress.com/wp-content/uploads/2025/04/image-3.png@w=300’

     0K .......... .......... .......... .......... ....      100%  595M=0s

2026-09-23 06:37:58 (595 MB/s) - ‘utmccf.wordpress.com/wp-content/uploads/2025/04/image-3.png@w=300’ saved [45653/45653]

--2026-09-23 06:37:58--  https://utmccf.wordpress.com/wp-content/uploads/2025/04/image-3.png?w=768
Reusing existing connection to utmccf.wordpress.com:443.
HTTP request sent, awaiting response... 200 OK
Length: 233164 (228K) [image/png]
Saving to: ‘utmccf.wordpress.com/wp-content/uploads/2025/04/image-3.png@w=768’

     0K .......... .......... .......... .......... .......... 21%  387M 0s
    50K .......... .......... .......... .......... .......... 43% 5.87M 0s
   100K .......... .......... .......... .......... .......... 65% 10.9M 0s
   150K .......... .......... .......... .......... .......... 87%  339M 0s
   200K .......... .......... .......                         100%  423M=0.01s

2026-09-23 06:37:59 (16.9 MB/s) - ‘utmccf.wordpress.com/wp-content/uploads/2025/04/image-3.png@w=768’ saved [233164/233164]

--2026-09-23 06:37:59--  https://utmccf.wordpress.com/wp-content/uploads/2025/04/image-3.png
Reusing existing connection to utmccf.wordpress.com:443.
HTTP request sent, awaiting response... 200 OK
Length: 903672 (882K) [image/png]
Saving to: ‘utmccf.wordpress.com/wp-content/uploads/2025/04/image-3.png’

     0K .......... .......... .......... .......... ..........  5%  423M 0s
    50K .......... .......... .......... .......... .......... 11% 8.45M 0s
   100K .......... .......... .......... .......... .......... 16% 5.33M 0s
   150K .......... .......... .......... .......... .......... 22% 7.86M 0s
   200K .......... .......... .......... .......... .......... 28%  322M 0s
   250K .......... .......... .......... .......... .......... 33% 10.5M 0s
   300K .......... .......... .......... .......... .......... 39% 15.4M 0s
   350K .......... .......... .......... .......... .......... 45% 13.9M 0s
   400K .......... .......... .......... .......... .......... 50% 22.3M 0s
   450K .......... .......... .......... .......... .......... 56%  328M 0s
   500K .......... .......... .......... .......... .......... 62% 13.5M 0s
   550K .......... .......... .......... .......... .......... 67% 20.5M 0s
   600K .......... .......... .......... .......... .......... 73% 24.3M 0s
   650K .......... .......... .......... .......... .......... 79%  268M 0s
   700K .......... .......... .......... .......... .......... 84% 21.4M 0s
   750K .......... .......... .......... .......... .......... 90% 33.9M 0s
   800K .......... .......... .......... .......... .......... 96%  322M 0s
   850K .......... .......... .......... ..                   100%  427M=0.05s

2026-09-23 06:37:59 (18.2 MB/s) - ‘utmccf.wordpress.com/wp-content/uploads/2025/04/image-3.png’ saved [903672/903672]

--2026-09-23 06:37:59--  https://utmccf.wordpress.com/category/%e6%af%8f%e5%91%a8%e6%b4%bb%e5%8a%a8-weekly-events/
Reusing existing connection to utmccf.wordpress.com:443.
HTTP request sent, awaiting response... 200 OK
Length: unspecified [text/html]
Saving to: ‘utmccf.wordpress.com/category/每周活动-weekly-events/index.html’

     0K .......... .......... .......... .......... ..........  319M
    50K .......... .......... .......... .......... ..........  517M
   100K .......... .......... .......... ....                   449M=0s

Last-modified header missing -- time-stamps turned off.
2026-09-23 06:37:59 (407 MB/s) - ‘utmccf.wordpress.com/category/每周活动-weekly-events/index.html’ saved [137369]

--2026-09-23 06:37:59--  https://utmccf.wordpress.com/2025/04/08/%e9%9f%b3%e4%b9%90%e6%95%ac%e6%8b%9c%e5%a4%9c%e6%ad%8c%e8%af%8d%e6%b3%a8%e8%a7%a3/
Reusing existing connection to utmccf.wordpress.com:443.
HTTP request sent, awaiting response... 200 OK
Length: unspecified [text/html]
Saving to: ‘utmccf.wordpress.com/2025/04/08/音乐敬拜夜歌词注解/index.html’

     0K .......... .......... .......... .......... ..........  296M
    50K .......... .......... .......... .......... ..........  222M
   100K .......... .......... .........                         380M=0s

Last-modified header missing -- time-stamps turned off.
2026-09-23 06:37:59 (274 MB/s) - ‘utmccf.wordpress.com/2025/04/08/音乐敬拜夜歌词注解/index.html’ saved [132434]

--2026-09-23 06:37:59--  https://utmccf.wordpress.com/wp-content/uploads/2025/04/image-1.png?w=648
Reusing existing connection to utmccf.wordpress.com:443.
HTTP request sent, awaiting response... 200 OK
Length: 90730 (89K) [image/png]
Saving to: ‘utmccf.wordpress.com/wp-content/uploads/2025/04/image-1.png@w=648’

     0K .......... .......... .......... .......... .......... 56%  359M 0s
    50K .......... .......... .......... ........             100%  589M=0s

2026-09-23 06:37:59 (433 MB/s) - ‘utmccf.wordpress.com/wp-content/uploads/2025/04/image-1.png@w=648’ saved [90730/90730]

--2026-09-23 06:37:59--  https://utmccf.wordpress.com/wp-content/uploads/2025/04/image-1.png?w=150
Reusing existing connection to utmccf.wordpress.com:443.
HTTP request sent, awaiting response... 200 OK
Length: 9736 (9.5K) [image/png]
Saving to: ‘utmccf.wordpress.com/wp-content/uploads/2025/04/image-1.png@w=150’

     0K .........                                             100% 3.37G=0s

2026-09-23 06:37:59 (3.37 GB/s) - ‘utmccf.wordpress.com/wp-content/uploads/2025/04/image-1.png@w=150’ saved [9736/9736]

--2026-09-23 06:37:59--  https://utmccf.wordpress.com/wp-content/uploads/2025/04/image-1.png?w=300
Reusing existing connection to utmccf.wordpress.com:443.
HTTP request sent, awaiting response... 200 OK
Length: 27957 (27K) [image/png]
Saving to: ‘utmccf.wordpress.com/wp-content/uploads/2025/04/image-1.png@w=300’

     0K .......... .......... .......                         100%  545M=0s

2026-09-23 06:38:00 (545 MB/s) - ‘utmccf.wordpress.com/wp-content/uploads/2025/04/image-1.png@w=300’ saved [27957/27957]

--2026-09-23 06:38:00--  https://utmccf.wordpress.com/wp-content/uploads/2025/04/image-1.png?w=768
Reusing existing connection to utmccf.wordpress.com:443.
HTTP request sent, awaiting response... 200 OK
Length: 117693 (115K) [image/png]
Saving to: ‘utmccf.wordpress.com/wp-content/uploads/2025/04/image-1.png@w=768’

     0K .......... .......... .......... .......... .......... 43%  337M 0s
    50K .......... .......... .......... .......... .......... 87%  525M 0s
   100K .......... ....                                       100%  482M=0s

2026-09-23 06:38:00 (419 MB/s) - ‘utmccf.wordpress.com/wp-content/uploads/2025/04/image-1.png@w=768’ saved [117693/117693]

--2026-09-23 06:38:00--  https://utmccf.wordpress.com/wp-content/uploads/2025/04/image-1.png
Reusing existing connection to utmccf.wordpress.com:443.
HTTP request sent, awaiting response... 200 OK
Length: 351032 (343K) [image/png]
Saving to: ‘utmccf.wordpress.com/wp-content/uploads/2025/04/image-1.png’

     0K .......... .......... .......... .......... .......... 14%  357M 0s
    50K .......... .......... .......... .......... .......... 29% 5.10M 0s
   100K .......... .......... .......... .......... .......... 43% 6.21M 0s
   150K .......... .......... .......... .......... .......... 58% 12.4M 0s
   200K .......... .......... .......... .......... .......... 72%  337M 0s
   250K .......... .......... .......... .......... .......... 87% 26.0M 0s
   300K .......... .......... .......... .......... ..        100%  360M=0.02s

2026-09-23 06:38:00 (14.2 MB/s) - ‘utmccf.wordpress.com/wp-content/uploads/2025/04/image-1.png’ saved [351032/351032]

The destination name is too long (329), reducing to 236
--2026-09-23 06:38:00--  https://utmccf.wordpress.com/_static/??-eJyNkFFuhDAMRC9UY8FuVX6qHqUKiZcakjjCCfT4DVJpV6iq9svyZN7YMW4JrMRMMePgZYTky8hRcZPFGadgvVElxalKJntYu2bSJ7zDQvmF2I2UFanUV5mZwJsNM4XkTaaTfs45QqzUReys2DVt37SgXHGChdbmio4177scJvBiHC1N4HjOyx8U6sxUBiTHcaeiWXk0meURs86cwHOc4Sa2KNz48wFqr/9caKKcjJ2/ewwiEd85WhwKe4fWLFKU/I/vEP764F3sYYMtWQmntnJv4bV96Z+77nJp++kLNUi4/Q==
Reusing existing connection to utmccf.wordpress.com:443.
HTTP request sent, awaiting response... 200 OK
Length: 93219 (91K) [application/javascript]
Saving to: ‘utmccf.wordpress.com/_static/index.html@%3F-eJyNkFFuhDAMRC9UY8FuVX6qHqUKiZcakjjCCfT4DVJpV6iq9svyZN7YMW4JrMRMMePgZYTky8hRcZPFGadgvVElxalKJntYu2bSJ7zDQvmF2I2UFanUV5mZwJsNM4XkTaaTfs45QqzUReys2DVt37SgXHGChdbmio4177scJvBiHC1N4HjOyx8U6sxUBiTHcaeiWXk0meURs86cwHOc4Sa2KNz48’

     0K .......... .......... .......... .......... .......... 54%  392M 0s
    50K .......... .......... .......... .......... .         100%  534M=0s

2026-09-23 06:38:00 (446 MB/s) - ‘utmccf.wordpress.com/_static/index.html@%3F-eJyNkFFuhDAMRC9UY8FuVX6qHqUKiZcakjjCCfT4DVJpV6iq9svyZN7YMW4JrMRMMePgZYTky8hRcZPFGadgvVElxalKJntYu2bSJ7zDQvmF2I2UFanUV5mZwJsNM4XkTaaTfs45QqzUReys2DVt37SgXHGChdbmio4177scJvBiHC1N4HjOyx8U6sxUBiTHcaeiWXk0meURs86cwHOc4Sa2KNz48’ saved [93219/93219]

--2026-09-23 06:38:00--  https://utmccf.wordpress.com/2024/05/16/%e6%9a%91%e5%81%87%e5%9b%a2%e5%a5%91/
Reusing existing connection to utmccf.wordpress.com:443.
HTTP request sent, awaiting response... 200 OK
Length: unspecified [text/html]
Saving to: ‘utmccf.wordpress.com/2024/05/16/暑假团契/index.html’

     0K .......... .......... .......... .......... ..........  111M
    50K .......... .......... .......... .......... ........    342M=0.001s

Last-modified header missing -- time-stamps turned off.
2026-09-23 06:38:00 (167 MB/s) - ‘utmccf.wordpress.com/2024/05/16/暑假团契/index.html’ saved [101158]

--2026-09-23 06:38:00--  https://utmccf.wordpress.com/category/%e7%89%b9%e5%88%ab%e6%b6%88%e6%81%af-news/
Reusing existing connection to utmccf.wordpress.com:443.
HTTP request sent, awaiting response... 200 OK
Length: unspecified [text/html]
Saving to: ‘utmccf.wordpress.com/category/特别消息-news/index.html’

     0K .......... .......... .......... .......... ..........  323M
    50K .......... .......... .......... .......... .....       549M=0s

Last-modified header missing -- time-stamps turned off.
2026-09-23 06:38:00 (402 MB/s) - ‘utmccf.wordpress.com/category/特别消息-news/index.html’ saved [97423]

--2026-09-23 06:38:00--  https://utmccf.wordpress.com/2024/03/13/%e8%81%8c%e4%b8%9a%e8%a7%84%e5%88%92%e5%88%86%e4%ba%ab%ef%bd%9e/
Reusing existing connection to utmccf.wordpress.com:443.
HTTP request sent, awaiting response... 200 OK
Length: unspecified [text/html]
Saving to: ‘utmccf.wordpress.com/2024/03/13/职业规划分享～/index.html’

     0K .......... .......... .......... .......... ..........  173M
    50K .......... .......... .......... .......... ..........  330M
   100K                                                         853G=0s

Last-modified header missing -- time-stamps turned off.
2026-09-23 06:38:00 (228 MB/s) - ‘utmccf.wordpress.com/2024/03/13/职业规划分享～/index.html’ saved [102858]

--2026-09-23 06:38:00--  https://utmccf.wordpress.com/wp-content/uploads/2024/03/e8818ce4b89ae8a784e58892e58886e4baabe4b98b-e4b998e9a38ee7a0b4e6b5aae79a84e5908ce5ada6-1.png?w=648
Reusing existing connection to utmccf.wordpress.com:443.
HTTP request sent, awaiting response... 200 OK
Length: 52533 (51K) [image/png]
Saving to: ‘utmccf.wordpress.com/wp-content/uploads/2024/03/e8818ce4b89ae8a784e58892e58886e4baabe4b98b-e4b998e9a38ee7a0b4e6b5aae79a84e5908ce5ada6-1.png@w=648’

     0K .......... .......... .......... .......... .......... 97%  413M 0s
    50K .                                                     100% 2.42T=0s

2026-09-23 06:38:01 (423 MB/s) - ‘utmccf.wordpress.com/wp-content/uploads/2024/03/e8818ce4b89ae8a784e58892e58886e4baabe4b98b-e4b998e9a38ee7a0b4e6b5aae79a84e5908ce5ada6-1.png@w=648’ saved [52533/52533]

--2026-09-23 06:38:01--  https://utmccf.wordpress.com/wp-content/uploads/2024/03/e8818ce4b89ae8a784e58892e58886e4baabe4b98b-e4b998e9a38ee7a0b4e6b5aae79a84e5908ce5ada6-1.png?w=1296
Reusing existing connection to utmccf.wordpress.com:443.
HTTP request sent, awaiting response... 200 OK
Length: 129576 (127K) [image/png]
Saving to: ‘utmccf.wordpress.com/wp-content/uploads/2024/03/e8818ce4b89ae8a784e58892e58886e4baabe4b98b-e4b998e9a38ee7a0b4e6b5aae79a84e5908ce5ada6-1.png@w=1296’

     0K .......... .......... .......... .......... .......... 39%  340M 0s
    50K .......... .......... .......... .......... .......... 79%  353M 0s
   100K .......... .......... ......                          100%  730M=0s

2026-09-23 06:38:02 (389 MB/s) - ‘utmccf.wordpress.com/wp-content/uploads/2024/03/e8818ce4b89ae8a784e58892e58886e4baabe4b98b-e4b998e9a38ee7a0b4e6b5aae79a84e5908ce5ada6-1.png@w=1296’ saved [129576/129576]

--2026-09-23 06:38:02--  https://utmccf.wordpress.com/wp-content/uploads/2024/03/e8818ce4b89ae8a784e58892e58886e4baabe4b98b-e4b998e9a38ee7a0b4e6b5aae79a84e5908ce5ada6-1.png?w=106
Reusing existing connection to utmccf.wordpress.com:443.
HTTP request sent, awaiting response... 200 OK
Length: 5685 (5.6K) [image/png]
Saving to: ‘utmccf.wordpress.com/wp-content/uploads/2024/03/e8818ce4b89ae8a784e58892e58886e4baabe4b98b-e4b998e9a38ee7a0b4e6b5aae79a84e5908ce5ada6-1.png@w=106’

     0K .....                                                 100% 14.3G=0s

2026-09-23 06:38:02 (14.3 GB/s) - ‘utmccf.wordpress.com/wp-content/uploads/2024/03/e8818ce4b89ae8a784e58892e58886e4baabe4b98b-e4b998e9a38ee7a0b4e6b5aae79a84e5908ce5ada6-1.png@w=106’ saved [5685/5685]

--2026-09-23 06:38:02--  https://utmccf.wordpress.com/wp-content/uploads/2024/03/e8818ce4b89ae8a784e58892e58886e4baabe4b98b-e4b998e9a38ee7a0b4e6b5aae79a84e5908ce5ada6-1.png?w=212
Reusing existing connection to utmccf.wordpress.com:443.
HTTP request sent, awaiting response... 200 OK
Length: 13144 (13K) [image/png]
Saving to: ‘utmccf.wordpress.com/wp-content/uploads/2024/03/e8818ce4b89ae8a784e58892e58886e4baabe4b98b-e4b998e9a38ee7a0b4e6b5aae79a84e5908ce5ada6-1.png@w=212’

     0K .......... ..                                         100% 33.9G=0s

2026-09-23 06:38:02 (33.9 GB/s) - ‘utmccf.wordpress.com/wp-content/uploads/2024/03/e8818ce4b89ae8a784e58892e58886e4baabe4b98b-e4b998e9a38ee7a0b4e6b5aae79a84e5908ce5ada6-1.png@w=212’ saved [13144/13144]

--2026-09-23 06:38:02--  https://utmccf.wordpress.com/wp-content/uploads/2024/03/e8818ce4b89ae8a784e58892e58886e4baabe4b98b-e4b998e9a38ee7a0b4e6b5aae79a84e5908ce5ada6-1.png?w=768
Reusing existing connection to utmccf.wordpress.com:443.
HTTP request sent, awaiting response... 200 OK
Length: 65550 (64K) [image/png]
Saving to: ‘utmccf.wordpress.com/wp-content/uploads/2024/03/e8818ce4b89ae8a784e58892e58886e4baabe4b98b-e4b998e9a38ee7a0b4e6b5aae79a84e5908ce5ada6-1.png@w=768’

     0K .......... .......... .......... .......... .......... 78%  400M 0s
    50K .......... ....                                       100%  368M=0s

2026-09-23 06:38:02 (393 MB/s) - ‘utmccf.wordpress.com/wp-content/uploads/2024/03/e8818ce4b89ae8a784e58892e58886e4baabe4b98b-e4b998e9a38ee7a0b4e6b5aae79a84e5908ce5ada6-1.png@w=768’ saved [65550/65550]

--2026-09-23 06:38:02--  https://utmccf.wordpress.com/wp-content/uploads/2024/03/e8818ce4b89ae8a784e58892e58886e4baabe4b98b-e4b998e9a38ee7a0b4e6b5aae79a84e5908ce5ada6-1.png?w=724
Reusing existing connection to utmccf.wordpress.com:443.
HTTP request sent, awaiting response... 200 OK
Length: 60214 (59K) [image/png]
Saving to: ‘utmccf.wordpress.com/wp-content/uploads/2024/03/e8818ce4b89ae8a784e58892e58886e4baabe4b98b-e4b998e9a38ee7a0b4e6b5aae79a84e5908ce5ada6-1.png@w=724’

     0K .......... .......... .......... .......... .......... 85%  388M 0s
    50K ........                                              100% 16.4T=0s

2026-09-23 06:38:03 (456 MB/s) - ‘utmccf.wordpress.com/wp-content/uploads/2024/03/e8818ce4b89ae8a784e58892e58886e4baabe4b98b-e4b998e9a38ee7a0b4e6b5aae79a84e5908ce5ada6-1.png@w=724’ saved [60214/60214]

--2026-09-23 06:38:03--  https://utmccf.wordpress.com/2024/02/06/%e6%98%a5%e8%8a%82%e6%b4%bb%e5%8a%a8-%e5%8c%85%e9%a5%ba%e5%ad%90/
Reusing existing connection to utmccf.wordpress.com:443.
HTTP request sent, awaiting response... 200 OK
Length: unspecified [text/html]
Saving to: ‘utmccf.wordpress.com/2024/02/06/春节活动-包饺子/index.html’

     0K .......... .......... .......... .......... ..........  327M
    50K .......... .......... .......... .......... ..........  487M
   100K                                                         838G=0s

Last-modified header missing -- time-stamps turned off.
2026-09-23 06:38:03 (393 MB/s) - ‘utmccf.wordpress.com/2024/02/06/春节活动-包饺子/index.html’ saved [102850]

--2026-09-23 06:38:03--  https://utmccf.wordpress.com/wp-content/uploads/2024/01/e58c85e9a5bae5ad90poster.png?w=648
Reusing existing connection to utmccf.wordpress.com:443.
HTTP request sent, awaiting response... 200 OK
Length: 89777 (88K) [image/png]
Saving to: ‘utmccf.wordpress.com/wp-content/uploads/2024/01/e58c85e9a5bae5ad90poster.png@w=648’

     0K .......... .......... .......... .......... .......... 57%  422M 0s
    50K .......... .......... .......... .......              100%  598M=0s

2026-09-23 06:38:03 (483 MB/s) - ‘utmccf.wordpress.com/wp-content/uploads/2024/01/e58c85e9a5bae5ad90poster.png@w=648’ saved [89777/89777]

--2026-09-23 06:38:03--  https://utmccf.wordpress.com/wp-content/uploads/2024/01/e58c85e9a5bae5ad90poster.png?w=1296
Reusing existing connection to utmccf.wordpress.com:443.
HTTP request sent, awaiting response... 200 OK
Length: 284657 (278K) [image/png]
Saving to: ‘utmccf.wordpress.com/wp-content/uploads/2024/01/e58c85e9a5bae5ad90poster.png@w=1296’

     0K .......... .......... .......... .......... .......... 17%  155M 0s
    50K .......... .......... .......... .......... .......... 35%  173M 0s
   100K .......... .......... .......... .......... .......... 53%  111M 0s
   150K .......... .......... .......... .......... .......... 71%  241M 0s
   200K .......... .......... .......... .......... .......... 89%  342M 0s
   250K .......... .......... .......                         100%  333M=0.001s

2026-09-23 06:38:05 (185 MB/s) - ‘utmccf.wordpress.com/wp-content/uploads/2024/01/e58c85e9a5bae5ad90poster.png@w=1296’ saved [284657/284657]

--2026-09-23 06:38:05--  https://utmccf.wordpress.com/wp-content/uploads/2024/01/e58c85e9a5bae5ad90poster.png?w=106
Reusing existing connection to utmccf.wordpress.com:443.
HTTP request sent, awaiting response... 200 OK
Length: 7340 (7.2K) [image/png]
Saving to: ‘utmccf.wordpress.com/wp-content/uploads/2024/01/e58c85e9a5bae5ad90poster.png@w=106’

     0K .......                                               100% 15.5G=0s

2026-09-23 06:38:05 (15.5 GB/s) - ‘utmccf.wordpress.com/wp-content/uploads/2024/01/e58c85e9a5bae5ad90poster.png@w=106’ saved [7340/7340]

--2026-09-23 06:38:05--  https://utmccf.wordpress.com/wp-content/uploads/2024/01/e58c85e9a5bae5ad90poster.png?w=212
Reusing existing connection to utmccf.wordpress.com:443.
HTTP request sent, awaiting response... 200 OK
Length: 18292 (18K) [image/png]
Saving to: ‘utmccf.wordpress.com/wp-content/uploads/2024/01/e58c85e9a5bae5ad90poster.png@w=212’

     0K .......... .......                                    100%  423M=0s

2026-09-23 06:38:05 (423 MB/s) - ‘utmccf.wordpress.com/wp-content/uploads/2024/01/e58c85e9a5bae5ad90poster.png@w=212’ saved [18292/18292]

--2026-09-23 06:38:05--  https://utmccf.wordpress.com/wp-content/uploads/2024/01/e58c85e9a5bae5ad90poster.png?w=768
Reusing existing connection to utmccf.wordpress.com:443.
HTTP request sent, awaiting response... 200 OK
Length: 119450 (117K) [image/png]
Saving to: ‘utmccf.wordpress.com/wp-content/uploads/2024/01/e58c85e9a5bae5ad90poster.png@w=768’

     0K .......... .......... .......... .......... .......... 42%  305M 0s
    50K .......... .......... .......... .......... .......... 85%  494M 0s
   100K .......... ......                                     100%  487M=0s

2026-09-23 06:38:05 (389 MB/s) - ‘utmccf.wordpress.com/wp-content/uploads/2024/01/e58c85e9a5bae5ad90poster.png@w=768’ saved [119450/119450]

--2026-09-23 06:38:05--  https://utmccf.wordpress.com/wp-content/uploads/2024/01/e58c85e9a5bae5ad90poster.png?w=724
Reusing existing connection to utmccf.wordpress.com:443.
HTTP request sent, awaiting response... 200 OK
Length: 105833 (103K) [image/png]
Saving to: ‘utmccf.wordpress.com/wp-content/uploads/2024/01/e58c85e9a5bae5ad90poster.png@w=724’

     0K .......... .......... .......... .......... .......... 48%  339M 0s
    50K .......... .......... .......... .......... .......... 96%  517M 0s
   100K ...                                                   100% 6.24T=0s

2026-09-23 06:38:06 (424 MB/s) - ‘utmccf.wordpress.com/wp-content/uploads/2024/01/e58c85e9a5bae5ad90poster.png@w=724’ saved [105833/105833]

--2026-09-23 06:38:06--  https://utmccf.wordpress.com/2024/01/16/2024%e5%9b%a2%e5%a5%91%e4%bf%a1%e6%81%af/
Reusing existing connection to utmccf.wordpress.com:443.
HTTP request sent, awaiting response... 200 OK
Length: unspecified [text/html]
Saving to: ‘utmccf.wordpress.com/2024/01/16/2024团契信息/index.html’

     0K .......... .......... .......... .......... ..........  257M
    50K .......... .......... .......... .......... ........   69.8M=0.001s

Last-modified header missing -- time-stamps turned off.
2026-09-23 06:38:06 (111 MB/s) - ‘utmccf.wordpress.com/2024/01/16/2024团契信息/index.html’ saved [100944]

--2026-09-23 06:38:06--  https://utmccf.wordpress.com/_static/??-eJyNjUsOgzAMRC9U11AhWFU9S0pMashPtQM9fsOqFStWlmbeG+OWYUxRKSo+fXKQfXEcBbf0tsYKjN6IkOBcI6Me1tt1lgv+aaH8JLaOVJBKbdPCBN5sqBSyN0qH/LijLwqVyeWJZDnuH6NZ2RnlFE/AsnAGz3GBKY1FYOLPCWu/FXuEezv0Tdf1TTvMX7V+ZeU=
Reusing existing connection to utmccf.wordpress.com:443.
HTTP request sent, awaiting response... 200 OK
Length: 60554 (59K) [application/javascript]
Saving to: ‘utmccf.wordpress.com/_static/index.html@%3F-eJyNjUsOgzAMRC9U11AhWFU9S0pMashPtQM9fsOqFStWlmbeG+OWYUxRKSo+fXKQfXEcBbf0tsYKjN6IkOBcI6Me1tt1lgv+aaH8JLaOVJBKbdPCBN5sqBSyN0qH%2FLijLwqVyeWJZDnuH6NZ2RnlFE%2FAsnAGz3GBKY1FYOLPCWu%2FFXuEezv0Tdf1TTvMX7V+ZeU=’

     0K .......... .......... .......... .......... .......... 84%  325M 0s
    50K .........                                             100% 17.0T=0s

2026-09-23 06:38:06 (384 MB/s) - ‘utmccf.wordpress.com/_static/index.html@%3F-eJyNjUsOgzAMRC9U11AhWFU9S0pMashPtQM9fsOqFStWlmbeG+OWYUxRKSo+fXKQfXEcBbf0tsYKjN6IkOBcI6Me1tt1lgv+aaH8JLaOVJBKbdPCBN5sqBSyN0qH%2FLijLwqVyeWJZDnuH6NZ2RnlFE%2FAsnAGz3GBKY1FYOLPCWu%2FFXuEezv0Tdf1TTvMX7V+ZeU=’ saved [60554/60554]

--2026-09-23 06:38:06--  https://utmccf.wordpress.com/2023/09/09/2023%e8%bf%8e%e6%96%b0%e8%b6%b4%ef%bc%81/
Reusing existing connection to utmccf.wordpress.com:443.
HTTP request sent, awaiting response... 200 OK
Length: unspecified [text/html]
Saving to: ‘utmccf.wordpress.com/2023/09/09/2023迎新趴！/index.html’

     0K .......... .......... .......... .......... ..........  257M
    50K .......... .......... .......... .......... .......... 93.0M
   100K .                                                      3.52T=0.001s

Last-modified header missing -- time-stamps turned off.
2026-09-23 06:38:06 (139 MB/s) - ‘utmccf.wordpress.com/2023/09/09/2023迎新趴！/index.html’ saved [104336]

--2026-09-23 06:38:06--  https://utmccf.wordpress.com/wp-content/uploads/2023/09/3-2.png?w=648
Reusing existing connection to utmccf.wordpress.com:443.
HTTP request sent, awaiting response... 200 OK
Length: 102562 (100K) [image/png]
Saving to: ‘utmccf.wordpress.com/wp-content/uploads/2023/09/3-2.png@w=648’

     0K .......... .......... .......... .......... .......... 49%  294M 0s
    50K .......... .......... .......... .......... .......... 99%  290M 0s
   100K                                                       100%  302G=0s

2026-09-23 06:38:07 (292 MB/s) - ‘utmccf.wordpress.com/wp-content/uploads/2023/09/3-2.png@w=648’ saved [102562/102562]

--2026-09-23 06:38:07--  https://utmccf.wordpress.com/wp-content/uploads/2023/09/3-2.png?w=1296
Reusing existing connection to utmccf.wordpress.com:443.
HTTP request sent, awaiting response... 200 OK
Length: 339647 (332K) [image/png]
Saving to: ‘utmccf.wordpress.com/wp-content/uploads/2023/09/3-2.png@w=1296’

     0K .......... .......... .......... .......... .......... 15%  181M 0s
    50K .......... .......... .......... .......... .......... 30% 14.2M 0s
   100K .......... .......... .......... .......... .......... 45% 16.7M 0s
   150K .......... .......... .......... .......... .......... 60% 14.2M 0s
   200K .......... .......... .......... .......... .......... 75%  331M 0s
   250K .......... .......... .......... .......... .......... 90%  270M 0s
   300K .......... .......... .......... .                    100%  492M=0.01s

2026-09-23 06:38:08 (31.0 MB/s) - ‘utmccf.wordpress.com/wp-content/uploads/2023/09/3-2.png@w=1296’ saved [339647/339647]

--2026-09-23 06:38:08--  https://utmccf.wordpress.com/wp-content/uploads/2023/09/3-2.png?w=116
Reusing existing connection to utmccf.wordpress.com:443.
HTTP request sent, awaiting response... 200 OK
Length: 8267 (8.1K) [image/png]
Saving to: ‘utmccf.wordpress.com/wp-content/uploads/2023/09/3-2.png@w=116’

     0K ........                                              100% 15.1G=0s

2026-09-23 06:38:08 (15.1 GB/s) - ‘utmccf.wordpress.com/wp-content/uploads/2023/09/3-2.png@w=116’ saved [8267/8267]

--2026-09-23 06:38:08--  https://utmccf.wordpress.com/wp-content/uploads/2023/09/3-2.png?w=232
Reusing existing connection to utmccf.wordpress.com:443.
HTTP request sent, awaiting response... 200 OK
Length: 21289 (21K) [image/png]
Saving to: ‘utmccf.wordpress.com/wp-content/uploads/2023/09/3-2.png@w=232’

     0K .......... ..........                                 100%  358M=0s

2026-09-23 06:38:08 (358 MB/s) - ‘utmccf.wordpress.com/wp-content/uploads/2023/09/3-2.png@w=232’ saved [21289/21289]

--2026-09-23 06:38:08--  https://utmccf.wordpress.com/wp-content/uploads/2023/09/3-2.png?w=768
Reusing existing connection to utmccf.wordpress.com:443.
HTTP request sent, awaiting response... 200 OK
Length: 131072 (128K) [image/png]
Saving to: ‘utmccf.wordpress.com/wp-content/uploads/2023/09/3-2.png@w=768’

     0K .......... .......... .......... .......... .......... 39%  336M 0s
    50K .......... .......... .......... .......... .......... 78%  515M 0s
   100K .......... .......... ........                        100%  436M=0s

2026-09-23 06:38:09 (413 MB/s) - ‘utmccf.wordpress.com/wp-content/uploads/2023/09/3-2.png@w=768’ saved [131072/131072]

--2026-09-23 06:38:09--  https://utmccf.wordpress.com/wp-content/uploads/2023/09/3-2.png?w=791
Reusing existing connection to utmccf.wordpress.com:443.
HTTP request sent, awaiting response... 200 OK
Length: 138614 (135K) [image/png]
Saving to: ‘utmccf.wordpress.com/wp-content/uploads/2023/09/3-2.png@w=791’

     0K .......... .......... .......... .......... .......... 36%  179M 0s
    50K .......... .......... .......... .......... .......... 73% 52.7M 0s
   100K .......... .......... .......... .....                100%  534M=0.001s

2026-09-23 06:38:09 (104 MB/s) - ‘utmccf.wordpress.com/wp-content/uploads/2023/09/3-2.png@w=791’ saved [138614/138614]

--2026-09-23 06:38:09--  https://utmccf.wordpress.com/2023/05/15/%e6%9a%91%e5%81%87%e5%9b%a2%e5%a5%91%e5%bc%80%e5%a7%8b%e5%95%a6/
Reusing existing connection to utmccf.wordpress.com:443.
HTTP request sent, awaiting response... 200 OK
Length: unspecified [text/html]
Saving to: ‘utmccf.wordpress.com/2023/05/15/暑假团契开始啦/index.html’

     0K .......... .......... .......... .......... ..........  379M
    50K .......... .......... .......... .......... ..........  483M
   100K .......... ..........                                   646M=0s

Last-modified header missing -- time-stamps turned off.
2026-09-23 06:38:09 (450 MB/s) - ‘utmccf.wordpress.com/2023/05/15/暑假团契开始啦/index.html’ saved [123215]

--2026-09-23 06:38:09--  https://utmccf.wordpress.com/2023/03/22/music-worship-night/
Reusing existing connection to utmccf.wordpress.com:443.
HTTP request sent, awaiting response... 200 OK
Length: unspecified [text/html]
Saving to: ‘utmccf.wordpress.com/2023/03/22/music-worship-night/index.html’

     0K .......... .......... .......... .......... ..........  343M
    50K .......... .......... .......... .......... ..........  242M
   100K                                                        1.76T=0s

Last-modified header missing -- time-stamps turned off.
2026-09-23 06:38:09 (286 MB/s) - ‘utmccf.wordpress.com/2023/03/22/music-worship-night/index.html’ saved [103370]

--2026-09-23 06:38:09--  https://utmccf.wordpress.com/wp-content/uploads/2023/03/music-worship-night.png?w=648
Reusing existing connection to utmccf.wordpress.com:443.
HTTP request sent, awaiting response... 200 OK
Length: 42649 (42K) [image/png]
Saving to: ‘utmccf.wordpress.com/wp-content/uploads/2023/03/music-worship-night.png@w=648’

     0K .......... .......... .......... .......... .         100%  511M=0s

2026-09-23 06:38:10 (511 MB/s) - ‘utmccf.wordpress.com/wp-content/uploads/2023/03/music-worship-night.png@w=648’ saved [42649/42649]

--2026-09-23 06:38:10--  https://utmccf.wordpress.com/wp-content/uploads/2023/03/music-worship-night.png?w=1296
Reusing existing connection to utmccf.wordpress.com:443.
HTTP request sent, awaiting response... 200 OK
Length: 102933 (101K) [image/png]
Saving to: ‘utmccf.wordpress.com/wp-content/uploads/2023/03/music-worship-night.png@w=1296’

     0K .......... .......... .......... .......... .......... 49%  282M 0s
    50K .......... .......... .......... .......... .......... 99%  523M 0s
   100K                                                       100%  993G=0s

2026-09-23 06:38:11 (368 MB/s) - ‘utmccf.wordpress.com/wp-content/uploads/2023/03/music-worship-night.png@w=1296’ saved [102933/102933]

--2026-09-23 06:38:11--  https://utmccf.wordpress.com/wp-content/uploads/2023/03/music-worship-night.png?w=113
Reusing existing connection to utmccf.wordpress.com:443.
HTTP request sent, awaiting response... 200 OK
Length: 4824 (4.7K) [image/png]
Saving to: ‘utmccf.wordpress.com/wp-content/uploads/2023/03/music-worship-night.png@w=113’

     0K ....                                                  100% 19.5G=0s

2026-09-23 06:38:11 (19.5 GB/s) - ‘utmccf.wordpress.com/wp-content/uploads/2023/03/music-worship-night.png@w=113’ saved [4824/4824]

--2026-09-23 06:38:11--  https://utmccf.wordpress.com/wp-content/uploads/2023/03/music-worship-night.png?w=225
Reusing existing connection to utmccf.wordpress.com:443.
HTTP request sent, awaiting response... 200 OK
Length: 11003 (11K) [image/png]
Saving to: ‘utmccf.wordpress.com/wp-content/uploads/2023/03/music-worship-night.png@w=225’

     0K ..........                                            100% 31.1G=0s

2026-09-23 06:38:11 (31.1 GB/s) - ‘utmccf.wordpress.com/wp-content/uploads/2023/03/music-worship-night.png@w=225’ saved [11003/11003]

--2026-09-23 06:38:11--  https://utmccf.wordpress.com/wp-content/uploads/2023/03/music-worship-night.png?w=768
Reusing existing connection to utmccf.wordpress.com:443.
HTTP request sent, awaiting response... 200 OK
Length: 53690 (52K) [image/png]
Saving to: ‘utmccf.wordpress.com/wp-content/uploads/2023/03/music-worship-night.png@w=768’

     0K .......... .......... .......... .......... .......... 95%  384M 0s
    50K ..                                                    100% 4.53T=0s

2026-09-23 06:38:11 (402 MB/s) - ‘utmccf.wordpress.com/wp-content/uploads/2023/03/music-worship-night.png@w=768’ saved [53690/53690]

--2026-09-23 06:38:11--  https://utmccf.wordpress.com/2023/02/08/%e5%87%86%e6%af%95%e4%b8%9a%e7%94%9f%e8%ae%b2%e5%ba%a7%ef%bc%9a%e8%b7%af%e5%9c%a8%e4%bd%95%e6%96%b9/
Reusing existing connection to utmccf.wordpress.com:443.
HTTP request sent, awaiting response... 200 OK
Length: unspecified [text/html]
Saving to: ‘utmccf.wordpress.com/2023/02/08/准毕业生讲座：路在何方/index.html’

     0K .......... .......... .......... .......... ..........  234M
    50K .......... .......... .......... .......... ..........  175M
   100K .......... ..........                                   398M=0.001s

Last-modified header missing -- time-stamps turned off.
2026-09-23 06:38:11 (218 MB/s) - ‘utmccf.wordpress.com/2023/02/08/准毕业生讲座：路在何方/index.html’ saved [123086]

--2026-09-23 06:38:11--  https://utmccf.wordpress.com/type/image/
Reusing existing connection to utmccf.wordpress.com:443.
HTTP request sent, awaiting response... 200 OK
Length: unspecified [text/html]
Saving to: ‘utmccf.wordpress.com/type/image/index.html’

     0K .......... .......... .......... .......... ..........  213M
    50K .......... .......... .......... .......... ..........  342M
   100K .......... ....                                         361M=0s

Last-modified header missing -- time-stamps turned off.
2026-09-23 06:38:11 (272 MB/s) - ‘utmccf.wordpress.com/type/image/index.html’ saved [116877]

The destination name is too long (275), reducing to 236
--2026-09-23 06:38:12--  https://utmccf.wordpress.com/_static/??-eJyNj8FuwkAMRH+oxiIIlQviU6rNrglOvPYK75J+foNUWpQD4mTN+M1YxrlANK2kFXuxAYq0gdVxtmsKySFKcCfHcbFCFbh1m9E/8CmW23+I00DVkdqytYkJJMxYKRcJlVb+uqdeKC9MaT1SYr1f1HDjIVQ2fQP2iQsI6wRni83hzN9vpO7zxUcj1RLi9Ksxmyl+sUbsG0vCGK7WnOSPexib/LL2gcFcouWVXHKnfNx+HvZdt9ttD+MP9pmcag==
Reusing existing connection to utmccf.wordpress.com:443.
HTTP request sent, awaiting response... 200 OK
Length: 89323 (87K) [application/javascript]
Saving to: ‘utmccf.wordpress.com/_static/index.html@%3F-eJyNj8FuwkAMRH+oxiIIlQviU6rNrglOvPYK75J+foNUWpQD4mTN+M1YxrlANK2kFXuxAYq0gdVxtmsKySFKcCfHcbFCFbh1m9E%2F8CmW23+I00DVkdqytYkJJMxYKRcJlVb+uqdeKC9MaT1SYr1f1HDjIVQ2fQP2iQsI6wRni83hzN9vpO7zxUcj1RLi9Ksxmyl+sUbsG0vCGK7WnOSPexib%2F’

     0K .......... .......... .......... .......... .......... 57%  334M 0s
    50K .......... .......... .......... .......              100%  499M=0s

2026-09-23 06:38:12 (389 MB/s) - ‘utmccf.wordpress.com/_static/index.html@%3F-eJyNj8FuwkAMRH+oxiIIlQviU6rNrglOvPYK75J+foNUWpQD4mTN+M1YxrlANK2kFXuxAYq0gdVxtmsKySFKcCfHcbFCFbh1m9E%2F8CmW23+I00DVkdqytYkJJMxYKRcJlVb+uqdeKC9MaT1SYr1f1HDjIVQ2fQP2iQsI6wRni83hzN9vpO7zxUcj1RLi9Ksxmyl+sUbsG0vCGK7WnOSPexib%2F’ saved [89323/89323]

The destination name is too long (247), reducing to 236
--2026-09-23 06:38:12--  https://utmccf.wordpress.com/_static/??-eJyNjtEKwjAMRX/IGrYh7kX8lFHT4Lq1TWnS7fedMBXxxcd7bji5sGaDnJSSQqwmh3r3SWAizRbnPUNkTjD4hHALjLOArD5TOaLIAf43RHY1kADawlUovI9e4B/hhtaMHL/MezkslBwXsFU5WlWPnxfBing0OlIkM1LY9oPzolBIMifxC5nFO2L5Jc9d13hpzv2pbbuu6acHHJJ2Yw==&cssminify=yes
Reusing existing connection to utmccf.wordpress.com:443.
HTTP request sent, awaiting response... 200 OK
Length: 32857 (32K) [text/css]
Saving to: ‘utmccf.wordpress.com/_static/index.html@%3F-eJyNjtEKwjAMRX%2FIGrYh7kX8lFHT4Lq1TWnS7fedMBXxxcd7bji5sGaDnJSSQqwmh3r3SWAizRbnPUNkTjD4hHALjLOArD5TOaLIAf43RHY1kADawlUovI9e4B%2FhhtaMHL%2FMezkslBwXsFU5WlWPnxfBing0OlIkM1LY9oPzolBIMifxC5nFO2L5Jc9d13hpzv2pbbuu6acHHJJ2Yw==&cs.css’

     0K .......... .......... .......... ..                   100%  431M=0s

2026-09-23 06:38:12 (431 MB/s) - ‘utmccf.wordpress.com/_static/index.html@%3F-eJyNjtEKwjAMRX%2FIGrYh7kX8lFHT4Lq1TWnS7fedMBXxxcd7bji5sGaDnJSSQqwmh3r3SWAizRbnPUNkTjD4hHALjLOArD5TOaLIAf43RHY1kADawlUovI9e4B%2FhhtaMHL%2FMezkslBwXsFU5WlWPnxfBing0OlIkM1LY9oPzolBIMifxC5nFO2L5Jc9d13hpzv2pbbuu6acHHJJ2Yw==&cs.css’ saved [32857/32857]

--2026-09-23 06:38:12--  https://utmccf.wordpress.com/2022/11/30/2022f-%e6%9c%80%e5%90%8e%e4%b8%80%e6%ac%a1%e5%9b%a2%e5%a5%91/
Reusing existing connection to utmccf.wordpress.com:443.
HTTP request sent, awaiting response... 200 OK
Length: unspecified [text/html]
Saving to: ‘utmccf.wordpress.com/2022/11/30/2022f-最后一次团契/index.html’

     0K .......... .......... .......... .......... ..........  156M
    50K .......... .......... .......... .......... ..........  271M
   100K .......... .......... .......                           255M=0.001s

Last-modified header missing -- time-stamps turned off.
2026-09-23 06:38:12 (208 MB/s) - ‘utmccf.wordpress.com/2022/11/30/2022f-最后一次团契/index.html’ saved [130883]

--2026-09-23 06:38:12--  https://utmccf.wordpress.com/wp-content/uploads/2022/11/122-poster.png?w=648
Reusing existing connection to utmccf.wordpress.com:443.
HTTP request sent, awaiting response... 200 OK
Length: 261172 (255K) [image/png]
Saving to: ‘utmccf.wordpress.com/wp-content/uploads/2022/11/122-poster.png@w=648’

     0K .......... .......... .......... .......... .......... 19%  422M 0s
    50K .......... .......... .......... .......... .......... 39% 14.0M 0s
   100K .......... .......... .......... .......... .......... 58% 16.7M 0s
   150K .......... .......... .......... .......... .......... 78%  218M 0s
   200K .......... .......... .......... .......... .......... 98%  536M 0s
   250K .....                                                 100% 9.41T=0.007s

2026-09-23 06:38:12 (36.3 MB/s) - ‘utmccf.wordpress.com/wp-content/uploads/2022/11/122-poster.png@w=648’ saved [261172/261172]

--2026-09-23 06:38:12--  https://utmccf.wordpress.com/wp-content/uploads/2022/11/122-poster.png?w=1296
Reusing existing connection to utmccf.wordpress.com:443.
HTTP request sent, awaiting response... 200 OK
Length: 932694 (911K) [image/png]
Saving to: ‘utmccf.wordpress.com/wp-content/uploads/2022/11/122-poster.png@w=1296’

     0K .......... .......... .......... .......... ..........  5%  173M 0s
    50K .......... .......... .......... .......... .......... 10% 14.7M 0s
   100K .......... .......... .......... .......... .......... 16% 13.9M 0s
   150K .......... .......... .......... .......... .......... 21% 12.9M 0s
   200K .......... .......... .......... .......... .......... 27%  250M 0s
   250K .......... .......... .......... .......... .......... 32% 11.4M 0s
   300K .......... .......... .......... .......... .......... 38% 13.3M 0s
   350K .......... .......... .......... .......... .......... 43% 13.9M 0s
   400K .......... .......... .......... .......... .......... 49% 19.5M 0s
   450K .......... .......... .......... .......... .......... 54%  241M 0s
   500K .......... .......... .......... .......... .......... 60% 13.7M 0s
   550K .......... .......... .......... .......... .......... 65% 33.7M 0s
   600K .......... .......... .......... .......... .......... 71% 21.4M 0s
   650K .......... .......... .......... .......... .......... 76% 61.8M 0s
   700K .......... .......... .......... .......... .......... 82%  232M 0s
   750K .......... .......... .......... .......... .......... 87% 27.1M 0s
   800K .......... .......... .......... .......... .......... 93%  186M 0s
   850K .......... .......... .......... .......... .......... 98%  496M 0s
   900K ..........                                            100%  346M=0.04s

2026-09-23 06:38:14 (24.9 MB/s) - ‘utmccf.wordpress.com/wp-content/uploads/2022/11/122-poster.png@w=1296’ saved [932694/932694]

--2026-09-23 06:38:14--  https://utmccf.wordpress.com/wp-content/uploads/2022/11/122-poster.png?w=116
Reusing existing connection to utmccf.wordpress.com:443.
HTTP request sent, awaiting response... 200 OK
Length: 11776 (12K) [image/png]
Saving to: ‘utmccf.wordpress.com/wp-content/uploads/2022/11/122-poster.png@w=116’

     0K .......... .                                          100% 26.7G=0s

2026-09-23 06:38:14 (26.7 GB/s) - ‘utmccf.wordpress.com/wp-content/uploads/2022/11/122-poster.png@w=116’ saved [11776/11776]

--2026-09-23 06:38:14--  https://utmccf.wordpress.com/wp-content/uploads/2022/11/122-poster.png?w=232
Reusing existing connection to utmccf.wordpress.com:443.
HTTP request sent, awaiting response... 200 OK
Length: 39345 (38K) [image/png]
Saving to: ‘utmccf.wordpress.com/wp-content/uploads/2022/11/122-poster.png@w=232’

     0K .......... .......... .......... ........             100%  362M=0s

2026-09-23 06:38:14 (362 MB/s) - ‘utmccf.wordpress.com/wp-content/uploads/2022/11/122-poster.png@w=232’ saved [39345/39345]

--2026-09-23 06:38:14--  https://utmccf.wordpress.com/wp-content/uploads/2022/11/122-poster.png?w=768
Reusing existing connection to utmccf.wordpress.com:443.
HTTP request sent, awaiting response... 200 OK
Length: 360382 (352K) [image/png]
Saving to: ‘utmccf.wordpress.com/wp-content/uploads/2022/11/122-poster.png@w=768’

     0K .......... .......... .......... .......... .......... 14%  322M 0s
    50K .......... .......... .......... .......... .......... 28% 56.8M 0s
   100K .......... .......... .......... .......... .......... 42% 44.0M 0s
   150K .......... .......... .......... .......... .......... 56% 69.8M 0s
   200K .......... .......... .......... .......... .......... 71%  259M 0s
   250K .......... .......... .......... .......... .......... 85%  207M 0s
   300K .......... .......... .......... .......... .......... 99%  343M 0s
   350K .                                                     100% 57.5M=0.003s

2026-09-23 06:38:15 (101 MB/s) - ‘utmccf.wordpress.com/wp-content/uploads/2022/11/122-poster.png@w=768’ saved [360382/360382]

--2026-09-23 06:38:15--  https://utmccf.wordpress.com/wp-content/uploads/2022/11/122-poster.png?w=791
Reusing existing connection to utmccf.wordpress.com:443.
HTTP request sent, awaiting response... 200 OK
Length: 379114 (370K) [image/png]
Saving to: ‘utmccf.wordpress.com/wp-content/uploads/2022/11/122-poster.png@w=791’

     0K .......... .......... .......... .......... .......... 13%  385M 0s
    50K .......... .......... .......... .......... .......... 27%  136M 0s
   100K .......... .......... .......... .......... .......... 40% 51.1M 0s
   150K .......... .......... .......... .......... .......... 54% 64.6M 0s
   200K .......... .......... .......... .......... .......... 67%  286M 0s
   250K .......... .......... .......... .......... .......... 81% 69.7M 0s
   300K .......... .......... .......... .......... .......... 94%  276M 0s
   350K .......... ..........                                 100%  312M=0.003s

2026-09-23 06:38:16 (109 MB/s) - ‘utmccf.wordpress.com/wp-content/uploads/2022/11/122-poster.png@w=791’ saved [379114/379114]

--2026-09-23 06:38:16--  https://utmccf.wordpress.com/2022/11/10/11-18-%e8%ae%b2%e5%ba%a7%ef%bc%9a%e6%8b%96%e5%bb%b6%e7%97%87%e6%99%9a%e6%9c%9f%e6%9c%89%e6%95%91%e5%90%97%ef%bc%9f/
Reusing existing connection to utmccf.wordpress.com:443.
HTTP request sent, awaiting response... 200 OK
Length: unspecified [text/html]
Saving to: ‘utmccf.wordpress.com/2022/11/10/11-18-讲座：拖延症晚期有救吗？/index.html’

     0K .......... .......... .......... .......... ..........  308M
    50K .......... .......... .......... .......... ..........  150M
   100K .......... .......... ....                              440M=0.001s

Last-modified header missing -- time-stamps turned off.
2026-09-23 06:38:16 (226 MB/s) - ‘utmccf.wordpress.com/2022/11/10/11-18-讲座：拖延症晚期有救吗？/index.html’ saved [127373]

--2026-09-23 06:38:16--  https://utmccf.wordpress.com/wp-content/uploads/2022/11/wechatimg1987.jpeg?w=476
Reusing existing connection to utmccf.wordpress.com:443.
HTTP request sent, awaiting response... 200 OK
Length: 119259 (116K) [image/jpeg]
Saving to: ‘utmccf.wordpress.com/wp-content/uploads/2022/11/wechatimg1987.jpeg@w=476’

     0K .......... .......... .......... .......... .......... 42%  217M 0s
    50K .......... .......... .......... .......... .......... 85%  290M 0s
   100K .......... ......                                     100%  477M=0s

2026-09-23 06:38:16 (266 MB/s) - ‘utmccf.wordpress.com/wp-content/uploads/2022/11/wechatimg1987.jpeg@w=476’ saved [119259/119259]

--2026-09-23 06:38:16--  https://utmccf.wordpress.com/wp-content/uploads/2022/11/wechatimg1987.jpeg
Reusing existing connection to utmccf.wordpress.com:443.
HTTP request sent, awaiting response... 200 OK
Length: 122502 (120K) [image/jpeg]
Saving to: ‘utmccf.wordpress.com/wp-content/uploads/2022/11/wechatimg1987.jpeg’

     0K .......... .......... .......... .......... .......... 41%  380M 0s
    50K .......... .......... .......... .......... .......... 83%  494M 0s
   100K .......... .........                                  100%  510M=0s

2026-09-23 06:38:16 (441 MB/s) - ‘utmccf.wordpress.com/wp-content/uploads/2022/11/wechatimg1987.jpeg’ saved [122502/122502]

--2026-09-23 06:38:16--  https://utmccf.wordpress.com/wp-content/uploads/2022/11/wechatimg1987.jpeg?w=89
Reusing existing connection to utmccf.wordpress.com:443.
HTTP request sent, awaiting response... 200 OK
Length: 6100 (6.0K) [image/jpeg]
Saving to: ‘utmccf.wordpress.com/wp-content/uploads/2022/11/wechatimg1987.jpeg@w=89’

     0K .....                                                 100% 13.9G=0s

2026-09-23 06:38:17 (13.9 GB/s) - ‘utmccf.wordpress.com/wp-content/uploads/2022/11/wechatimg1987.jpeg@w=89’ saved [6100/6100]

--2026-09-23 06:38:17--  https://utmccf.wordpress.com/wp-content/uploads/2022/11/wechatimg1987.jpeg?w=179
Reusing existing connection to utmccf.wordpress.com:443.
HTTP request sent, awaiting response... 200 OK
Length: 19103 (19K) [image/jpeg]
Saving to: ‘utmccf.wordpress.com/wp-content/uploads/2022/11/wechatimg1987.jpeg@w=179’

     0K .......... ........                                   100%  357M=0s

2026-09-23 06:38:17 (357 MB/s) - ‘utmccf.wordpress.com/wp-content/uploads/2022/11/wechatimg1987.jpeg@w=179’ saved [19103/19103]

--2026-09-23 06:38:17--  https://utmccf.wordpress.com/2022/10/05/%e5%91%a8%e4%ba%94%e6%b4%bb%e5%8a%a8%ef%bc%9a%e4%b8%80%e8%b5%b7%e6%9f%a5%e7%bb%8f%ef%bc%81/
Reusing existing connection to utmccf.wordpress.com:443.
HTTP request sent, awaiting response... 200 OK
Length: unspecified [text/html]
Saving to: ‘utmccf.wordpress.com/2022/10/05/周五活动：一起查经！/index.html’

     0K .......... .......... .......... .......... .......... 96.6M
    50K .......... .......... .......... .......... .......... 82.4M
   100K ...                                                     279M=0.001s

Last-modified header missing -- time-stamps turned off.
2026-09-23 06:38:17 (91.2 MB/s) - ‘utmccf.wordpress.com/2022/10/05/周五活动：一起查经！/index.html’ saved [106265]

--2026-09-23 06:38:17--  https://utmccf.wordpress.com/wp-content/uploads/2022/09/2022e5bc80e5ada6e6b5b7e68aa5.png?w=648
Reusing existing connection to utmccf.wordpress.com:443.
HTTP request sent, awaiting response... 200 OK
Length: 70075 (68K) [image/png]
Saving to: ‘utmccf.wordpress.com/wp-content/uploads/2022/09/2022e5bc80e5ada6e6b5b7e68aa5.png@w=648’

     0K .......... .......... .......... .......... .......... 73%  421M 0s
    50K .......... ........                                   100%  345M=0s

2026-09-23 06:38:17 (398 MB/s) - ‘utmccf.wordpress.com/wp-content/uploads/2022/09/2022e5bc80e5ada6e6b5b7e68aa5.png@w=648’ saved [70075/70075]

--2026-09-23 06:38:17--  https://utmccf.wordpress.com/wp-content/uploads/2022/09/2022e5bc80e5ada6e6b5b7e68aa5.png?w=1296
Reusing existing connection to utmccf.wordpress.com:443.
HTTP request sent, awaiting response... 200 OK
Length: 174634 (171K) [image/png]
Saving to: ‘utmccf.wordpress.com/wp-content/uploads/2022/09/2022e5bc80e5ada6e6b5b7e68aa5.png@w=1296’

     0K .......... .......... .......... .......... .......... 29%  156M 0s
    50K .......... .......... .......... .......... .......... 58% 2.19M 0s
   100K .......... .......... .......... .......... .......... 87%  208M 0s
   150K .......... ..........                                 100%  323M=0.02s

2026-09-23 06:38:18 (7.28 MB/s) - ‘utmccf.wordpress.com/wp-content/uploads/2022/09/2022e5bc80e5ada6e6b5b7e68aa5.png@w=1296’ saved [174634/174634]

--2026-09-23 06:38:18--  https://utmccf.wordpress.com/wp-content/uploads/2022/09/2022e5bc80e5ada6e6b5b7e68aa5.png?w=106
Reusing existing connection to utmccf.wordpress.com:443.
HTTP request sent, awaiting response... 200 OK
Length: 7245 (7.1K) [image/png]
Saving to: ‘utmccf.wordpress.com/wp-content/uploads/2022/09/2022e5bc80e5ada6e6b5b7e68aa5.png@w=106’

     0K .......                                               100%  332M=0s

2026-09-23 06:38:18 (332 MB/s) - ‘utmccf.wordpress.com/wp-content/uploads/2022/09/2022e5bc80e5ada6e6b5b7e68aa5.png@w=106’ saved [7245/7245]

--2026-09-23 06:38:18--  https://utmccf.wordpress.com/wp-content/uploads/2022/09/2022e5bc80e5ada6e6b5b7e68aa5.png?w=212
Reusing existing connection to utmccf.wordpress.com:443.
HTTP request sent, awaiting response... 200 OK
Length: 17322 (17K) [image/png]
Saving to: ‘utmccf.wordpress.com/wp-content/uploads/2022/09/2022e5bc80e5ada6e6b5b7e68aa5.png@w=212’

     0K .......... ......                                     100%  233M=0s

2026-09-23 06:38:19 (233 MB/s) - ‘utmccf.wordpress.com/wp-content/uploads/2022/09/2022e5bc80e5ada6e6b5b7e68aa5.png@w=212’ saved [17322/17322]

--2026-09-23 06:38:19--  https://utmccf.wordpress.com/wp-content/uploads/2022/09/2022e5bc80e5ada6e6b5b7e68aa5.png?w=768
Reusing existing connection to utmccf.wordpress.com:443.
HTTP request sent, awaiting response... 200 OK
Length: 87275 (85K) [image/png]
Saving to: ‘utmccf.wordpress.com/wp-content/uploads/2022/09/2022e5bc80e5ada6e6b5b7e68aa5.png@w=768’

     0K .......... .......... .......... .......... .......... 58%  329M 0s
    50K .......... .......... .......... .....                100%  534M=0s

2026-09-23 06:38:19 (391 MB/s) - ‘utmccf.wordpress.com/wp-content/uploads/2022/09/2022e5bc80e5ada6e6b5b7e68aa5.png@w=768’ saved [87275/87275]

--2026-09-23 06:38:19--  https://utmccf.wordpress.com/wp-content/uploads/2022/09/2022e5bc80e5ada6e6b5b7e68aa5.png?w=724
Reusing existing connection to utmccf.wordpress.com:443.
HTTP request sent, awaiting response... 200 OK
Length: 80720 (79K) [image/png]
Saving to: ‘utmccf.wordpress.com/wp-content/uploads/2022/09/2022e5bc80e5ada6e6b5b7e68aa5.png@w=724’

     0K .......... .......... .......... .......... .......... 63%  335M 0s
    50K .......... .......... ........                        100%  777M=0s

2026-09-23 06:38:20 (423 MB/s) - ‘utmccf.wordpress.com/wp-content/uploads/2022/09/2022e5bc80e5ada6e6b5b7e68aa5.png@w=724’ saved [80720/80720]

--2026-09-23 06:38:20--  https://utmccf.wordpress.com/2022/09/21/9-23-%e6%96%b0%e5%ad%a6%e6%9c%9f%e7%ac%ac%e4%b8%80%e6%ac%a1%e6%9f%a5%e7%bb%8f%ef%bc%9a%e9%a9%ac%e5%a4%aa%e7%a6%8f%e9%9f%b3/
Reusing existing connection to utmccf.wordpress.com:443.
HTTP request sent, awaiting response... 200 OK
Length: unspecified [text/html]
Saving to: ‘utmccf.wordpress.com/2022/09/21/9-23-新学期第一次查经：马太福音/index.html’

     0K .......... .......... .......... .......... ..........  190M
    50K .......... .......... .......... .......... ..........  500M
   100K ...                                                    6.96T=0s

Last-modified header missing -- time-stamps turned off.
2026-09-23 06:38:20 (286 MB/s) - ‘utmccf.wordpress.com/2022/09/21/9-23-新学期第一次查经：马太福音/index.html’ saved [106228]

--2026-09-23 06:38:20--  https://utmccf.wordpress.com/wp-content/uploads/2022/09/aaron-owens-isdzgsxaoza-unsplash.jpg?w=648
Reusing existing connection to utmccf.wordpress.com:443.
HTTP request sent, awaiting response... 200 OK
Length: 52450 (51K) [image/jpeg]
Saving to: ‘utmccf.wordpress.com/wp-content/uploads/2022/09/aaron-owens-isdzgsxaoza-unsplash.jpg@w=648’

     0K .......... .......... .......... .......... .......... 97%  395M 0s
    50K .                                                     100% 2.27T=0s

2026-09-23 06:38:21 (405 MB/s) - ‘utmccf.wordpress.com/wp-content/uploads/2022/09/aaron-owens-isdzgsxaoza-unsplash.jpg@w=648’ saved [52450/52450]

--2026-09-23 06:38:21--  https://utmccf.wordpress.com/wp-content/uploads/2022/09/aaron-owens-isdzgsxaoza-unsplash.jpg?w=1296
Reusing existing connection to utmccf.wordpress.com:443.
HTTP request sent, awaiting response... 200 OK
Length: 198197 (194K) [image/jpeg]
Saving to: ‘utmccf.wordpress.com/wp-content/uploads/2022/09/aaron-owens-isdzgsxaoza-unsplash.jpg@w=1296’

     0K .......... .......... .......... .......... .......... 25%  387M 0s
    50K .......... .......... .......... .......... .......... 51% 81.8M 0s
   100K .......... .......... .......... .......... .......... 77%  244M 0s
   150K .......... .......... .......... .......... ...       100%  421M=0.001s

2026-09-23 06:38:22 (184 MB/s) - ‘utmccf.wordpress.com/wp-content/uploads/2022/09/aaron-owens-isdzgsxaoza-unsplash.jpg@w=1296’ saved [198197/198197]

--2026-09-23 06:38:22--  https://utmccf.wordpress.com/wp-content/uploads/2022/09/aaron-owens-isdzgsxaoza-unsplash.jpg?w=100
Reusing existing connection to utmccf.wordpress.com:443.
HTTP request sent, awaiting response... 200 OK
Length: 2504 (2.4K) [image/jpeg]
Saving to: ‘utmccf.wordpress.com/wp-content/uploads/2022/09/aaron-owens-isdzgsxaoza-unsplash.jpg@w=100’

     0K ..                                                    100% 4.95G=0s

2026-09-23 06:38:22 (4.95 GB/s) - ‘utmccf.wordpress.com/wp-content/uploads/2022/09/aaron-owens-isdzgsxaoza-unsplash.jpg@w=100’ saved [2504/2504]

--2026-09-23 06:38:22--  https://utmccf.wordpress.com/wp-content/uploads/2022/09/aaron-owens-isdzgsxaoza-unsplash.jpg?w=200
Reusing existing connection to utmccf.wordpress.com:443.
HTTP request sent, awaiting response... 200 OK
Length: 6808 (6.6K) [image/jpeg]
Saving to: ‘utmccf.wordpress.com/wp-content/uploads/2022/09/aaron-owens-isdzgsxaoza-unsplash.jpg@w=200’

     0K ......                                                100% 21.1G=0s

2026-09-23 06:38:23 (21.1 GB/s) - ‘utmccf.wordpress.com/wp-content/uploads/2022/09/aaron-owens-isdzgsxaoza-unsplash.jpg@w=200’ saved [6808/6808]

--2026-09-23 06:38:23--  https://utmccf.wordpress.com/wp-content/uploads/2022/09/aaron-owens-isdzgsxaoza-unsplash.jpg?w=768
Reusing existing connection to utmccf.wordpress.com:443.
HTTP request sent, awaiting response... 200 OK
Length: 71704 (70K) [image/jpeg]
Saving to: ‘utmccf.wordpress.com/wp-content/uploads/2022/09/aaron-owens-isdzgsxaoza-unsplash.jpg@w=768’

     0K .......... .......... .......... .......... .......... 71%  293M 0s
    50K .......... ..........                                 100%  576M=0s

2026-09-23 06:38:24 (341 MB/s) - ‘utmccf.wordpress.com/wp-content/uploads/2022/09/aaron-owens-isdzgsxaoza-unsplash.jpg@w=768’ saved [71704/71704]

--2026-09-23 06:38:24--  https://utmccf.wordpress.com/wp-content/uploads/2022/09/aaron-owens-isdzgsxaoza-unsplash.jpg?w=683
Reusing existing connection to utmccf.wordpress.com:443.
HTTP request sent, awaiting response... 200 OK
Length: 58144 (57K) [image/jpeg]
Saving to: ‘utmccf.wordpress.com/wp-content/uploads/2022/09/aaron-owens-isdzgsxaoza-unsplash.jpg@w=683’

     0K .......... .......... .......... .......... .......... 88%  429M 0s
    50K ......                                                100% 12.6T=0s

2026-09-23 06:38:24 (487 MB/s) - ‘utmccf.wordpress.com/wp-content/uploads/2022/09/aaron-owens-isdzgsxaoza-unsplash.jpg@w=683’ saved [58144/58144]

--2026-09-23 06:38:24--  https://utmccf.wordpress.com/2022/09/12/2022-%e8%bf%8e%e6%96%b0%e6%b4%bb%e5%8a%a8%ef%bc%9a%e7%99%bb%e5%b1%b1%e6%b8%b8%e6%88%8f%ef%bc%81/
Reusing existing connection to utmccf.wordpress.com:443.
HTTP request sent, awaiting response... 200 OK
Length: unspecified [text/html]
Saving to: ‘utmccf.wordpress.com/2022/09/12/2022-迎新活动：登山游戏！/index.html’

     0K .......... .......... .......... .......... ..........  284M
    50K .......... .......... .......... .......... ..........  191M
   100K .                                                      3.51T=0s

Last-modified header missing -- time-stamps turned off.
2026-09-23 06:38:24 (233 MB/s) - ‘utmccf.wordpress.com/2022/09/12/2022-迎新活动：登山游戏！/index.html’ saved [104328]

--2026-09-23 06:38:24--  https://utmccf.wordpress.com/wp-content/uploads/2022/09/2022f-orientation.png?w=648
Reusing existing connection to utmccf.wordpress.com:443.
HTTP request sent, awaiting response... 200 OK
Length: 112494 (110K) [image/png]
Saving to: ‘utmccf.wordpress.com/wp-content/uploads/2022/09/2022f-orientation.png@w=648’

     0K .......... .......... .......... .......... .......... 45%  388M 0s
    50K .......... .......... .......... .......... .......... 91%  147M 0s
   100K .........                                             100% 18.4T=0s

2026-09-23 06:38:25 (235 MB/s) - ‘utmccf.wordpress.com/wp-content/uploads/2022/09/2022f-orientation.png@w=648’ saved [112494/112494]

--2026-09-23 06:38:25--  https://utmccf.wordpress.com/wp-content/uploads/2022/09/2022f-orientation.png?w=1296
Reusing existing connection to utmccf.wordpress.com:443.
HTTP request sent, awaiting response... 200 OK
Length: 324841 (317K) [image/png]
Saving to: ‘utmccf.wordpress.com/wp-content/uploads/2022/09/2022f-orientation.png@w=1296’

     0K .......... .......... .......... .......... .......... 15% 91.7M 0s
    50K .......... .......... .......... .......... .......... 31% 33.5M 0s
   100K .......... .......... .......... .......... .......... 47% 16.8M 0s
   150K .......... .......... .......... .......... .......... 63% 27.7M 0s
   200K .......... .......... .......... .......... .......... 78%  221M 0s
   250K .......... .......... .......... .......... .......... 94%  239M 0s
   300K .......... .......                                    100%  546M=0.007s

2026-09-23 06:38:26 (43.5 MB/s) - ‘utmccf.wordpress.com/wp-content/uploads/2022/09/2022f-orientation.png@w=1296’ saved [324841/324841]

--2026-09-23 06:38:26--  https://utmccf.wordpress.com/wp-content/uploads/2022/09/2022f-orientation.png?w=113
Reusing existing connection to utmccf.wordpress.com:443.
HTTP request sent, awaiting response... 200 OK
Length: 8980 (8.8K) [image/png]
Saving to: ‘utmccf.wordpress.com/wp-content/uploads/2022/09/2022f-orientation.png@w=113’

     0K ........                                              100% 19.9G=0s

2026-09-23 06:38:27 (19.9 GB/s) - ‘utmccf.wordpress.com/wp-content/uploads/2022/09/2022f-orientation.png@w=113’ saved [8980/8980]

--2026-09-23 06:38:27--  https://utmccf.wordpress.com/wp-content/uploads/2022/09/2022f-orientation.png?w=225
Reusing existing connection to utmccf.wordpress.com:443.
HTTP request sent, awaiting response... 200 OK
Length: 24401 (24K) [image/png]
Saving to: ‘utmccf.wordpress.com/wp-content/uploads/2022/09/2022f-orientation.png@w=225’

     0K .......... .......... ...                             100%  538M=0s

2026-09-23 06:38:27 (538 MB/s) - ‘utmccf.wordpress.com/wp-content/uploads/2022/09/2022f-orientation.png@w=225’ saved [24401/24401]

--2026-09-23 06:38:27--  https://utmccf.wordpress.com/wp-content/uploads/2022/09/2022f-orientation.png?w=768
Reusing existing connection to utmccf.wordpress.com:443.
HTTP request sent, awaiting response... 200 OK
Length: 146384 (143K) [image/png]
Saving to: ‘utmccf.wordpress.com/wp-content/uploads/2022/09/2022f-orientation.png@w=768’

     0K .......... .......... .......... .......... .......... 34%  378M 0s
    50K .......... .......... .......... .......... .......... 69% 61.0M 0s
   100K .......... .......... .......... .......... ..        100%  466M=0.001s

2026-09-23 06:38:27 (137 MB/s) - ‘utmccf.wordpress.com/wp-content/uploads/2022/09/2022f-orientation.png@w=768’ saved [146384/146384]

--2026-09-23 06:38:27--  https://utmccf.wordpress.com/wp-content/uploads/2022/07/16101658206922_.pic_.png?w=648
Reusing existing connection to utmccf.wordpress.com:443.
HTTP request sent, awaiting response... 200 OK
Length: 62583 (61K) [image/png]
Saving to: ‘utmccf.wordpress.com/wp-content/uploads/2022/07/16101658206922_.pic_.png@w=648’

     0K .......... .......... .......... .......... .......... 81%  393M 0s
    50K .......... .                                          100% 20.7T=0s

2026-09-23 06:38:28 (480 MB/s) - ‘utmccf.wordpress.com/wp-content/uploads/2022/07/16101658206922_.pic_.png@w=648’ saved [62583/62583]

--2026-09-23 06:38:28--  https://utmccf.wordpress.com/wp-content/uploads/2022/07/16101658206922_.pic_.png?w=1296
Reusing existing connection to utmccf.wordpress.com:443.
HTTP request sent, awaiting response... 200 OK
Length: 146144 (143K) [image/png]
Saving to: ‘utmccf.wordpress.com/wp-content/uploads/2022/07/16101658206922_.pic_.png@w=1296’

     0K .......... .......... .......... .......... .......... 35%  165M 0s
    50K .......... .......... .......... .......... .......... 70%  498M 0s
   100K .......... .......... .......... .......... ..        100%  610M=0s

2026-09-23 06:38:29 (301 MB/s) - ‘utmccf.wordpress.com/wp-content/uploads/2022/07/16101658206922_.pic_.png@w=1296’ saved [146144/146144]

--2026-09-23 06:38:29--  https://utmccf.wordpress.com/wp-content/uploads/2022/07/16101658206922_.pic_.png?w=113
Reusing existing connection to utmccf.wordpress.com:443.
HTTP request sent, awaiting response... 200 OK
Length: 6974 (6.8K) [image/png]
Saving to: ‘utmccf.wordpress.com/wp-content/uploads/2022/07/16101658206922_.pic_.png@w=113’

     0K ......                                                100% 22.4G=0s

2026-09-23 06:38:29 (22.4 GB/s) - ‘utmccf.wordpress.com/wp-content/uploads/2022/07/16101658206922_.pic_.png@w=113’ saved [6974/6974]

--2026-09-23 06:38:29--  https://utmccf.wordpress.com/wp-content/uploads/2022/07/16101658206922_.pic_.png?w=225
Reusing existing connection to utmccf.wordpress.com:443.
HTTP request sent, awaiting response... 200 OK
Length: 16718 (16K) [image/png]
Saving to: ‘utmccf.wordpress.com/wp-content/uploads/2022/07/16101658206922_.pic_.png@w=225’

     0K .......... ......                                     100%  422M=0s

2026-09-23 06:38:29 (422 MB/s) - ‘utmccf.wordpress.com/wp-content/uploads/2022/07/16101658206922_.pic_.png@w=225’ saved [16718/16718]

--2026-09-23 06:38:29--  https://utmccf.wordpress.com/wp-content/uploads/2022/07/16101658206922_.pic_.png?w=768
Reusing existing connection to utmccf.wordpress.com:443.
HTTP request sent, awaiting response... 200 OK
Length: 78402 (77K) [image/png]
Saving to: ‘utmccf.wordpress.com/wp-content/uploads/2022/07/16101658206922_.pic_.png@w=768’

     0K .......... .......... .......... .......... .......... 65%  270M 0s
    50K .......... .......... ......                          100%  740M=0s

2026-09-23 06:38:30 (347 MB/s) - ‘utmccf.wordpress.com/wp-content/uploads/2022/07/16101658206922_.pic_.png@w=768’ saved [78402/78402]

The destination name is too long (347), reducing to 236
--2026-09-23 06:38:30--  https://utmccf.wordpress.com/_static/??-eJyNkdFShDAMRX/IEtllXF4cP8UpbcBAaDqkBf17i4ru7IOzT53e3HOTprBF4yQkDAk6lsFEzgMFhU0Wb70ax1YVFcYi2cRmPVWjPsAVNuc/iPyASQFzqcpEaNhukHCObBPe6Lc5R4iTMoibFE5V3Va1USo4mgXXqgFPmvZZDpNhsR6XaqZwm5fecC49Y+4APYWdCnalwSaSe8w6UTRMYTK9uKymp/c7qP38Z0Mjpmjd9HOHWSTAKwUHXSb24OwiWZF/fYdw/cBi5+y//+RrHysGL8teisIfPfFhf5mf60v71DSP5/YyfgKjpLUt
Reusing existing connection to utmccf.wordpress.com:443.
HTTP request sent, awaiting response... 200 OK
Length: 119758 (117K) [application/javascript]
Saving to: ‘utmccf.wordpress.com/_static/index.html@%3F-eJyNkdFShDAMRX%2FIEtllXF4cP8UpbcBAaDqkBf17i4ru7IOzT53e3HOTprBF4yQkDAk6lsFEzgMFhU0Wb70ax1YVFcYi2cRmPVWjPsAVNuc%2FiPyASQFzqcpEaNhukHCObBPe6Lc5R4iTMoibFE5V3Va1USo4mgXXqgFPmvZZDpNhsR6XaqZwm5fecC49Y+4APYWdCnalwSaSe8w6UTRMYTK9u’

     0K .......... .......... .......... .......... .......... 42%  237M 0s
    50K .......... .......... .......... .......... .......... 85%  538M 0s
   100K .......... ......                                     100%  516M=0s

2026-09-23 06:38:30 (347 MB/s) - ‘utmccf.wordpress.com/_static/index.html@%3F-eJyNkdFShDAMRX%2FIEtllXF4cP8UpbcBAaDqkBf17i4ru7IOzT53e3HOTprBF4yQkDAk6lsFEzgMFhU0Wb70ax1YVFcYi2cRmPVWjPsAVNuc%2FiPyASQFzqcpEaNhukHCObBPe6Lc5R4iTMoibFE5V3Va1USo4mgXXqgFPmvZZDpNhsR6XaqZwm5fecC49Y+4APYWdCnalwSaSe8w6UTRMYTK9u’ saved [119758/119758]

--2026-09-23 06:38:30--  https://utmccf.wordpress.com/wp-content/mu-plugins/carousel-wpcom/carousel-wpcom.js?m=1761899756i
Reusing existing connection to utmccf.wordpress.com:443.
HTTP request sent, awaiting response... 200 OK
Length: 1691 (1.7K) [application/javascript]
Saving to: ‘utmccf.wordpress.com/wp-content/mu-plugins/carousel-wpcom/carousel-wpcom.js@m=1761899756i’

     0K .                                                     100% 9.84G=0s

Last-modified header missing -- time-stamps turned off.
2026-09-23 06:38:30 (9.84 GB/s) - ‘utmccf.wordpress.com/wp-content/mu-plugins/carousel-wpcom/carousel-wpcom.js@m=1761899756i’ saved [1691/1691]

--2026-09-23 06:38:30--  https://utmccf.wordpress.com/2013/11/01/%e8%ae%b2%e5%ba%a7seminar-%e4%b8%ba%e4%bd%95%e8%a6%81%e4%bf%a1%e8%80%b6%e7%a8%a3why-believe-in-jesus/
Reusing existing connection to utmccf.wordpress.com:443.
HTTP request sent, awaiting response... 200 OK
Length: unspecified [text/html]
Saving to: ‘utmccf.wordpress.com/2013/11/01/讲座seminar-为何要信耶稣why-believe-in-jesus/index.html’

     0K .......... .......... .......... .......... ..........  215M
    50K .......... .......... .......... .......... ..........  398M
   100K .                                                      3.00T=0s

Last-modified header missing -- time-stamps turned off.
2026-09-23 06:38:30 (284 MB/s) - ‘utmccf.wordpress.com/2013/11/01/讲座seminar-为何要信耶稣why-believe-in-jesus/index.html’ saved [104048]

--2026-09-23 06:38:30--  https://utmccf.wordpress.com/2013/10/25/%e6%9f%a5%e7%bb%8fbible-study/
Reusing existing connection to utmccf.wordpress.com:443.
HTTP request sent, awaiting response... 200 OK
Length: unspecified [text/html]
Saving to: ‘utmccf.wordpress.com/2013/10/25/查经bible-study/index.html’

     0K .......... .......... .......... .......... ..........  257M
    50K .......... .......... .......... .......... ..........  527M
   100K .                                                      1.86T=0s

Last-modified header missing -- time-stamps turned off.
2026-09-23 06:38:30 (349 MB/s) - ‘utmccf.wordpress.com/2013/10/25/查经bible-study/index.html’ saved [103424]

--2026-09-23 06:38:30--  https://utmccf.wordpress.com/2013/10/18/1324/
Reusing existing connection to utmccf.wordpress.com:443.
HTTP request sent, awaiting response... 200 OK
Length: unspecified [text/html]
Saving to: ‘utmccf.wordpress.com/2013/10/18/1324/index.html’

     0K .......... .......... .......... .......... ..........  407M
    50K .......... .......... .......... .......... ..........  132M
   100K                                                         546G=0s

Last-modified header missing -- time-stamps turned off.
2026-09-23 06:38:30 (200 MB/s) - ‘utmccf.wordpress.com/2013/10/18/1324/index.html’ saved [102693]

--2026-09-23 06:38:30--  https://utmccf.wordpress.com/2013/10/11/seminar/
Reusing existing connection to utmccf.wordpress.com:443.
HTTP request sent, awaiting response... 200 OK
Length: unspecified [text/html]
Saving to: ‘utmccf.wordpress.com/2013/10/11/seminar/index.html’

     0K .......... .......... .......... .......... ..........  112M
    50K .......... .......... .......... .......... ..........  103M
   100K ..                                                     3.87T=0.001s

Last-modified header missing -- time-stamps turned off.
2026-09-23 06:38:30 (109 MB/s) - ‘utmccf.wordpress.com/2013/10/11/seminar/index.html’ saved [104525]

--2026-09-23 06:38:30--  https://utmccf.wordpress.com/2013/10/04/%e6%9f%a5%e7%bb%8fbible-study-%e5%a4%aamatthew-131-23/
Reusing existing connection to utmccf.wordpress.com:443.
HTTP request sent, awaiting response... 200 OK
Length: unspecified [text/html]
Saving to: ‘utmccf.wordpress.com/2013/10/04/查经bible-study-太matthew-131-23/index.html’

     0K .......... .......... .......... .......... ..........  237M
    50K .......... .......... .......... .......... ..........  520M
   100K .                                                      2.92T=0s

Last-modified header missing -- time-stamps turned off.
2026-09-23 06:38:30 (330 MB/s) - ‘utmccf.wordpress.com/2013/10/04/查经bible-study-太matthew-131-23/index.html’ saved [104004]

--2026-09-23 06:38:30--  https://utmccf.wordpress.com/2013/09/27/%e6%9f%a5%e7%bb%8fbible-study-%e7%ba%a69%e7%ab%a0/
Reusing existing connection to utmccf.wordpress.com:443.
HTTP request sent, awaiting response... 200 OK
Length: unspecified [text/html]
Saving to: ‘utmccf.wordpress.com/2013/09/27/查经bible-study-约9章/index.html’

     0K .......... .......... .......... .......... ..........  149M
    50K .......... .......... .......... .......... ..........  280M
   100K ..                                                     4.31T=0.001s

Last-modified header missing -- time-stamps turned off.
2026-09-23 06:38:30 (199 MB/s) - ‘utmccf.wordpress.com/2013/09/27/查经bible-study-约9章/index.html’ saved [104767]

--2026-09-23 06:38:30--  https://utmccf.wordpress.com/2013/09/20/%e5%af%bb%e5%ae%9d%e5%a4%a7%e8%a1%8c%e5%8a%a8-treasure-sharing/
Reusing existing connection to utmccf.wordpress.com:443.
HTTP request sent, awaiting response... 200 OK
Length: unspecified [text/html]
Saving to: ‘utmccf.wordpress.com/2013/09/20/寻宝大行动-treasure-sharing/index.html’

     0K .......... .......... .......... .......... ..........  234M
    50K .......... .......... .......... .......... ..........  417M
   100K .                                                      2.62T=0s

Last-modified header missing -- time-stamps turned off.
2026-09-23 06:38:30 (304 MB/s) - ‘utmccf.wordpress.com/2013/09/20/寻宝大行动-treasure-sharing/index.html’ saved [103842]

--2026-09-23 06:38:30--  https://utmccf.wordpress.com/2013/09/13/mccf-orientation-%e8%bf%8e%e6%96%b0%e6%b4%bb%e5%8a%a8/
Reusing existing connection to utmccf.wordpress.com:443.
HTTP request sent, awaiting response... 200 OK
Length: unspecified [text/html]
Saving to: ‘utmccf.wordpress.com/2013/09/13/mccf-orientation-迎新活动/index.html’

     0K .......... .......... .......... .......... ..........  334M
    50K .......... .......... .......... .......... ..........  316M
   100K ....                                                    291M=0s

Last-modified header missing -- time-stamps turned off.
2026-09-23 06:38:30 (323 MB/s) - ‘utmccf.wordpress.com/2013/09/13/mccf-orientation-迎新活动/index.html’ saved [107318]

--2026-09-23 06:38:30--  https://utmccf.wordpress.com/2013/08/23/%e6%9f%a5%e7%bb%8f-bible-study-%e5%8f%afmark-9-14-29/
Reusing existing connection to utmccf.wordpress.com:443.
HTTP request sent, awaiting response... 200 OK
Length: unspecified [text/html]
Saving to: ‘utmccf.wordpress.com/2013/08/23/查经-bible-study-可mark-9-14-29/index.html’

     0K .......... .......... .......... .......... ..........  427M
    50K .......... .......... .......... .......... .........   529M=0s

Last-modified header missing -- time-stamps turned off.
2026-09-23 06:38:30 (472 MB/s) - ‘utmccf.wordpress.com/2013/08/23/查经-bible-study-可mark-9-14-29/index.html’ saved [102141]

--2026-09-23 06:38:30--  https://utmccf.wordpress.com/2013/08/16/%e6%9f%a5%e7%bb%8f-bible-study-%e5%a4%aamatthew-18-21-35/
Reusing existing connection to utmccf.wordpress.com:443.
HTTP request sent, awaiting response... 200 OK
Length: unspecified [text/html]
Saving to: ‘utmccf.wordpress.com/2013/08/16/查经-bible-study-太matthew-18-21-35/index.html’

     0K .......... .......... .......... .......... ..........  266M
    50K .......... .......... .......... .......... ..........  470M
   100K                                                         685G=0s

Last-modified header missing -- time-stamps turned off.
2026-09-23 06:38:30 (341 MB/s) - ‘utmccf.wordpress.com/2013/08/16/查经-bible-study-太matthew-18-21-35/index.html’ saved [102768]

--2026-09-23 06:38:30--  https://utmccf.wordpress.com/2013/08/02/%e6%9f%a5%e7%bb%8f-bible-study-%e5%a4%aamatthew-13-1-23/
Reusing existing connection to utmccf.wordpress.com:443.
HTTP request sent, awaiting response... 200 OK
Length: unspecified [text/html]
Saving to: ‘utmccf.wordpress.com/2013/08/02/查经-bible-study-太matthew-13-1-23/index.html’

     0K .......... .......... .......... .......... .......... 89.5M
    50K .......... .......... .......... .......... ........    508M=0.001s

Last-modified header missing -- time-stamps turned off.
2026-09-23 06:38:30 (151 MB/s) - ‘utmccf.wordpress.com/2013/08/02/查经-bible-study-太matthew-13-1-23/index.html’ saved [101154]

--2026-09-23 06:38:30--  https://utmccf.wordpress.com/2013/08/02/%e6%9f%a5%e7%bb%8fbible-study-%e5%8f%afmark-10-17-22/
Reusing existing connection to utmccf.wordpress.com:443.
HTTP request sent, awaiting response... 200 OK
Length: unspecified [text/html]
Saving to: ‘utmccf.wordpress.com/2013/08/02/查经bible-study-可mark-10-17-22/index.html’

     0K .......... .......... .......... .......... ..........  242M
    50K .......... .......... .......... .......... .........   211M=0s

Last-modified header missing -- time-stamps turned off.
2026-09-23 06:38:30 (225 MB/s) - ‘utmccf.wordpress.com/2013/08/02/查经bible-study-可mark-10-17-22/index.html’ saved [101486]

--2026-09-23 06:38:30--  https://utmccf.wordpress.com/2013/07/26/1256/
Reusing existing connection to utmccf.wordpress.com:443.
HTTP request sent, awaiting response... 200 OK
Length: unspecified [text/html]
Saving to: ‘utmccf.wordpress.com/2013/07/26/1256/index.html’

     0K .......... .......... .......... .......... ..........  244M
    50K .......... .......... .......... .......... ........    237M=0s

Last-modified header missing -- time-stamps turned off.
2026-09-23 06:38:30 (240 MB/s) - ‘utmccf.wordpress.com/2013/07/26/1256/index.html’ saved [100690]

--2026-09-23 06:38:30--  https://utmccf.wordpress.com/2013/07/19/%e6%9f%a5%e7%bb%8f-bible-study-%e5%8f%afmark-4-35-41/
Reusing existing connection to utmccf.wordpress.com:443.
HTTP request sent, awaiting response... 200 OK
Length: unspecified [text/html]
Saving to: ‘utmccf.wordpress.com/2013/07/19/查经-bible-study-可mark-4-35-41/index.html’

     0K .......... .......... .......... .......... ..........  241M
    50K .......... .......... .......... .......... .........   527M=0s

Last-modified header missing -- time-stamps turned off.
2026-09-23 06:38:30 (330 MB/s) - ‘utmccf.wordpress.com/2013/07/19/查经-bible-study-可mark-4-35-41/index.html’ saved [101865]

--2026-09-23 06:38:30--  https://utmccf.wordpress.com/2013/07/12/%e6%88%b7%e5%a4%96%e6%b4%bb%e5%8a%a8-ultimate-frisbee/
Reusing existing connection to utmccf.wordpress.com:443.
HTTP request sent, awaiting response... 200 OK
Length: unspecified [text/html]
Saving to: ‘utmccf.wordpress.com/2013/07/12/户外活动-ultimate-frisbee/index.html’

     0K .......... .......... .......... .......... ..........  222M
    50K .......... .......... .......... .......... .........   413M=0s

Last-modified header missing -- time-stamps turned off.
2026-09-23 06:38:30 (289 MB/s) - ‘utmccf.wordpress.com/2013/07/12/户外活动-ultimate-frisbee/index.html’ saved [102033]

--2026-09-23 06:38:30--  https://utmccf.wordpress.com/2013/07/05/%e6%9f%a5%e7%bb%8fbible-study-%e5%8f%afmark-2%ef%bc%9a1-12/
Reusing existing connection to utmccf.wordpress.com:443.
HTTP request sent, awaiting response... 200 OK
Length: unspecified [text/html]
Saving to: ‘utmccf.wordpress.com/2013/07/05/查经bible-study-可mark-2：1-12/index.html’

     0K .......... .......... .......... .......... ..........  261M
    50K .......... .......... .......... .......... .........   359M=0s

Last-modified header missing -- time-stamps turned off.
2026-09-23 06:38:30 (302 MB/s) - ‘utmccf.wordpress.com/2013/07/05/查经bible-study-可mark-2：1-12/index.html’ saved [101383]

--2026-09-23 06:38:30--  https://utmccf.wordpress.com/2013/06/28/%e9%87%8d%e7%94%9f%e5%be%97%e6%95%91born-again/
Reusing existing connection to utmccf.wordpress.com:443.
HTTP request sent, awaiting response... 200 OK
Length: unspecified [text/html]
Saving to: ‘utmccf.wordpress.com/2013/06/28/重生得救born-again/index.html’

     0K .......... .......... .......... .......... ..........  236M
    50K .......... .......... .......... .......... .......     427M=0s

Last-modified header missing -- time-stamps turned off.
2026-09-23 06:38:30 (302 MB/s) - ‘utmccf.wordpress.com/2013/06/28/重生得救born-again/index.html’ saved [99329]

--2026-09-23 06:38:30--  https://utmccf.wordpress.com/2013/06/21/%e5%8d%81%e5%ad%97%e6%9e%b6%e4%b8%8e%e5%b0%b1%e6%81%a9the-cross-and-salvation/
Reusing existing connection to utmccf.wordpress.com:443.
HTTP request sent, awaiting response... 200 OK
Length: unspecified [text/html]
Saving to: ‘utmccf.wordpress.com/2013/06/21/十字架与就恩the-cross-and-salvation/index.html’

     0K .......... .......... .......... .......... ..........  232M
    50K .......... .......... .......... .......... .......     363M=0s

Last-modified header missing -- time-stamps turned off.
2026-09-23 06:38:30 (281 MB/s) - ‘utmccf.wordpress.com/2013/06/21/十字架与就恩the-cross-and-salvation/index.html’ saved [100032]

--2026-09-23 06:38:30--  https://utmccf.wordpress.com/2013/06/14/%e5%af%b9%e4%bb%98%e7%bd%aahow-to-deal-with-sin/
Reusing existing connection to utmccf.wordpress.com:443.
HTTP request sent, awaiting response... 200 OK
Length: unspecified [text/html]
Saving to: ‘utmccf.wordpress.com/2013/06/14/对付罪how-to-deal-with-sin/index.html’

     0K .......... .......... .......... .......... ..........  216M
    50K .......... .......... .......... .......... .......     394M=0s

Last-modified header missing -- time-stamps turned off.
2026-09-23 06:38:30 (277 MB/s) - ‘utmccf.wordpress.com/2013/06/14/对付罪how-to-deal-with-sin/index.html’ saved [99368]

--2026-09-23 06:38:30--  https://utmccf.wordpress.com/2013/06/07/%e7%bd%aa-issue-of-sin/
Reusing existing connection to utmccf.wordpress.com:443.
HTTP request sent, awaiting response... 200 OK
Length: unspecified [text/html]
Saving to: ‘utmccf.wordpress.com/2013/06/07/罪-issue-of-sin/index.html’

     0K .......... .......... .......... .......... ..........  119M
    50K .......... .......... .......... .......... ......      480M=0.001s

Last-modified header missing -- time-stamps turned off.
2026-09-23 06:38:30 (186 MB/s) - ‘utmccf.wordpress.com/2013/06/07/罪-issue-of-sin/index.html’ saved [98878]

--2026-09-23 06:38:30--  https://utmccf.wordpress.com/2013/05/31/%e8%ae%a4%e8%af%86%e7%a5%9e-who-is-god/
Reusing existing connection to utmccf.wordpress.com:443.
HTTP request sent, awaiting response... 200 OK
Length: unspecified [text/html]
Saving to: ‘utmccf.wordpress.com/2013/05/31/认识神-who-is-god/index.html’

     0K .......... .......... .......... .......... ..........  205M
    50K .......... .......... .......... .......... ......      500M=0s

Last-modified header missing -- time-stamps turned off.
2026-09-23 06:38:30 (287 MB/s) - ‘utmccf.wordpress.com/2013/05/31/认识神-who-is-god/index.html’ saved [99161]

--2026-09-23 06:38:30--  https://utmccf.wordpress.com/2013/05/24/%e6%b3%a5%e5%9c%9f%e9%9f%b3%e4%b9%90%e5%b8%83%e9%81%93%e4%bc%9a/
Reusing existing connection to utmccf.wordpress.com:443.
HTTP request sent, awaiting response... 200 OK
Length: unspecified [text/html]
Saving to: ‘utmccf.wordpress.com/2013/05/24/泥土音乐布道会/index.html’

     0K .......... .......... .......... .......... ..........  267M
    50K .......... .......... .......... .......... .......     500M=0s

Last-modified header missing -- time-stamps turned off.
2026-09-23 06:38:30 (346 MB/s) - ‘utmccf.wordpress.com/2013/05/24/泥土音乐布道会/index.html’ saved [99895]

--2026-09-23 06:38:30--  https://utmccf.wordpress.com/2013/05/17/%e4%bf%a1/
Reusing existing connection to utmccf.wordpress.com:443.
HTTP request sent, awaiting response... 200 OK
Length: unspecified [text/html]
Saving to: ‘utmccf.wordpress.com/2013/05/17/信/index.html’

     0K .......... .......... .......... .......... ..........  296M
    50K .......... .......... .......... .......... ......      432M=0s

Last-modified header missing -- time-stamps turned off.
2026-09-23 06:38:30 (349 MB/s) - ‘utmccf.wordpress.com/2013/05/17/信/index.html’ saved [98861]

--2026-09-23 06:38:30--  https://utmccf.wordpress.com/2013/04/05/committee%e6%8d%a2%e5%b1%8a%e9%80%89%e4%b8%be/
Reusing existing connection to utmccf.wordpress.com:443.
HTTP request sent, awaiting response... 200 OK
Length: unspecified [text/html]
Saving to: ‘utmccf.wordpress.com/2013/04/05/committee换届选举/index.html’

     0K .......... .......... .......... .......... ..........  356M
    50K .......... .......... .......... .......... ..........  545M
   100K                                                         816G=0s

Last-modified header missing -- time-stamps turned off.
2026-09-23 06:38:30 (433 MB/s) - ‘utmccf.wordpress.com/2013/04/05/committee换届选举/index.html’ saved [102838]

--2026-09-23 06:38:30--  https://utmccf.wordpress.com/2013/03/29/%e7%ba%aa%e5%bf%b5%e8%80%b6%e7%a8%a3%e5%8f%97%e9%9a%be%e6%97%a5/
Reusing existing connection to utmccf.wordpress.com:443.
HTTP request sent, awaiting response... 200 OK
Length: unspecified [text/html]
Saving to: ‘utmccf.wordpress.com/2013/03/29/纪念耶稣受难日/index.html’

     0K .......... .......... .......... .......... ..........  373M
    50K .......... .......... .......... .......... ........    459M=0s

Last-modified header missing -- time-stamps turned off.
2026-09-23 06:38:30 (411 MB/s) - ‘utmccf.wordpress.com/2013/03/29/纪念耶稣受难日/index.html’ saved [100439]

--2026-09-23 06:38:30--  https://utmccf.wordpress.com/2013/03/22/%e5%9b%9e%e5%ba%94%e7%a5%9e%e7%9a%84%e7%88%b1/
Reusing existing connection to utmccf.wordpress.com:443.
HTTP request sent, awaiting response... 200 OK
Length: unspecified [text/html]
Saving to: ‘utmccf.wordpress.com/2013/03/22/回应神的爱/index.html’

     0K .......... .......... .......... .......... ..........  226M
    50K .......... .......... .......... .......... ........    526M=0s

Last-modified header missing -- time-stamps turned off.
2026-09-23 06:38:30 (314 MB/s) - ‘utmccf.wordpress.com/2013/03/22/回应神的爱/index.html’ saved [100364]

--2026-09-23 06:38:30--  https://utmccf.wordpress.com/2013/03/15/%e8%bf%90%e5%8a%a8%e4%b9%8b%e5%a4%9c-sports-night/
Reusing existing connection to utmccf.wordpress.com:443.
HTTP request sent, awaiting response... 200 OK
Length: unspecified [text/html]
Saving to: ‘utmccf.wordpress.com/2013/03/15/运动之夜-sports-night/index.html’

     0K .......... .......... .......... .......... ..........  119M
    50K .......... .......... .......... .......... .......     182M=0.001s

Last-modified header missing -- time-stamps turned off.
2026-09-23 06:38:30 (143 MB/s) - ‘utmccf.wordpress.com/2013/03/15/运动之夜-sports-night/index.html’ saved [100290]

--2026-09-23 06:38:30--  https://utmccf.wordpress.com/2013/03/08/%e8%ae%b2%e5%ba%a7%ef%bc%9a%e4%b8%ba%e4%bd%95%e7%88%b1-%ef%bc%88%e6%9d%8e%e5%be%b7%e8%af%9a%e8%ae%b2%e5%91%98%ef%bc%89/
Reusing existing connection to utmccf.wordpress.com:443.
HTTP request sent, awaiting response... 200 OK
Length: unspecified [text/html]
Saving to: ‘utmccf.wordpress.com/2013/03/08/讲座：为何爱-（李德诚讲员）/index.html’

     0K .......... .......... .......... .......... ..........  156M
    50K .......... .......... .......... .......... ........    278M=0s

Last-modified header missing -- time-stamps turned off.
2026-09-23 06:38:30 (199 MB/s) - ‘utmccf.wordpress.com/2013/03/08/讲座：为何爱-（李德诚讲员）/index.html’ saved [100888]

--2026-09-23 06:38:30--  https://utmccf.wordpress.com/2013/03/01/%e7%88%b1%e5%ae%b6%e4%ba%ba-2/
Reusing existing connection to utmccf.wordpress.com:443.
HTTP request sent, awaiting response... 200 OK
Length: unspecified [text/html]
Saving to: ‘utmccf.wordpress.com/2013/03/01/爱家人-2/index.html’

     0K .......... .......... .......... .......... ..........  121M
    50K .......... .......... .......... .......... .......     243M=0.001s

Last-modified header missing -- time-stamps turned off.
2026-09-23 06:38:30 (160 MB/s) - ‘utmccf.wordpress.com/2013/03/01/爱家人-2/index.html’ saved [99826]

--2026-09-23 06:38:30--  https://utmccf.wordpress.com/2013/02/22/laser-tag/
Reusing existing connection to utmccf.wordpress.com:443.
HTTP request sent, awaiting response... 200 OK
Length: unspecified [text/html]
Saving to: ‘utmccf.wordpress.com/2013/02/22/laser-tag/index.html’

     0K .......... .......... .......... .......... .......... 96.4M
    50K .......... .......... .......... .......... .........   289M=0.001s

Last-modified header missing -- time-stamps turned off.
2026-09-23 06:38:30 (145 MB/s) - ‘utmccf.wordpress.com/2013/02/22/laser-tag/index.html’ saved [102395]

--2026-09-23 06:38:30--  https://utmccf.wordpress.com/2013/02/15/%e6%83%85%e4%ba%ba%e8%8a%82%e8%ae%b2%e5%ba%a7/
Reusing existing connection to utmccf.wordpress.com:443.
HTTP request sent, awaiting response... 200 OK
Length: unspecified [text/html]
Saving to: ‘utmccf.wordpress.com/2013/02/15/情人节讲座/index.html’

     0K .......... .......... .......... .......... ..........  166M
    50K .......... .......... .......... .......... .......     311M=0s

Last-modified header missing -- time-stamps turned off.
2026-09-23 06:38:30 (215 MB/s) - ‘utmccf.wordpress.com/2013/02/15/情人节讲座/index.html’ saved [100309]

--2026-09-23 06:38:30--  https://utmccf.wordpress.com/2013/02/08/%e7%88%b1%e5%ae%b6%e4%ba%ba/
Reusing existing connection to utmccf.wordpress.com:443.
HTTP request sent, awaiting response... 200 OK
Length: unspecified [text/html]
Saving to: ‘utmccf.wordpress.com/2013/02/08/爱家人/index.html’

     0K .......... .......... .......... .......... ..........  140M
    50K .......... .......... .......... .......... .........   463M=0s

Last-modified header missing -- time-stamps turned off.
2026-09-23 06:38:30 (214 MB/s) - ‘utmccf.wordpress.com/2013/02/08/爱家人/index.html’ saved [101616]

--2026-09-23 06:38:30--  https://utmccf.wordpress.com/2013/02/01/%e7%88%b1%e9%82%bb%e8%88%8d/
Reusing existing connection to utmccf.wordpress.com:443.
HTTP request sent, awaiting response... 200 OK
Length: unspecified [text/html]
Saving to: ‘utmccf.wordpress.com/2013/02/01/爱邻舍/index.html’

     0K .......... .......... .......... .......... ..........  404M
    50K .......... .......... .......... .......... ......      498M=0s

Last-modified header missing -- time-stamps turned off.
2026-09-23 06:38:30 (445 MB/s) - ‘utmccf.wordpress.com/2013/02/01/爱邻舍/index.html’ saved [98869]

--2026-09-23 06:38:30--  https://utmccf.wordpress.com/2013/01/25/%e7%88%b1%e7%9a%84%e7%89%b9%e8%b4%a8/
Reusing existing connection to utmccf.wordpress.com:443.
HTTP request sent, awaiting response... 200 OK
Length: unspecified [text/html]
Saving to: ‘utmccf.wordpress.com/2013/01/25/爱的特质/index.html’

     0K .......... .......... .......... .......... ..........  452M
    50K .......... .......... .......... .......... ......      488M=0s

Last-modified header missing -- time-stamps turned off.
2026-09-23 06:38:30 (468 MB/s) - ‘utmccf.wordpress.com/2013/01/25/爱的特质/index.html’ saved [99088]

--2026-09-23 06:38:30--  https://utmccf.wordpress.com/2013/01/18/%e7%88%b1%e4%bb%8e%e5%93%aa%e9%87%8c%e6%9d%a5/
Reusing existing connection to utmccf.wordpress.com:443.
HTTP request sent, awaiting response... 200 OK
Length: unspecified [text/html]
Saving to: ‘utmccf.wordpress.com/2013/01/18/爱从哪里来/index.html’

     0K .......... .......... .......... .......... ..........  441M
    50K .......... .......... .......... .......... ......      428M=0s

Last-modified header missing -- time-stamps turned off.
2026-09-23 06:38:30 (435 MB/s) - ‘utmccf.wordpress.com/2013/01/18/爱从哪里来/index.html’ saved [99012]

--2026-09-23 06:38:30--  https://utmccf.wordpress.com/2013/01/11/%e5%88%86%e4%ba%ab%e4%b9%8b%e5%a4%9c/
Reusing existing connection to utmccf.wordpress.com:443.
HTTP request sent, awaiting response... 200 OK
Length: unspecified [text/html]
Saving to: ‘utmccf.wordpress.com/2013/01/11/分享之夜/index.html’

     0K .......... .......... .......... .......... ..........  211M
    50K .......... .......... .......... .......... ......      333M=0s

Last-modified header missing -- time-stamps turned off.
2026-09-23 06:38:30 (256 MB/s) - ‘utmccf.wordpress.com/2013/01/11/分享之夜/index.html’ saved [98909]

--2026-09-23 06:38:30--  https://utmccf.wordpress.com/wp-includes/js/wp-embed.min.js?m=1743165756i&ver=7.1.1-alpha-63555
Reusing existing connection to utmccf.wordpress.com:443.
HTTP request sent, awaiting response... 200 OK
Length: 1251 (1.2K) [application/javascript]
Saving to: ‘utmccf.wordpress.com/wp-includes/js/wp-embed.min.js@m=1743165756i&ver=7.1.1-alpha-63555’

     0K .                                                     100% 6.85G=0s

2026-09-23 06:38:30 (6.85 GB/s) - ‘utmccf.wordpress.com/wp-includes/js/wp-embed.min.js@m=1743165756i&ver=7.1.1-alpha-63555’ saved [1251/1251]

--2026-09-23 06:38:30--  https://utmccf.wordpress.com/2012/12/20/%e5%9c%a3%e8%af%9e%e8%81%9a%e9%a4%90christmas-dinner/
Reusing existing connection to utmccf.wordpress.com:443.
HTTP request sent, awaiting response... 200 OK
Length: unspecified [text/html]
Saving to: ‘utmccf.wordpress.com/2012/12/20/圣诞聚餐christmas-dinner/index.html’

     0K .......... .......... .......... .......... .......... 82.2M
    50K .......... .......... .......... .......... ..........  322M
   100K                                                        1.55T=0.001s

Last-modified header missing -- time-stamps turned off.
2026-09-23 06:38:30 (132 MB/s) - ‘utmccf.wordpress.com/2012/12/20/圣诞聚餐christmas-dinner/index.html’ saved [103251]

--2026-09-23 06:38:30--  https://utmccf.wordpress.com/2012/11/30/%e6%95%ac%e6%8b%9c%e4%b9%8b%e5%a4%9cworship-night-3/
Reusing existing connection to utmccf.wordpress.com:443.
HTTP request sent, awaiting response... 200 OK
Length: unspecified [text/html]
Saving to: ‘utmccf.wordpress.com/2012/11/30/敬拜之夜worship-night-3/index.html’

     0K .......... .......... .......... .......... ..........  290M
    50K .......... .......... .......... .......... ..........  339M
   100K .                                                      2.61T=0s

Last-modified header missing -- time-stamps turned off.
2026-09-23 06:38:30 (317 MB/s) - ‘utmccf.wordpress.com/2012/11/30/敬拜之夜worship-night-3/index.html’ saved [103834]

--2026-09-23 06:38:30--  https://utmccf.wordpress.com/2012/11/23/%e5%9c%a3%e7%bb%8f%e8%af%9d%e5%89%a7-bible-skit/
Reusing existing connection to utmccf.wordpress.com:443.
HTTP request sent, awaiting response... 200 OK
Length: unspecified [text/html]
Saving to: ‘utmccf.wordpress.com/2012/11/23/圣经话剧-bible-skit/index.html’

     0K .......... .......... .......... .......... ..........  182M
    50K .......... .......... .......... .......... ..........  282M
   100K ..                                                     4.47T=0s

Last-modified header missing -- time-stamps turned off.
2026-09-23 06:38:30 (226 MB/s) - ‘utmccf.wordpress.com/2012/11/23/圣经话剧-bible-skit/index.html’ saved [104855]

--2026-09-23 06:38:30--  https://utmccf.wordpress.com/2012/11/16/%e8%80%b6%e7%a8%a3%e5%9f%ba%e7%9d%a3%e7%9a%84%e8%af%9e%e7%94%9f-birth-of-jesus-christ/
Reusing existing connection to utmccf.wordpress.com:443.
HTTP request sent, awaiting response... 200 OK
Length: unspecified [text/html]
Saving to: ‘utmccf.wordpress.com/2012/11/16/耶稣基督的诞生-birth-of-jesus-christ/index.html’

     0K .......... .......... .......... .......... ..........  227M
    50K .......... .......... .......... .......... ..........  307M
   100K .                                                      2.20T=0s

Last-modified header missing -- time-stamps turned off.
2026-09-23 06:38:30 (264 MB/s) - ‘utmccf.wordpress.com/2012/11/16/耶稣基督的诞生-birth-of-jesus-christ/index.html’ saved [103610]

--2026-09-23 06:38:30--  https://utmccf.wordpress.com/2012/11/09/%e9%be%9a%e7%89%a7%e5%b8%88%e7%9a%84%e9%89%b4%e8%af%81pastor-gongs-testimony/
Reusing existing connection to utmccf.wordpress.com:443.
HTTP request sent, awaiting response... 200 OK
Length: unspecified [text/html]
Saving to: ‘utmccf.wordpress.com/2012/11/09/龚牧师的鉴证pastor-gongs-testimony/index.html’

     0K .......... .......... .......... .......... ..........  176M
    50K .......... .......... .......... .......... ..........  222M
   100K ..                                                     4.71T=0s

Last-modified header missing -- time-stamps turned off.
2026-09-23 06:38:30 (201 MB/s) - ‘utmccf.wordpress.com/2012/11/09/龚牧师的鉴证pastor-gongs-testimony/index.html’ saved [104990]

--2026-09-23 06:38:30--  https://utmccf.wordpress.com/2012/11/02/%e7%94%b5%e5%bd%b1movie-%e5%8b%87%e6%b0%94courageous/
Reusing existing connection to utmccf.wordpress.com:443.
HTTP request sent, awaiting response... 200 OK
Length: unspecified [text/html]
Saving to: ‘utmccf.wordpress.com/2012/11/02/电影movie-勇气courageous/index.html’

     0K .......... .......... .......... .......... ..........  140M
    50K .......... .......... .......... .......... ..........  119M
   100K                                                        1023G=0.001s

Last-modified header missing -- time-stamps turned off.
2026-09-23 06:38:30 (129 MB/s) - ‘utmccf.wordpress.com/2012/11/02/电影movie-勇气courageous/index.html’ saved [102949]

--2026-09-23 06:38:30--  https://utmccf.wordpress.com/2012/10/26/%e4%b8%8a%e5%b8%9d%e7%9a%84%e6%81%a9%e8%b5%90gods-gift/
Reusing existing connection to utmccf.wordpress.com:443.
HTTP request sent, awaiting response... 200 OK
Length: unspecified [text/html]
Saving to: ‘utmccf.wordpress.com/2012/10/26/上帝的恩赐gods-gift/index.html’

     0K .......... .......... .......... .......... ..........  428M
    50K .......... .......... .......... .......... ..........  336M
   100K                                                         199G=0s

Last-modified header missing -- time-stamps turned off.
2026-09-23 06:38:30 (377 MB/s) - ‘utmccf.wordpress.com/2012/10/26/上帝的恩赐gods-gift/index.html’ saved [102507]

--2026-09-23 06:38:30--  https://utmccf.wordpress.com/2012/10/19/%e6%9f%a5%e7%bb%8fbible-study-%e7%bd%aasin/
Reusing existing connection to utmccf.wordpress.com:443.
HTTP request sent, awaiting response... 200 OK
Length: unspecified [text/html]
Saving to: ‘utmccf.wordpress.com/2012/10/19/查经bible-study-罪sin/index.html’

     0K .......... .......... .......... .......... ..........  187M
    50K .......... .......... .......... .......... ..........  141M
   100K                                                         464G=0.001s

Last-modified header missing -- time-stamps turned off.
2026-09-23 06:38:31 (161 MB/s) - ‘utmccf.wordpress.com/2012/10/19/查经bible-study-罪sin/index.html’ saved [102649]

--2026-09-23 06:38:31--  https://utmccf.wordpress.com/2012/10/12/%e5%b8%83%e9%81%93%e4%bc%9a-evangelical-conference/
Reusing existing connection to utmccf.wordpress.com:443.
HTTP request sent, awaiting response... 200 OK
Length: unspecified [text/html]
Saving to: ‘utmccf.wordpress.com/2012/10/12/布道会-evangelical-conference/index.html’

     0K .......... .......... .......... .......... .......... 90.3M
    50K .......... .......... .......... .......... ..........  495M
   100K ..                                                     4.22T=0.001s

Last-modified header missing -- time-stamps turned off.
2026-09-23 06:38:31 (156 MB/s) - ‘utmccf.wordpress.com/2012/10/12/布道会-evangelical-conference/index.html’ saved [104718]

--2026-09-23 06:38:31--  https://utmccf.wordpress.com/2012/10/05/%e6%84%9f%e6%81%a9%e8%8a%82%e8%81%9a%e9%a4%90-thanksgiving-dinner/
Reusing existing connection to utmccf.wordpress.com:443.
HTTP request sent, awaiting response... 200 OK
Length: unspecified [text/html]
Saving to: ‘utmccf.wordpress.com/2012/10/05/感恩节聚餐-thanksgiving-dinner/index.html’

     0K .......... .......... .......... .......... ..........  236M
    50K .......... .......... .......... .......... .........   169M=0s

Last-modified header missing -- time-stamps turned off.
2026-09-23 06:38:31 (197 MB/s) - ‘utmccf.wordpress.com/2012/10/05/感恩节聚餐-thanksgiving-dinner/index.html’ saved [101469]

--2026-09-23 06:38:31--  https://utmccf.wordpress.com/2012/09/28/%e8%b5%9e%e7%be%8e%e4%b9%8b%e6%b3%89%e6%bc%94%e5%94%b1%e4%bc%9a-stream-of-praise-concert/
Reusing existing connection to utmccf.wordpress.com:443.
HTTP request sent, awaiting response... 200 OK
Length: unspecified [text/html]
Saving to: ‘utmccf.wordpress.com/2012/09/28/赞美之泉演唱会-stream-of-praise-concert/index.html’

     0K .......... .......... .......... .......... ..........  261M
    50K .......... .......... .......... .......... ..........  393M
   100K ....                                                   8.87T=0s

Last-modified header missing -- time-stamps turned off.
2026-09-23 06:38:31 (329 MB/s) - ‘utmccf.wordpress.com/2012/09/28/赞美之泉演唱会-stream-of-praise-concert/index.html’ saved [107276]

--2026-09-23 06:38:31--  https://utmccf.wordpress.com/2012/09/21/%e5%b0%8f%e7%bb%84%e6%b4%bb%e5%8a%a8%e4%b8%8e%e8%ae%a8%e8%ae%ba%ef%bc%9a%e6%89%93%e5%9f%ba%e7%a1%80-group-activity-building-foundations/
Reusing existing connection to utmccf.wordpress.com:443.
HTTP request sent, awaiting response... 200 OK
Length: unspecified [text/html]
Saving to: ‘utmccf.wordpress.com/2012/09/21/小组活动与讨论：打基础-group-activity-building-foundations/index.html’

     0K .......... .......... .......... .......... ..........  182M
    50K .......... .......... .......... .......... ..........  285M
   100K ..                                                     3.86T=0s

Last-modified header missing -- time-stamps turned off.
2026-09-23 06:38:31 (227 MB/s) - ‘utmccf.wordpress.com/2012/09/21/小组活动与讨论：打基础-group-activity-building-foundations/index.html’ saved [104523]

--2026-09-23 06:38:31--  https://utmccf.wordpress.com/2012/09/14/%e8%bf%8e%e6%96%b0%e4%bc%9a-orientation/
Reusing existing connection to utmccf.wordpress.com:443.
HTTP request sent, awaiting response... 200 OK
Length: unspecified [text/html]
Saving to: ‘utmccf.wordpress.com/2012/09/14/迎新会-orientation/index.html’

     0K .......... .......... .......... .......... ..........  336M
    50K .......... .......... .......... .......... ..........  339M
   100K .                                                      3.09T=0s

Last-modified header missing -- time-stamps turned off.
2026-09-23 06:38:31 (343 MB/s) - ‘utmccf.wordpress.com/2012/09/14/迎新会-orientation/index.html’ saved [104097]

--2026-09-23 06:38:31--  https://utmccf.wordpress.com/2012/08/17/%e6%96%b0%e5%ad%a6%e6%9c%9f%e7%9a%84%e6%b4%bb%e5%8a%a8new-school-term-meetings/
Reusing existing connection to utmccf.wordpress.com:443.
HTTP request sent, awaiting response... 200 OK
Length: unspecified [text/html]
Saving to: ‘utmccf.wordpress.com/2012/08/17/新学期的活动new-school-term-meetings/index.html’

     0K .......... .......... .......... .......... ..........  207M
    50K .......... .......... .......... .......... .......... 51.3M
   100K                                                        1.40T=0.001s

Last-modified header missing -- time-stamps turned off.
2026-09-23 06:38:31 (82.8 MB/s) - ‘utmccf.wordpress.com/2012/08/17/新学期的活动new-school-term-meetings/index.html’ saved [103168]

--2026-09-23 06:38:31--  https://utmccf.wordpress.com/2012/08/10/%e6%9f%a5%e7%bb%8f-%e5%a4%aa6-5-15bible-study-matthew-6-5-15/
Reusing existing connection to utmccf.wordpress.com:443.
HTTP request sent, awaiting response... 200 OK
Length: unspecified [text/html]
Saving to: ‘utmccf.wordpress.com/2012/08/10/查经-太6-5-15bible-study-matthew-6-5-15/index.html’

     0K .......... .......... .......... .......... ..........  228M
    50K .......... .......... .......... .......... ..........  349M
   100K                                                        1.47T=0s

Last-modified header missing -- time-stamps turned off.
2026-09-23 06:38:31 (278 MB/s) - ‘utmccf.wordpress.com/2012/08/10/查经-太6-5-15bible-study-matthew-6-5-15/index.html’ saved [103210]

--2026-09-23 06:38:31--  https://utmccf.wordpress.com/2012/08/03/%e6%9f%a5%e7%bb%8f-%e5%a4%aa6-1-4bible-study-matthew-6-1-4/
Reusing existing connection to utmccf.wordpress.com:443.
HTTP request sent, awaiting response... 200 OK
Length: unspecified [text/html]
Saving to: ‘utmccf.wordpress.com/2012/08/03/查经-太6-1-4bible-study-matthew-6-1-4/index.html’

     0K .......... .......... .......... .......... ..........  399M
    50K .......... .......... .......... .......... ..........  390M
   100K                                                        1.74T=0s

Last-modified header missing -- time-stamps turned off.
2026-09-23 06:38:31 (398 MB/s) - ‘utmccf.wordpress.com/2012/08/03/查经-太6-1-4bible-study-matthew-6-1-4/index.html’ saved [103358]

--2026-09-23 06:38:31--  https://utmccf.wordpress.com/2012/07/27/%e6%9f%a5%e7%bb%8f-%e5%a4%aa5-43-48bible-study-matthew-5-43-48/
Reusing existing connection to utmccf.wordpress.com:443.
HTTP request sent, awaiting response... 200 OK
Length: unspecified [text/html]
Saving to: ‘utmccf.wordpress.com/2012/07/27/查经-太5-43-48bible-study-matthew-5-43-48/index.html’

     0K .......... .......... .......... .......... ..........  282M
    50K .......... .......... .......... .......... ..........  181M
   100K .                                                      2.48T=0s

Last-modified header missing -- time-stamps turned off.
2026-09-23 06:38:31 (223 MB/s) - ‘utmccf.wordpress.com/2012/07/27/查经-太5-43-48bible-study-matthew-5-43-48/index.html’ saved [103762]

--2026-09-23 06:38:31--  https://utmccf.wordpress.com/2012/07/20/%e6%9f%a5%e7%bb%8f-%e5%a4%aa-5-38-42-bible-study-matthew-5-38-42/
Reusing existing connection to utmccf.wordpress.com:443.
HTTP request sent, awaiting response... 200 OK
Length: unspecified [text/html]
Saving to: ‘utmccf.wordpress.com/2012/07/20/查经-太-5-38-42-bible-study-matthew-5-38-42/index.html’

     0K .......... .......... .......... .......... ..........  248M
    50K .......... .......... .......... .......... ..........  336M
   100K                                                        1.57T=0s

Last-modified header missing -- time-stamps turned off.
2026-09-23 06:38:31 (288 MB/s) - ‘utmccf.wordpress.com/2012/07/20/查经-太-5-38-42-bible-study-matthew-5-38-42/index.html’ saved [103263]

--2026-09-23 06:38:31--  https://utmccf.wordpress.com/2012/07/13/%e6%9f%a5%e7%bb%8f-%e5%a4%aa-5-33-37-bible-study-matthew-5-33-37/
Reusing existing connection to utmccf.wordpress.com:443.
HTTP request sent, awaiting response... 200 OK
Length: unspecified [text/html]
Saving to: ‘utmccf.wordpress.com/2012/07/13/查经-太-5-33-37-bible-study-matthew-5-33-37/index.html’

     0K .......... .......... .......... .......... ..........  262M
    50K .......... .......... .......... .......... ..........  278M
   100K .                                                      2.55T=0s

Last-modified header missing -- time-stamps turned off.
2026-09-23 06:38:31 (273 MB/s) - ‘utmccf.wordpress.com/2012/07/13/查经-太-5-33-37-bible-study-matthew-5-33-37/index.html’ saved [103800]

--2026-09-23 06:38:31--  https://utmccf.wordpress.com/2012/07/06/%e6%9f%a5%e7%bb%8f-%e5%a4%aa527-32-bible-study-matthew-527-32/
Reusing existing connection to utmccf.wordpress.com:443.
HTTP request sent, awaiting response... 200 OK
Length: unspecified [text/html]
Saving to: ‘utmccf.wordpress.com/2012/07/06/查经-太527-32-bible-study-matthew-527-32/index.html’

     0K .......... .......... .......... .......... ..........  413M
    50K .......... .......... .......... .......... ..........  491M
   100K                                                         942G=0s

Last-modified header missing -- time-stamps turned off.
2026-09-23 06:38:31 (451 MB/s) - ‘utmccf.wordpress.com/2012/07/06/查经-太527-32-bible-study-matthew-527-32/index.html’ saved [102906]

--2026-09-23 06:38:31--  https://utmccf.wordpress.com/2012/06/22/%e6%9f%a5%e7%bb%8f%e8%ae%a8%e8%ae%ba-%e5%8a%a8%e6%80%92-bible-discussion-anger/
Reusing existing connection to utmccf.wordpress.com:443.
HTTP request sent, awaiting response... 200 OK
Length: unspecified [text/html]
Saving to: ‘utmccf.wordpress.com/2012/06/22/查经讨论-动怒-bible-discussion-anger/index.html’

     0K .......... .......... .......... .......... ..........  145M
    50K .......... .......... .......... .......... ..........  144M
   100K                                                        1.24T=0.001s

Last-modified header missing -- time-stamps turned off.
2026-09-23 06:38:31 (146 MB/s) - ‘utmccf.wordpress.com/2012/06/22/查经讨论-动怒-bible-discussion-anger/index.html’ saved [103081]

--2026-09-23 06:38:31--  https://utmccf.wordpress.com/2012/06/15/%e6%9f%a5%e7%bb%8f%e8%ae%a8%e8%ae%ba-%e5%be%8b%e6%b3%95-bible-studydiscussion-the-law/
Reusing existing connection to utmccf.wordpress.com:443.
HTTP request sent, awaiting response... 200 OK
Length: unspecified [text/html]
Saving to: ‘utmccf.wordpress.com/2012/06/15/查经讨论-律法-bible-studydiscussion-the-law/index.html’

     0K .......... .......... .......... .......... ..........  121M
    50K .......... .......... .......... .......... .......... 94.1M
   100K .                                                      3.28T=0.001s

Last-modified header missing -- time-stamps turned off.
2026-09-23 06:38:31 (108 MB/s) - ‘utmccf.wordpress.com/2012/06/15/查经讨论-律法-bible-studydiscussion-the-law/index.html’ saved [104203]

--2026-09-23 06:38:31--  https://utmccf.wordpress.com/2012/06/08/%e5%b8%83%e9%81%93%e4%bc%9a-%e6%8b%a5%e6%8a%b1%e7%a5%9d%e7%a6%8f-embracing-blessings/
Reusing existing connection to utmccf.wordpress.com:443.
HTTP request sent, awaiting response... 200 OK
Length: unspecified [text/html]
Saving to: ‘utmccf.wordpress.com/2012/06/08/布道会-拥抱祝福-embracing-blessings/index.html’

     0K .......... .......... .......... .......... ..........  145M
    50K .......... .......... .......... .......... ..........  269M
   100K .                                                      2.38T=0.001s

Last-modified header missing -- time-stamps turned off.
2026-09-23 06:38:31 (191 MB/s) - ‘utmccf.wordpress.com/2012/06/08/布道会-拥抱祝福-embracing-blessings/index.html’ saved [103707]

--2026-09-23 06:38:31--  https://utmccf.wordpress.com/2012/06/01/%e6%9d%a5%e7%8e%a9%e5%90%a7-lets-play/
Reusing existing connection to utmccf.wordpress.com:443.
HTTP request sent, awaiting response... 200 OK
Length: unspecified [text/html]
Saving to: ‘utmccf.wordpress.com/2012/06/01/来玩吧-lets-play/index.html’

     0K .......... .......... .......... .......... ..........  246M
    50K .......... .......... .......... .......... ..........  231M
   100K                                                         620G=0s

Last-modified header missing -- time-stamps turned off.
2026-09-23 06:38:31 (239 MB/s) - ‘utmccf.wordpress.com/2012/06/01/来玩吧-lets-play/index.html’ saved [102733]

--2026-09-23 06:38:31--  https://utmccf.wordpress.com/2012/05/25/%e6%9f%a5%e7%bb%8fbible-study-%e5%a4%aamatthew-513-16/
Reusing existing connection to utmccf.wordpress.com:443.
HTTP request sent, awaiting response... 200 OK
Length: unspecified [text/html]
Saving to: ‘utmccf.wordpress.com/2012/05/25/查经bible-study-太matthew-513-16/index.html’

     0K .......... .......... .......... .......... ..........  172M
    50K .......... .......... .......... .......... .........   224M=0.001s

Last-modified header missing -- time-stamps turned off.
2026-09-23 06:38:31 (195 MB/s) - ‘utmccf.wordpress.com/2012/05/25/查经bible-study-太matthew-513-16/index.html’ saved [102265]

--2026-09-23 06:38:31--  https://utmccf.wordpress.com/2012/03/31/%e7%af%ae%e7%90%83%e6%b4%bb%e5%8a%a8basketball-game/
Reusing existing connection to utmccf.wordpress.com:443.
HTTP request sent, awaiting response... 200 OK
Length: unspecified [text/html]
Saving to: ‘utmccf.wordpress.com/2012/03/31/篮球活动basketball-game/index.html’

     0K .......... .......... .......... .......... ..........  210M
    50K .......... .......... .......... .......... ........    479M=0s

Last-modified header missing -- time-stamps turned off.
2026-09-23 06:38:31 (291 MB/s) - ‘utmccf.wordpress.com/2012/03/31/篮球活动basketball-game/index.html’ saved [101092]

--2026-09-23 06:38:31--  https://utmccf.wordpress.com/2012/03/30/%e6%95%ac%e6%8b%9c%e4%b9%8b%e5%a4%9cworship-night-2/
Reusing existing connection to utmccf.wordpress.com:443.
HTTP request sent, awaiting response... 200 OK
Length: unspecified [text/html]
Saving to: ‘utmccf.wordpress.com/2012/03/30/敬拜之夜worship-night-2/index.html’

     0K .......... .......... .......... .......... ..........  218M
    50K .......... .......... .......... .......... ..........  268M
   100K                                                         423G=0s

Last-modified header missing -- time-stamps turned off.
2026-09-23 06:38:31 (241 MB/s) - ‘utmccf.wordpress.com/2012/03/30/敬拜之夜worship-night-2/index.html’ saved [102627]

--2026-09-23 06:38:31--  https://utmccf.wordpress.com/2012/03/23/%e5%b0%8f%e7%bb%84%e6%b4%bb%e5%8a%a8cell-group-activity-2/
Reusing existing connection to utmccf.wordpress.com:443.
HTTP request sent, awaiting response... 200 OK
Length: unspecified [text/html]
Saving to: ‘utmccf.wordpress.com/2012/03/23/小组活动cell-group-activity-2/index.html’

     0K .......... .......... .......... .......... ..........  323M
    50K .......... .......... .......... .......... ..........  280M
   100K                                                        1.32T=0s

Last-modified header missing -- time-stamps turned off.
2026-09-23 06:38:31 (302 MB/s) - ‘utmccf.wordpress.com/2012/03/23/小组活动cell-group-activity-2/index.html’ saved [103126]

--2026-09-23 06:38:31--  https://utmccf.wordpress.com/2012/03/16/%e5%b0%8f%e7%bb%84%e6%b4%bb%e5%8a%a8cell-group-activity/
Reusing existing connection to utmccf.wordpress.com:443.
HTTP request sent, awaiting response... 200 OK
Length: unspecified [text/html]
Saving to: ‘utmccf.wordpress.com/2012/03/16/小组活动cell-group-activity/index.html’

     0K .......... .......... .......... .......... ..........  148M
    50K .......... .......... .......... .......... ..........  240M
   100K                                                        1.04T=0.001s

Last-modified header missing -- time-stamps turned off.
2026-09-23 06:38:31 (184 MB/s) - ‘utmccf.wordpress.com/2012/03/16/小组活动cell-group-activity/index.html’ saved [102969]

--2026-09-23 06:38:31--  https://utmccf.wordpress.com/2012/03/09/%e4%bf%a1%e6%98%af%e6%9c%89%e5%8e%9freasons-to-believe/
Reusing existing connection to utmccf.wordpress.com:443.
HTTP request sent, awaiting response... 200 OK
Length: unspecified [text/html]
Saving to: ‘utmccf.wordpress.com/2012/03/09/信是有原reasons-to-believe/index.html’

     0K .......... .......... .......... .......... .......... 99.0M
    50K .......... .......... .......... .......... .........   128M=0.001s

Last-modified header missing -- time-stamps turned off.
2026-09-23 06:38:31 (112 MB/s) - ‘utmccf.wordpress.com/2012/03/09/信是有原reasons-to-believe/index.html’ saved [102202]

--2026-09-23 06:38:31--  https://utmccf.wordpress.com/2012/03/02/%e5%a6%82%e4%bd%95%e6%98%8e%e7%99%bd%e7%a5%9e%e7%9a%84%e6%97%a8%e6%84%8f-how-to-understand-gods-will/
Reusing existing connection to utmccf.wordpress.com:443.
HTTP request sent, awaiting response... 200 OK
Length: unspecified [text/html]
Saving to: ‘utmccf.wordpress.com/2012/03/02/如何明白神的旨意-how-to-understand-gods-will/index.html’

     0K .......... .......... .......... .......... ..........  287M
    50K .......... .......... .......... .......... ..........  297M
   100K                                                         468G=0s

Last-modified header missing -- time-stamps turned off.
2026-09-23 06:38:31 (293 MB/s) - ‘utmccf.wordpress.com/2012/03/02/如何明白神的旨意-how-to-understand-gods-will/index.html’ saved [102651]

--2026-09-23 06:38:31--  https://utmccf.wordpress.com/2012/02/17/%e7%94%b5%e5%bd%b1%e4%b9%8b%e5%a4%9cmovie-night/
Reusing existing connection to utmccf.wordpress.com:443.
HTTP request sent, awaiting response... 200 OK
Length: unspecified [text/html]
Saving to: ‘utmccf.wordpress.com/2012/02/17/电影之夜movie-night/index.html’

     0K .......... .......... .......... .......... ..........  412M
    50K .......... .......... .......... .......... ..........  400M
   100K                                                        1.08T=0s

Last-modified header missing -- time-stamps turned off.
2026-09-23 06:38:31 (409 MB/s) - ‘utmccf.wordpress.com/2012/02/17/电影之夜movie-night/index.html’ saved [102995]

--2026-09-23 06:38:31--  https://utmccf.wordpress.com/2012/02/10/%e6%81%8b%e7%88%b1%e4%b8%8e%e4%ba%a4%e5%8f%8blove-and-relationships/
Reusing existing connection to utmccf.wordpress.com:443.
HTTP request sent, awaiting response... 200 OK
Length: unspecified [text/html]
Saving to: ‘utmccf.wordpress.com/2012/02/10/恋爱与交友love-and-relationships/index.html’

     0K .......... .......... .......... .......... ..........  204M
    50K .......... .......... .......... .......... ..........  339M
   100K                                                        1.41T=0s

Last-modified header missing -- time-stamps turned off.
2026-09-23 06:38:31 (256 MB/s) - ‘utmccf.wordpress.com/2012/02/10/恋爱与交友love-and-relationships/index.html’ saved [103173]

--2026-09-23 06:38:31--  https://utmccf.wordpress.com/2012/02/03/%e5%b0%8f%e7%bb%84%e6%b4%bb%e5%8a%a8-cell-group-activity-2/
Reusing existing connection to utmccf.wordpress.com:443.
HTTP request sent, awaiting response... 200 OK
Length: unspecified [text/html]
Saving to: ‘utmccf.wordpress.com/2012/02/03/小组活动-cell-group-activity-2/index.html’

     0K .......... .......... .......... .......... ..........  167M
    50K .......... .......... .......... .......... ..........  341M
   100K .                                                      1.98T=0s

Last-modified header missing -- time-stamps turned off.
2026-09-23 06:38:31 (227 MB/s) - ‘utmccf.wordpress.com/2012/02/03/小组活动-cell-group-activity-2/index.html’ saved [103487]

--2026-09-23 06:38:31--  https://utmccf.wordpress.com/2012/01/27/%e5%b0%8f%e7%bb%84%e6%b4%bb%e5%8a%a8-cell-group-activity/
Reusing existing connection to utmccf.wordpress.com:443.
HTTP request sent, awaiting response... 200 OK
Length: unspecified [text/html]
Saving to: ‘utmccf.wordpress.com/2012/01/27/小组活动-cell-group-activity/index.html’

     0K .......... .......... .......... .......... ..........  103M
    50K .......... .......... .......... .......... ..........  226M
   100K                                                         443G=0.001s

Last-modified header missing -- time-stamps turned off.
2026-09-23 06:38:31 (142 MB/s) - ‘utmccf.wordpress.com/2012/01/27/小组活动-cell-group-activity/index.html’ saved [102638]

--2026-09-23 06:38:31--  https://utmccf.wordpress.com/2012/01/20/%e4%b8%89%e4%bd%8d%e4%b8%80%e4%bd%93%e7%9a%84%e7%9c%9f%e7%a5%9ethe-holy-trinity/
Reusing existing connection to utmccf.wordpress.com:443.
HTTP request sent, awaiting response... 200 OK
Length: unspecified [text/html]
Saving to: ‘utmccf.wordpress.com/2012/01/20/三位一体的真神the-holy-trinity/index.html’

     0K .......... .......... .......... .......... ..........  430M
    50K .......... .......... .......... .......... ..........  502M
   100K .                                                      3.08T=0s

Last-modified header missing -- time-stamps turned off.
2026-09-23 06:38:31 (471 MB/s) - ‘utmccf.wordpress.com/2012/01/20/三位一体的真神the-holy-trinity/index.html’ saved [104095]

--2026-09-23 06:38:31--  https://utmccf.wordpress.com/2012/01/13/%e5%88%86%e4%ba%ab%e4%b9%8b%e5%a4%9csharing-night/
Reusing existing connection to utmccf.wordpress.com:443.
HTTP request sent, awaiting response... 200 OK
Length: unspecified [text/html]
Saving to: ‘utmccf.wordpress.com/2012/01/13/分享之夜sharing-night/index.html’

     0K .......... .......... .......... .......... ..........  191M
    50K .......... .......... .......... .......... ..........  264M
   100K                                                         626G=0s

Last-modified header missing -- time-stamps turned off.
2026-09-23 06:38:31 (222 MB/s) - ‘utmccf.wordpress.com/2012/01/13/分享之夜sharing-night/index.html’ saved [102736]

--2026-09-23 06:38:31--  https://utmccf.wordpress.com/2011/12/20/%e5%9c%a3%e8%af%9e%e6%99%9a%e9%a4%90christmas-dinner-2/
Reusing existing connection to utmccf.wordpress.com:443.
HTTP request sent, awaiting response... 200 OK
Length: unspecified [text/html]
Saving to: ‘utmccf.wordpress.com/2011/12/20/圣诞晚餐christmas-dinner-2/index.html’

     0K .......... .......... .......... .......... ..........  155M
    50K .......... .......... .......... .......... ..........  449M
   100K                                                        7.45G=0s

Last-modified header missing -- time-stamps turned off.
2026-09-23 06:38:31 (230 MB/s) - ‘utmccf.wordpress.com/2011/12/20/圣诞晚餐christmas-dinner-2/index.html’ saved [102404]

--2026-09-23 06:38:31--  https://utmccf.wordpress.com/2011/12/02/%e6%b4%bb%e5%8a%a8-%e8%80%b6%e7%a8%a3%e8%af%9e%e7%94%9factivity-birth-of-jesus/
Reusing existing connection to utmccf.wordpress.com:443.
HTTP request sent, awaiting response... 200 OK
Length: unspecified [text/html]
Saving to: ‘utmccf.wordpress.com/2011/12/02/活动-耶稣诞生activity-birth-of-jesus/index.html’

     0K .......... .......... .......... .......... ..........  459M
    50K .......... .......... .......... .......... ..........  431M
   100K .                                                      2.58T=0s

Last-modified header missing -- time-stamps turned off.
2026-09-23 06:38:31 (451 MB/s) - ‘utmccf.wordpress.com/2011/12/02/活动-耶稣诞生activity-birth-of-jesus/index.html’ saved [103816]

--2026-09-23 06:38:31--  https://utmccf.wordpress.com/2011/11/25/%e6%95%ac%e6%8b%9c%e4%b9%8b%e5%a4%9c-worship-night-3/
Reusing existing connection to utmccf.wordpress.com:443.
HTTP request sent, awaiting response... 200 OK
Length: unspecified [text/html]
Saving to: ‘utmccf.wordpress.com/2011/11/25/敬拜之夜-worship-night-3/index.html’

     0K .......... .......... .......... .......... ..........  423M
    50K .......... .......... .......... .......... .........   510M=0s

Last-modified header missing -- time-stamps turned off.
2026-09-23 06:38:31 (463 MB/s) - ‘utmccf.wordpress.com/2011/11/25/敬拜之夜-worship-night-3/index.html’ saved [102384]

--2026-09-23 06:38:31--  https://utmccf.wordpress.com/2011/11/18/%e6%9f%a5%e7%bb%8f-%e5%a6%82%e4%bd%95%e5%9c%a8%e5%ad%a6%e4%b9%a0%e4%b8%8a%e9%9d%a2%e5%80%9a%e9%9d%a0%e7%a5%9e%ef%bc%9a%e4%bf%a1%e5%bf%83%e7%ba%a6-4-43-54/
Reusing existing connection to utmccf.wordpress.com:443.
HTTP request sent, awaiting response... 200 OK
Length: unspecified [text/html]
Saving to: ‘utmccf.wordpress.com/2011/11/18/查经-如何在学习上面倚靠神：信心约-4-43-54/index.html’

     0K .......... .......... .......... .......... ..........  409M
    50K .......... .......... .......... .......... ..........  437M
   100K ..                                                     4.55T=0s

Last-modified header missing -- time-stamps turned off.
2026-09-23 06:38:31 (433 MB/s) - ‘utmccf.wordpress.com/2011/11/18/查经-如何在学习上面倚靠神：信心约-4-43-54/index.html’ saved [104903]

--2026-09-23 06:38:31--  https://utmccf.wordpress.com/2011/11/11/%e6%9f%a5%e7%bb%8f-%e6%97%a0%e7%bd%aa%e7%9a%84%e8%80%b6%e7%a8%a3%e8%a2%ab%e9%92%89%e5%8d%81%e5%ad%97%e6%9e%b6-%e7%ba%a618%ef%bc%9a28-19%ef%bc%9a16/
Reusing existing connection to utmccf.wordpress.com:443.
HTTP request sent, awaiting response... 200 OK
Length: unspecified [text/html]
Saving to: ‘utmccf.wordpress.com/2011/11/11/查经-无罪的耶稣被钉十字架-约18：28-19：16/index.html’

     0K .......... .......... .......... .......... ..........  295M
    50K .......... .......... .......... .......... ..........  344M
   100K ..                                                     4.79T=0s

Last-modified header missing -- time-stamps turned off.
2026-09-23 06:38:31 (326 MB/s) - ‘utmccf.wordpress.com/2011/11/11/查经-无罪的耶稣被钉十字架-约18：28-19：16/index.html’ saved [105034]

--2026-09-23 06:38:31--  https://utmccf.wordpress.com/2011/11/04/%e7%a6%8f%e9%9f%b3%e8%ae%b2%e5%ba%a7-%e9%bb%91%e5%a4%9c%e7%9a%84%e8%ae%bf%e5%ae%a2-gospel-seminar/
Reusing existing connection to utmccf.wordpress.com:443.
HTTP request sent, awaiting response... 200 OK
Length: unspecified [text/html]
Saving to: ‘utmccf.wordpress.com/2011/11/04/福音讲座-黑夜的访客-gospel-seminar/index.html’

     0K .......... .......... .......... .......... .......... 77.9M
    50K .......... .......... .......... .......... ..........  388M
   100K ..                                                     3.92T=0.001s

Last-modified header missing -- time-stamps turned off.
2026-09-23 06:38:31 (133 MB/s) - ‘utmccf.wordpress.com/2011/11/04/福音讲座-黑夜的访客-gospel-seminar/index.html’ saved [104556]

--2026-09-23 06:38:31--  https://utmccf.wordpress.com/2011/10/21/%e6%9f%a5%e7%bb%8f-%e2%80%93-%e8%80%b6%e7%a8%a3%e6%98%af%e8%b0%81-%e5%8c%bb%e6%b2%bb%e7%9a%84%e7%a5%9e/
Reusing existing connection to utmccf.wordpress.com:443.
HTTP request sent, awaiting response... 200 OK
Length: unspecified [text/html]
Saving to: ‘utmccf.wordpress.com/2011/10/21/查经-–-耶稣是谁-医治的神/index.html’

     0K .......... .......... .......... .......... ..........  401M
    50K .......... .......... .......... .......... ..........  339M
   100K .                                                      2.57T=0s

Last-modified header missing -- time-stamps turned off.
2026-09-23 06:38:31 (373 MB/s) - ‘utmccf.wordpress.com/2011/10/21/查经-–-耶稣是谁-医治的神/index.html’ saved [103815]

--2026-09-23 06:38:31--  https://utmccf.wordpress.com/2011/10/21/%e8%bf%90%e5%8a%a8%e4%b9%8b%e5%a4%9csport-night/
Reusing existing connection to utmccf.wordpress.com:443.
HTTP request sent, awaiting response... 200 OK
Length: unspecified [text/html]
Saving to: ‘utmccf.wordpress.com/2011/10/21/运动之夜sport-night/index.html’

     0K .......... .......... .......... .......... ..........  211M
    50K .......... .......... .......... .......... ........    333M=0s

Last-modified header missing -- time-stamps turned off.
2026-09-23 06:38:31 (258 MB/s) - ‘utmccf.wordpress.com/2011/10/21/运动之夜sport-night/index.html’ saved [101351]

--2026-09-23 06:38:31--  https://utmccf.wordpress.com/2011/10/14/%e6%9f%a5%e7%bb%8f-%e2%80%93-%e8%80%b6%e7%a8%a3%e6%98%af%e8%b0%81-%e8%a1%8c%e7%a5%9e%e8%bf%b9%e7%9a%84%e7%a5%9e/
Reusing existing connection to utmccf.wordpress.com:443.
HTTP request sent, awaiting response... 200 OK
Length: unspecified [text/html]
Saving to: ‘utmccf.wordpress.com/2011/10/14/查经-–-耶稣是谁-行神迹的神/index.html’

     0K .......... .......... .......... .......... ..........  227M
    50K .......... .......... .......... .......... .......... 92.4M
   100K .                                                      3.00T=0.001s

Last-modified header missing -- time-stamps turned off.
2026-09-23 06:38:31 (133 MB/s) - ‘utmccf.wordpress.com/2011/10/14/查经-–-耶稣是谁-行神迹的神/index.html’ saved [104048]

--2026-09-23 06:38:31--  https://utmccf.wordpress.com/2011/10/07/%e5%88%86%e4%ba%ab-%e2%80%93-%e5%a5%87%e5%bc%82%e6%81%a9%e5%85%b8sharing-%e2%80%93-amazing-grace/
Reusing existing connection to utmccf.wordpress.com:443.
HTTP request sent, awaiting response... 200 OK
Length: unspecified [text/html]
Saving to: ‘utmccf.wordpress.com/2011/10/07/分享-–-奇异恩典sharing-–-amazing-grace/index.html’

     0K .......... .......... .......... .......... ..........  347M
    50K .......... .......... .......... .......... ..........  150M
   100K .                                                      2.65T=0s

Last-modified header missing -- time-stamps turned off.
2026-09-23 06:38:31 (212 MB/s) - ‘utmccf.wordpress.com/2011/10/07/分享-–-奇异恩典sharing-–-amazing-grace/index.html’ saved [103856]

--2026-09-23 06:38:31--  https://utmccf.wordpress.com/2011/09/30/%e8%ae%b2%e5%ba%a7-%e2%80%93-%e5%9c%a3%e7%bb%8f%e7%9a%84%e5%8f%af%e9%9d%a0%e6%80%a7/
Reusing existing connection to utmccf.wordpress.com:443.
HTTP request sent, awaiting response... 200 OK
Length: unspecified [text/html]
Saving to: ‘utmccf.wordpress.com/2011/09/30/讲座-–-圣经的可靠性/index.html’

     0K .......... .......... .......... .......... ..........  404M
    50K .......... .......... .......... .......... ..........  324M
   100K .                                                      1.91T=0s

Last-modified header missing -- time-stamps turned off.
2026-09-23 06:38:31 (363 MB/s) - ‘utmccf.wordpress.com/2011/09/30/讲座-–-圣经的可靠性/index.html’ saved [103449]

--2026-09-23 06:38:31--  https://utmccf.wordpress.com/2011/09/23/%e7%a5%9e%e7%9a%84%e5%88%9b%e9%80%a0-%e2%80%93-%e5%88%9b-11-31/
Reusing existing connection to utmccf.wordpress.com:443.
HTTP request sent, awaiting response... 200 OK
Length: unspecified [text/html]
Saving to: ‘utmccf.wordpress.com/2011/09/23/神的创造-–-创-11-31/index.html’

     0K .......... .......... .......... .......... ..........  331M
    50K .......... .......... .......... .......... ..........  385M
   100K                                                         741G=0s

Last-modified header missing -- time-stamps turned off.
2026-09-23 06:38:31 (358 MB/s) - ‘utmccf.wordpress.com/2011/09/23/神的创造-–-创-11-31/index.html’ saved [102798]

--2026-09-23 06:38:31--  https://utmccf.wordpress.com/2011/09/16/%e4%b8%ad%e7%a7%8b%e8%8a%82-%e7%a5%9d%e7%a6%8f%e7%9a%84%e5%ae%b6mid-autumn-festival/
Reusing existing connection to utmccf.wordpress.com:443.
HTTP request sent, awaiting response... 200 OK
Length: unspecified [text/html]
Saving to: ‘utmccf.wordpress.com/2011/09/16/中秋节-祝福的家mid-autumn-festival/index.html’

     0K .......... .......... .......... .......... ..........  128M
    50K .......... .......... .......... .......... ..........  328M
   100K                                                         242G=0.001s

Last-modified header missing -- time-stamps turned off.
2026-09-23 06:38:31 (184 MB/s) - ‘utmccf.wordpress.com/2011/09/16/中秋节-祝福的家mid-autumn-festival/index.html’ saved [102530]

--2026-09-23 06:38:31--  https://utmccf.wordpress.com/2011/09/02/%e8%b5%9e%e7%be%8e%e4%b9%8b%e6%b3%89%e6%bc%94%e5%94%b1%e4%bc%9astreams-of-praise-concert/
Reusing existing connection to utmccf.wordpress.com:443.
HTTP request sent, awaiting response... 200 OK
Length: unspecified [text/html]
Saving to: ‘utmccf.wordpress.com/2011/09/02/赞美之泉演唱会streams-of-praise-concert/index.html’

     0K .......... .......... .......... .......... ..........  224M
    50K .......... .......... .......... .......... ..........  321M
   100K ..                                                     4.51T=0s

Last-modified header missing -- time-stamps turned off.
2026-09-23 06:38:31 (270 MB/s) - ‘utmccf.wordpress.com/2011/09/02/赞美之泉演唱会streams-of-praise-concert/index.html’ saved [104878]

--2026-09-23 06:38:31--  https://utmccf.wordpress.com/2011/08/12/%e7%94%b5%e5%bd%b1%e5%88%86%e4%ba%abmovie-night/
Reusing existing connection to utmccf.wordpress.com:443.
HTTP request sent, awaiting response... 200 OK
Length: unspecified [text/html]
Saving to: ‘utmccf.wordpress.com/2011/08/12/电影分享movie-night/index.html’

     0K .......... .......... .......... .......... ..........  177M
    50K .......... .......... .......... .......... ..........  355M
   100K                                                        1.56T=0s

Last-modified header missing -- time-stamps turned off.
2026-09-23 06:38:31 (238 MB/s) - ‘utmccf.wordpress.com/2011/08/12/电影分享movie-night/index.html’ saved [103258]

--2026-09-23 06:38:31--  https://utmccf.wordpress.com/2011/08/05/%e6%9f%a5%e7%bb%8f-%e2%80%93-%e7%ae%b4-2918/
Reusing existing connection to utmccf.wordpress.com:443.
HTTP request sent, awaiting response... 200 OK
Length: unspecified [text/html]
Saving to: ‘utmccf.wordpress.com/2011/08/05/查经-–-箴-2918/index.html’

     0K .......... .......... .......... .......... ..........  221M
    50K .......... .......... .......... .......... .........   307M=0s

Last-modified header missing -- time-stamps turned off.
2026-09-23 06:38:31 (257 MB/s) - ‘utmccf.wordpress.com/2011/08/05/查经-–-箴-2918/index.html’ saved [101842]

--2026-09-23 06:38:31--  https://utmccf.wordpress.com/2011/07/29/%e6%9f%a5%e7%bb%8f-%e2%80%93-%e5%bc%97-21-10/
Reusing existing connection to utmccf.wordpress.com:443.
HTTP request sent, awaiting response... 200 OK
Length: unspecified [text/html]
Saving to: ‘utmccf.wordpress.com/2011/07/29/查经-–-弗-21-10/index.html’

     0K .......... .......... .......... .......... ..........  414M
    50K .......... .......... .......... .......... ..........  303M
   100K                                                         527G=0s

Last-modified header missing -- time-stamps turned off.
2026-09-23 06:38:31 (351 MB/s) - ‘utmccf.wordpress.com/2011/07/29/查经-–-弗-21-10/index.html’ saved [102683]

--2026-09-23 06:38:31--  https://utmccf.wordpress.com/2011/07/22/%e6%9f%a5%e7%bb%8f-%e2%80%93-%e7%bd%97-141-23/
Reusing existing connection to utmccf.wordpress.com:443.
HTTP request sent, awaiting response... 200 OK
Length: unspecified [text/html]
Saving to: ‘utmccf.wordpress.com/2011/07/22/查经-–-罗-141-23/index.html’

     0K .......... .......... .......... .......... ..........  285M
    50K .......... .......... .......... .......... ..........  350M
   100K                                                        9.31G=0s

Last-modified header missing -- time-stamps turned off.
2026-09-23 06:38:31 (314 MB/s) - ‘utmccf.wordpress.com/2011/07/22/查经-–-罗-141-23/index.html’ saved [102405]

--2026-09-23 06:38:31--  https://utmccf.wordpress.com/2011/07/15/%e6%9f%a5%e7%bb%8f-%e2%80%93-%e7%bd%97-118-32/
Reusing existing connection to utmccf.wordpress.com:443.
HTTP request sent, awaiting response... 200 OK
Length: unspecified [text/html]
Saving to: ‘utmccf.wordpress.com/2011/07/15/查经-–-罗-118-32/index.html’

     0K .......... .......... .......... .......... ..........  258M
    50K .......... .......... .......... .......... .........   350M=0s

Last-modified header missing -- time-stamps turned off.
2026-09-23 06:38:31 (297 MB/s) - ‘utmccf.wordpress.com/2011/07/15/查经-–-罗-118-32/index.html’ saved [102214]

--2026-09-23 06:38:31--  https://utmccf.wordpress.com/2011/07/08/%e6%9f%a5%e7%bb%8f-%e2%80%93-%e8%85%93-21-11-%e7%ae%b4-1812-13/
Reusing existing connection to utmccf.wordpress.com:443.
HTTP request sent, awaiting response... 200 OK
Length: unspecified [text/html]
Saving to: ‘utmccf.wordpress.com/2011/07/08/查经-–-腓-21-11-箴-1812-13/index.html’

     0K .......... .......... .......... .......... ..........  115M
    50K .......... .......... .......... .......... .........   388M=0.001s

Last-modified header missing -- time-stamps turned off.
2026-09-23 06:38:31 (178 MB/s) - ‘utmccf.wordpress.com/2011/07/08/查经-–-腓-21-11-箴-1812-13/index.html’ saved [102327]

--2026-09-23 06:38:31--  https://utmccf.wordpress.com/2011/06/24/mccf-%e5%a4%8f%e5%ad%a3%e8%81%9a%e9%a4%90-potluck/
Reusing existing connection to utmccf.wordpress.com:443.
HTTP request sent, awaiting response... 200 OK
Length: unspecified [text/html]
Saving to: ‘utmccf.wordpress.com/2011/06/24/mccf-夏季聚餐-potluck/index.html’

     0K .......... .......... .......... .......... ..........  326M
    50K .......... .......... .......... .......... ..........  215M
   100K .                                                      1.87T=0s

Last-modified header missing -- time-stamps turned off.
2026-09-23 06:38:31 (262 MB/s) - ‘utmccf.wordpress.com/2011/06/24/mccf-夏季聚餐-potluck/index.html’ saved [103428]

--2026-09-23 06:38:31--  https://utmccf.wordpress.com/2011/06/17/%e6%9f%a5%e7%bb%8f-%e2%80%93-%e5%a4%aa-2020-28-%e6%8f%90%e5%89%8d-31-7/
Reusing existing connection to utmccf.wordpress.com:443.
HTTP request sent, awaiting response... 200 OK
Length: unspecified [text/html]
Saving to: ‘utmccf.wordpress.com/2011/06/17/查经-–-太-2020-28-提前-31-7/index.html’

     0K .......... .......... .......... .......... ..........  359M
    50K .......... .......... .......... .......... ..........  321M
   100K                                                         942G=0s

Last-modified header missing -- time-stamps turned off.
2026-09-23 06:38:31 (341 MB/s) - ‘utmccf.wordpress.com/2011/06/17/查经-–-太-2020-28-提前-31-7/index.html’ saved [102906]

--2026-09-23 06:38:31--  https://utmccf.wordpress.com/2011/06/10/%e6%9f%a5%e7%bb%8f-%e2%80%93-%e7%bd%97-131-7-%e5%bd%bc%e5%89%8d-213-36/
Reusing existing connection to utmccf.wordpress.com:443.
HTTP request sent, awaiting response... 200 OK
Length: unspecified [text/html]
Saving to: ‘utmccf.wordpress.com/2011/06/10/查经-–-罗-131-7-彼前-213-36/index.html’

     0K .......... .......... .......... .......... ..........  101M
    50K .......... .......... .......... .......... ..........  187M
   100K .                                                      2.34T=0.001s

Last-modified header missing -- time-stamps turned off.
2026-09-23 06:38:31 (133 MB/s) - ‘utmccf.wordpress.com/2011/06/10/查经-–-罗-131-7-彼前-213-36/index.html’ saved [103685]

--2026-09-23 06:38:31--  https://utmccf.wordpress.com/2011/06/03/%e6%9f%a5%e7%bb%8f-%e2%80%93-%e9%a9%ac%e5%a4%aa%e7%a6%8f%e9%9f%b310%ef%bc%9a1-42/
Reusing existing connection to utmccf.wordpress.com:443.
HTTP request sent, awaiting response... 200 OK
Length: unspecified [text/html]
Saving to: ‘utmccf.wordpress.com/2011/06/03/查经-–-马太福音10：1-42/index.html’

     0K .......... .......... .......... .......... ..........  208M
    50K .......... .......... .......... .......... ..........  329M
   100K .                                                      2.20T=0s

Last-modified header missing -- time-stamps turned off.
2026-09-23 06:38:31 (258 MB/s) - ‘utmccf.wordpress.com/2011/06/03/查经-–-马太福音10：1-42/index.html’ saved [103608]

--2026-09-23 06:38:31--  https://utmccf.wordpress.com/2011/05/27/%e6%9f%a5%e7%bb%8f-%e2%80%93-%e6%9e%97%e5%89%8d-1212-16%e4%bc%a047-12/
Reusing existing connection to utmccf.wordpress.com:443.
HTTP request sent, awaiting response... 200 OK
Length: unspecified [text/html]
Saving to: ‘utmccf.wordpress.com/2011/05/27/查经-–-林前-1212-16传47-12/index.html’

     0K .......... .......... .......... .......... ..........  244M
    50K .......... .......... .......... .......... ..........  366M
   100K                                                         952G=0s

Last-modified header missing -- time-stamps turned off.
2026-09-23 06:38:31 (294 MB/s) - ‘utmccf.wordpress.com/2011/05/27/查经-–-林前-1212-16传47-12/index.html’ saved [102911]

--2026-09-23 06:38:31--  https://utmccf.wordpress.com/2011/04/01/%e6%95%ac%e6%8b%9c%e4%b9%8b%e5%a4%9c-%e8%af%97%e6%ad%8c%e5%88%86%e4%ba%abworship-night-%e2%80%93-music-sharing/
Reusing existing connection to utmccf.wordpress.com:443.
HTTP request sent, awaiting response... 200 OK
Length: unspecified [text/html]
Saving to: ‘utmccf.wordpress.com/2011/04/01/敬拜之夜-诗歌分享worship-night-–-music-sharing/index.html’

     0K .......... .......... .......... .......... ..........  107M
    50K .......... .......... .......... .......... ..........  258M
   100K                                                        1.34T=0.001s

Last-modified header missing -- time-stamps turned off.
2026-09-23 06:38:31 (152 MB/s) - ‘utmccf.wordpress.com/2011/04/01/敬拜之夜-诗歌分享worship-night-–-music-sharing/index.html’ saved [103136]

--2026-09-23 06:38:32--  https://utmccf.wordpress.com/2011/03/25/%e8%ae%b2%e5%ba%a7-%e2%80%93-%e5%be%97%e7%9f%a5%e7%a5%9e%e7%9a%84%e6%97%a8%e6%84%8fknowing-god%e2%80%99s-will/
Reusing existing connection to utmccf.wordpress.com:443.
HTTP request sent, awaiting response... 200 OK
Length: unspecified [text/html]
Saving to: ‘utmccf.wordpress.com/2011/03/25/讲座-–-得知神的旨意knowing-god\’s-will/index.html’

     0K .......... .......... .......... .......... ..........  364M
    50K .......... .......... .......... .......... ..........  368M
   100K .                                                      2.32T=0s

Last-modified header missing -- time-stamps turned off.
2026-09-23 06:38:32 (371 MB/s) - ‘utmccf.wordpress.com/2011/03/25/讲座-–-得知神的旨意knowing-god\’s-will/index.html’ saved [103678]

--2026-09-23 06:38:32--  https://utmccf.wordpress.com/2011/03/17/%e8%80%b6%e7%a8%a3%e5%9f%ba%e7%9d%a3%e7%9a%84%e5%a4%8d%e6%b4%bb-resurrection-of-jesus-%e7%ba%a6%e7%bf%b0-20/
Reusing existing connection to utmccf.wordpress.com:443.
HTTP request sent, awaiting response... 200 OK
Length: unspecified [text/html]
Saving to: ‘utmccf.wordpress.com/2011/03/17/耶稣基督的复活-resurrection-of-jesus-约翰-20/index.html’

     0K .......... .......... .......... .......... ..........  247M
    50K .......... .......... .......... .......... ..........  202M
   100K                                                        1.42T=0s

Last-modified header missing -- time-stamps turned off.
2026-09-23 06:38:32 (224 MB/s) - ‘utmccf.wordpress.com/2011/03/17/耶稣基督的复活-resurrection-of-jesus-约翰-20/index.html’ saved [103178]

--2026-09-23 06:38:32--  https://utmccf.wordpress.com/2011/03/11/%e7%88%b1%ef%bc%8c%e7%9c%9f%e5%a5%87%e5%a6%99love-everlasting/
Reusing existing connection to utmccf.wordpress.com:443.
HTTP request sent, awaiting response... 200 OK
Length: unspecified [text/html]
Saving to: ‘utmccf.wordpress.com/2011/03/11/爱，真奇妙love-everlasting/index.html’

     0K .......... .......... .......... .......... ..........  409M
    50K .......... .......... .......... .......... ..........  465M
   100K .                                                      3.19T=0s

Last-modified header missing -- time-stamps turned off.
2026-09-23 06:38:32 (442 MB/s) - ‘utmccf.wordpress.com/2011/03/11/爱，真奇妙love-everlasting/index.html’ saved [104156]

--2026-09-23 06:38:32--  https://utmccf.wordpress.com/2011/03/04/%e7%94%b5%e5%bd%b1%e5%88%86%e4%ba%ab%ef%bc%9a%e3%80%8a%e5%bd%bc%e5%b2%b8%e3%80%8b-%e5%9b%9b%e6%b5%b7%e5%ad%a6%e8%b8%aa/
Reusing existing connection to utmccf.wordpress.com:443.
HTTP request sent, awaiting response... 200 OK
Length: unspecified [text/html]
Saving to: ‘utmccf.wordpress.com/2011/03/04/电影分享：《彼岸》-四海学踪/index.html’

     0K .......... .......... .......... .......... ..........  399M
    50K .......... .......... .......... .......... ..........  538M
   100K                                                        1.33T=0s

Last-modified header missing -- time-stamps turned off.
2026-09-23 06:38:32 (461 MB/s) - ‘utmccf.wordpress.com/2011/03/04/电影分享：《彼岸》-四海学踪/index.html’ saved [103129]

--2026-09-23 06:38:32--  https://utmccf.wordpress.com/2011/02/18/%e8%ae%b2%e5%ba%a7%ef%bc%9a-%e5%9c%a8%e6%a0%a1%e5%9b%ad%e9%87%8c%e4%b8%8e%e5%ad%a6%e6%9c%af%e4%b8%8a%e8%8d%a3%e8%80%80%e7%a5%9e/
Reusing existing connection to utmccf.wordpress.com:443.
HTTP request sent, awaiting response... 200 OK
Length: unspecified [text/html]
Saving to: ‘utmccf.wordpress.com/2011/02/18/讲座：-在校园里与学术上荣耀神/index.html’

     0K .......... .......... .......... .......... ..........  120M
    50K .......... .......... .......... .......... ..........  471M
   100K .                                                      2.89T=0.001s

Last-modified header missing -- time-stamps turned off.
2026-09-23 06:38:32 (194 MB/s) - ‘utmccf.wordpress.com/2011/02/18/讲座：-在校园里与学术上荣耀神/index.html’ saved [103990]

--2026-09-23 06:38:32--  https://utmccf.wordpress.com/2011/02/11/%e8%80%b6%e7%a8%a3%e4%bd%bf%e6%8b%89%e6%92%92%e8%b7%af%e5%a4%8d%e6%b4%bb-jesus-raises-lazarus-from-the-dead/
Reusing existing connection to utmccf.wordpress.com:443.
HTTP request sent, awaiting response... 200 OK
Length: unspecified [text/html]
Saving to: ‘utmccf.wordpress.com/2011/02/11/耶稣使拉撒路复活-jesus-raises-lazarus-from-the-dead/index.html’

     0K .......... .......... .......... .......... ..........  449M
    50K .......... .......... .......... .......... ..........  480M
   100K                                                         618G=0s

Last-modified header missing -- time-stamps turned off.
2026-09-23 06:38:32 (465 MB/s) - ‘utmccf.wordpress.com/2011/02/11/耶稣使拉撒路复活-jesus-raises-lazarus-from-the-dead/index.html’ saved [102732]

--2026-09-23 06:38:32--  https://utmccf.wordpress.com/2011/02/04/%e6%bb%91%e9%9b%aa%e6%8a%a5%e5%90%8d-ski-trip-registration/
Reusing existing connection to utmccf.wordpress.com:443.
HTTP request sent, awaiting response... 200 OK
Length: unspecified [text/html]
Saving to: ‘utmccf.wordpress.com/2011/02/04/滑雪报名-ski-trip-registration/index.html’

     0K .......... .......... .......... .......... ..........  470M
    50K .......... .......... .......... .......... ..........  565M
   100K                                                         462G=0s

Last-modified header missing -- time-stamps turned off.
2026-09-23 06:38:32 (514 MB/s) - ‘utmccf.wordpress.com/2011/02/04/滑雪报名-ski-trip-registration/index.html’ saved [102648]

--2026-09-23 06:38:32--  https://utmccf.wordpress.com/2011/02/04/%e6%b3%a5%e5%9c%9f%e9%9f%b3%e4%b9%90%e6%bc%94%e5%94%b1%e4%bc%9a-clay-music-concert/
Reusing existing connection to utmccf.wordpress.com:443.
HTTP request sent, awaiting response... 200 OK
Length: unspecified [text/html]
Saving to: ‘utmccf.wordpress.com/2011/02/04/泥土音乐演唱会-clay-music-concert/index.html’

     0K .......... .......... .......... .......... ..........  156M
    50K .......... .......... .......... .......... ..........  172M
   100K .                                                      2.40T=0.001s

Last-modified header missing -- time-stamps turned off.
2026-09-23 06:38:32 (166 MB/s) - ‘utmccf.wordpress.com/2011/02/04/泥土音乐演唱会-clay-music-concert/index.html’ saved [103721]

--2026-09-23 06:38:32--  https://utmccf.wordpress.com/2011/01/28/%e5%a4%a9%e5%9b%bd%e5%85%ab%e7%a6%8f-the-beatitudes/
Reusing existing connection to utmccf.wordpress.com:443.
HTTP request sent, awaiting response... 200 OK
Length: unspecified [text/html]
Saving to: ‘utmccf.wordpress.com/2011/01/28/天国八福-the-beatitudes/index.html’

     0K .......... .......... .......... .......... ..........  202M
    50K .......... .......... .......... .......... .........   298M=0s

Last-modified header missing -- time-stamps turned off.
2026-09-23 06:38:32 (240 MB/s) - ‘utmccf.wordpress.com/2011/01/28/天国八福-the-beatitudes/index.html’ saved [101814]

--2026-09-23 06:38:32--  https://utmccf.wordpress.com/2011/01/21/%e4%ba%94%e9%a4%85%e4%ba%8c%e9%ad%9a%e7%9a%84%e6%95%85%e4%ba%8bjesus-feeds-the-five-thousand/
Reusing existing connection to utmccf.wordpress.com:443.
HTTP request sent, awaiting response... 200 OK
Length: unspecified [text/html]
Saving to: ‘utmccf.wordpress.com/2011/01/21/五餅二魚的故事jesus-feeds-the-five-thousand/index.html’

     0K .......... .......... .......... .......... ..........  193M
    50K .......... .......... .......... .......... ..........  222M
   100K                                                         497G=0s

Last-modified header missing -- time-stamps turned off.
2026-09-23 06:38:32 (207 MB/s) - ‘utmccf.wordpress.com/2011/01/21/五餅二魚的故事jesus-feeds-the-five-thousand/index.html’ saved [102667]

--2026-09-23 06:38:32--  https://utmccf.wordpress.com/2011/01/14/%e5%88%86%e4%ba%ab%e6%84%9f%e6%81%a9%e5%a4%9csharing-and-thanksgiving/
Reusing existing connection to utmccf.wordpress.com:443.
HTTP request sent, awaiting response... 200 OK
Length: unspecified [text/html]
Saving to: ‘utmccf.wordpress.com/2011/01/14/分享感恩夜sharing-and-thanksgiving/index.html’

     0K .......... .......... .......... .......... ..........  163M
    50K .......... .......... .......... .......... .........   267M=0s

Last-modified header missing -- time-stamps turned off.
2026-09-23 06:38:32 (202 MB/s) - ‘utmccf.wordpress.com/2011/01/14/分享感恩夜sharing-and-thanksgiving/index.html’ saved [102116]

--2026-09-23 06:38:32--  https://utmccf.wordpress.com/_static/??-eJxlje8KwjAMxF/IGqeDfRKfpetiyZb+oUkZe3s7UJn4JXC5u9/Bmo1LUTEqhGoyV09RYKXJowpgbW5aCA3bFRRDZqsoILoxnp3ICQ6AkZP/IoItCypFb0ZboEV/P3/lw/qMmq1b3hpCSvuZKrdlik+KpGjElcT80dvOe4R7NwxD311u135+Acm5Ucs=&cssminify=yes
Reusing existing connection to utmccf.wordpress.com:443.
HTTP request sent, awaiting response... 200 OK
Length: 13330 (13K) [text/css]
Saving to: ‘utmccf.wordpress.com/_static/index.html@%3F-eJxlje8KwjAMxF%2FIGqeDfRKfpetiyZb+oUkZe3s7UJn4JXC5u9%2FBmo1LUTEqhGoyV09RYKXJowpgbW5aCA3bFRRDZqsoILoxnp3ICQ6AkZP%2FIoItCypFb0ZboEV%2FP3%2Flw%2FqMmq1b3hpCSvuZKrdlik+KpGjElcT80dvOe4R7NwxD311u135+Acm5Ucs=&cssminify=yes.css’

     0K .......... ...                                        100% 35.5G=0s

2026-09-23 06:38:32 (35.5 GB/s) - ‘utmccf.wordpress.com/_static/index.html@%3F-eJxlje8KwjAMxF%2FIGqeDfRKfpetiyZb+oUkZe3s7UJn4JXC5u9%2FBmo1LUTEqhGoyV09RYKXJowpgbW5aCA3bFRRDZqsoILoxnp3ICQ6AkZP%2FIoItCypFb0ZboEV%2FP3%2Flw%2FqMmq1b3hpCSvuZKrdlik+KpGjElcT80dvOe4R7NwxD311u135+Acm5Ucs=&cssminify=yes.css’ saved [13330/13330]

--2026-09-23 06:38:32--  https://utmccf.wordpress.com/_static/??-eJydjdEKgzAMRX9oXVAZ80X8lNHFINU0KU2L+PcibHscY4/ncDkXtuRQpZAUiNUlrnMQg4VK8ri+GKKqwCMIwpMVVwPbQqJ8RbML/F6IOlUmA/RZqxF/Rm/xb7AEpsnNnpny/o3OgzEOzb2/tW3XNf1yAHk4YIM=&cssminify=yes
Reusing existing connection to utmccf.wordpress.com:443.
HTTP request sent, awaiting response... 200 OK
Length: 34429 (34K) [text/css]
Saving to: ‘utmccf.wordpress.com/_static/index.html@%3F-eJydjdEKgzAMRX9oXVAZ80X8lNHFINU0KU2L+PcibHscY4%2FncDkXtuRQpZAUiNUlrnMQg4VK8ri+GKKqwCMIwpMVVwPbQqJ8RbML%2FF6IOlUmA%2FRZqxF%2FRm%2Fxb7AEpsnNnpny%2Fo3OgzEOzb2%2FtW3XNf1yAHk4YIM=&cssminify=yes.css’

     0K .......... .......... .......... ...                  100%  456M=0s

2026-09-23 06:38:32 (456 MB/s) - ‘utmccf.wordpress.com/_static/index.html@%3F-eJydjdEKgzAMRX9oXVAZ80X8lNHFINU0KU2L+PcibHscY4%2FncDkXtuRQpZAUiNUlrnMQg4VK8ri+GKKqwCMIwpMVVwPbQqJ8RbML%2FF6IOlUmA%2FRZqxF%2FRm%2Fxb7AEpsnNnpny%2Fo3OgzEOzb2%2FtW3XNf1yAHk4YIM=&cssminify=yes.css’ saved [34429/34429]

--2026-09-23 06:38:32--  https://utmccf.wordpress.com/2010/12/17/%e5%9c%a3%e8%af%9e%e6%99%9a%e9%a4%90christmas-dinner/
Reusing existing connection to utmccf.wordpress.com:443.
HTTP request sent, awaiting response... 200 OK
Length: unspecified [text/html]
Saving to: ‘utmccf.wordpress.com/2010/12/17/圣诞晚餐christmas-dinner/index.html’

     0K .......... .......... .......... .......... ..........  141M
    50K .......... .......... .......... .......... ..........  121M
   100K                                                        41.0G=0.001s

Last-modified header missing -- time-stamps turned off.
2026-09-23 06:38:32 (130 MB/s) - ‘utmccf.wordpress.com/2010/12/17/圣诞晚餐christmas-dinner/index.html’ saved [102422]

--2026-09-23 06:38:32--  https://utmccf.wordpress.com/2010/12/03/%e6%95%ac%e6%8b%9c%e4%b9%8b%e5%a4%9cworship-night/
Reusing existing connection to utmccf.wordpress.com:443.
HTTP request sent, awaiting response... 200 OK
Length: unspecified [text/html]
Saving to: ‘utmccf.wordpress.com/2010/12/03/敬拜之夜worship-night/index.html’

     0K .......... .......... .......... .......... ..........  177M
    50K .......... .......... .......... .......... .........   113M=0.001s

Last-modified header missing -- time-stamps turned off.
2026-09-23 06:38:32 (139 MB/s) - ‘utmccf.wordpress.com/2010/12/03/敬拜之夜worship-night/index.html’ saved [101732]

--2026-09-23 06:38:32--  https://utmccf.wordpress.com/2010/11/26/%e6%9f%a5%e7%bb%8fbible-study-%e2%80%93-%e7%ba%a6%e7%bf%b0john-1828-1916/
Reusing existing connection to utmccf.wordpress.com:443.
HTTP request sent, awaiting response... 200 OK
Length: unspecified [text/html]
Saving to: ‘utmccf.wordpress.com/2010/11/26/查经bible-study-–-约翰john-1828-1916/index.html’

     0K .......... .......... .......... .......... ..........  334M
    50K .......... .......... .......... .......... ..........  279M
   100K                                                        3.73G=0s

Last-modified header missing -- time-stamps turned off.
2026-09-23 06:38:32 (304 MB/s) - ‘utmccf.wordpress.com/2010/11/26/查经bible-study-–-约翰john-1828-1916/index.html’ saved [102402]

--2026-09-23 06:38:32--  https://utmccf.wordpress.com/2010/11/20/1040-%e5%bd%b1%e7%89%87%e7%89%b9%e6%98%a0-film-screening/
Reusing existing connection to utmccf.wordpress.com:443.
HTTP request sent, awaiting response... 200 OK
Length: unspecified [text/html]
Saving to: ‘utmccf.wordpress.com/2010/11/20/1040-影片特映-film-screening/index.html’

     0K .......... .......... .......... .......... ..........  174M
    50K .......... .......... .......... .......... ..........  214M
   100K                                                         719G=0.001s

Last-modified header missing -- time-stamps turned off.
2026-09-23 06:38:32 (193 MB/s) - ‘utmccf.wordpress.com/2010/11/20/1040-影片特映-film-screening/index.html’ saved [102786]

--2026-09-23 06:38:32--  https://utmccf.wordpress.com/2010/11/19/%e6%9f%a5%e7%bb%8fbible-study-%e2%80%93-%e7%ba%a6%e7%bf%b0john-41-26/
Reusing existing connection to utmccf.wordpress.com:443.
HTTP request sent, awaiting response... 200 OK
Length: unspecified [text/html]
Saving to: ‘utmccf.wordpress.com/2010/11/19/查经bible-study-–-约翰john-41-26/index.html’

     0K .......... .......... .......... .......... ..........  117M
    50K .......... .......... .......... .......... ..........  158M
   100K                                                         814G=0.001s

Last-modified header missing -- time-stamps turned off.
2026-09-23 06:38:32 (135 MB/s) - ‘utmccf.wordpress.com/2010/11/19/查经bible-study-–-约翰john-41-26/index.html’ saved [102837]

--2026-09-23 06:38:32--  https://utmccf.wordpress.com/2010/11/12/%e8%bf%90%e5%8a%a8%e4%b9%8b%e5%a4%9csports-night/
Reusing existing connection to utmccf.wordpress.com:443.
HTTP request sent, awaiting response... 200 OK
Length: unspecified [text/html]
Saving to: ‘utmccf.wordpress.com/2010/11/12/运动之夜sports-night/index.html’

     0K .......... .......... .......... .......... ..........  439M
    50K .......... .......... .......... .......... ........    453M=0s

Last-modified header missing -- time-stamps turned off.
2026-09-23 06:38:32 (446 MB/s) - ‘utmccf.wordpress.com/2010/11/12/运动之夜sports-night/index.html’ saved [101167]

--2026-09-23 06:38:32--  https://utmccf.wordpress.com/2010/11/05/%e7%94%b5%e5%bd%b1%ef%bc%9a%e5%a4%a9%e4%bd%9c%e4%b9%8b%e7%9b%92movie-the-miracle-box/
Reusing existing connection to utmccf.wordpress.com:443.
HTTP request sent, awaiting response... 200 OK
Length: unspecified [text/html]
Saving to: ‘utmccf.wordpress.com/2010/11/05/电影：天作之盒movie-the-miracle-box/index.html’

     0K .......... .......... .......... .......... ..........  223M
    50K .......... .......... .......... .......... ..........  234M
   100K .                                                      3.69T=0s

Last-modified header missing -- time-stamps turned off.
2026-09-23 06:38:32 (233 MB/s) - ‘utmccf.wordpress.com/2010/11/05/电影：天作之盒movie-the-miracle-box/index.html’ saved [104431]

--2026-09-23 06:38:32--  https://utmccf.wordpress.com/2010/10/29/%e5%9b%ad%e4%b8%bb%e5%a4%8d%e4%bb%87%e8%ae%b0return-of-the-landlord/
Reusing existing connection to utmccf.wordpress.com:443.
HTTP request sent, awaiting response... 200 OK
Length: unspecified [text/html]
Saving to: ‘utmccf.wordpress.com/2010/10/29/园主复仇记return-of-the-landlord/index.html’

     0K .......... .......... .......... .......... ..........  347M
    50K .......... .......... .......... .......... .........   233M=0s

Last-modified header missing -- time-stamps turned off.
2026-09-23 06:38:32 (279 MB/s) - ‘utmccf.wordpress.com/2010/10/29/园主复仇记return-of-the-landlord/index.html’ saved [101871]

--2026-09-23 06:38:32--  https://utmccf.wordpress.com/2010/10/22/%e6%9f%a5%e7%bb%8fbible-study-%e7%ba%a6%e7%bf%b0john-91-41/
Reusing existing connection to utmccf.wordpress.com:443.
HTTP request sent, awaiting response... 200 OK
Length: unspecified [text/html]
Saving to: ‘utmccf.wordpress.com/2010/10/22/查经bible-study-约翰john-91-41/index.html’

     0K .......... .......... .......... .......... ..........  210M
    50K .......... .......... .......... .......... ..........  158M
   100K .                                                      1.97T=0.001s

Last-modified header missing -- time-stamps turned off.
2026-09-23 06:38:32 (183 MB/s) - ‘utmccf.wordpress.com/2010/10/22/查经bible-study-约翰john-91-41/index.html’ saved [103481]

--2026-09-23 06:38:32--  https://utmccf.wordpress.com/2010/10/15/%e6%9f%a5%e7%bb%8fbible-study-%e7%ba%a6%e7%bf%b0john-31-15/
Reusing existing connection to utmccf.wordpress.com:443.
HTTP request sent, awaiting response... 200 OK
Length: unspecified [text/html]
Saving to: ‘utmccf.wordpress.com/2010/10/15/查经bible-study-约翰john-31-15/index.html’

     0K .......... .......... .......... .......... ..........  265M
    50K .......... .......... .......... .......... ..........  224M
   100K .                                                      2.33T=0s

Last-modified header missing -- time-stamps turned off.
2026-09-23 06:38:32 (246 MB/s) - ‘utmccf.wordpress.com/2010/10/15/查经bible-study-约翰john-31-15/index.html’ saved [103680]

--2026-09-23 06:38:32--  https://utmccf.wordpress.com/2010/10/08/%e6%9f%a5%e7%bb%8fbible-study-%e8%b7%af%e5%8a%a0luke-1711-19/
Reusing existing connection to utmccf.wordpress.com:443.
HTTP request sent, awaiting response... 200 OK
Length: unspecified [text/html]
Saving to: ‘utmccf.wordpress.com/2010/10/08/查经bible-study-路加luke-1711-19/index.html’

     0K .......... .......... .......... .......... ..........  191M
    50K .......... .......... .......... .......... ..........  373M
   100K                                                         289G=0s

Last-modified header missing -- time-stamps turned off.
2026-09-23 06:38:32 (253 MB/s) - ‘utmccf.wordpress.com/2010/10/08/查经bible-study-路加luke-1711-19/index.html’ saved [102555]

--2026-09-23 06:38:32--  https://utmccf.wordpress.com/2010/10/01/%e7%89%b9%e5%88%ab%e8%ae%b2%e5%ba%a7%ef%bc%9a%e8%b6%85%e8%b6%8a%e7%90%86%e6%80%a7%ef%bc%8c%e8%ae%a4%e8%af%86%e7%9c%9f%e7%90%86-surpassing-rationality-and-knowing-the-truth/
Reusing existing connection to utmccf.wordpress.com:443.
HTTP request sent, awaiting response... 200 OK
Length: unspecified [text/html]
Saving to: ‘utmccf.wordpress.com/2010/10/01/特别讲座：超越理性，认识真理-surpassing-rationality-and-knowing-the-truth/index.html’

     0K .......... .......... .......... .......... ..........  284M
    50K .......... .......... .......... .......... ..........  314M
   100K .......... ......                                       442M=0s

Last-modified header missing -- time-stamps turned off.
2026-09-23 06:38:32 (313 MB/s) - ‘utmccf.wordpress.com/2010/10/01/特别讲座：超越理性，认识真理-surpassing-rationality-and-knowing-the-truth/index.html’ saved [119246]

--2026-09-23 06:38:32--  https://utmccf.wordpress.com/2010/09/25/%e6%b9%96%e5%bf%83%e5%b2%9b%e4%b9%8b%e6%b8%b8center-island/
Reusing existing connection to utmccf.wordpress.com:443.
HTTP request sent, awaiting response... 200 OK
Length: unspecified [text/html]
Saving to: ‘utmccf.wordpress.com/2010/09/25/湖心岛之游center-island/index.html’

     0K .......... .......... .......... .......... ..........  395M
    50K .......... .......... .......... .......... ..........  496M
   100K                                                        1002G=0s

Last-modified header missing -- time-stamps turned off.
2026-09-23 06:38:32 (442 MB/s) - ‘utmccf.wordpress.com/2010/09/25/湖心岛之游center-island/index.html’ saved [102938]

--2026-09-23 06:38:32--  https://utmccf.wordpress.com/2010/09/24/%e5%9c%a3%e7%bb%8f%e8%af%9d%e5%89%a7-%e2%80%93-%e7%ba%a6%e7%bf%b0%e7%a6%8f%e9%9f%b311%ef%bc%9a%e8%80%b6%e7%a8%a3%e4%bd%bf%e6%8b%89%e6%92%92%e8%b7%af%e5%a4%8d%e6%b4%bb/
Reusing existing connection to utmccf.wordpress.com:443.
HTTP request sent, awaiting response... 200 OK
Length: unspecified [text/html]
Saving to: ‘utmccf.wordpress.com/2010/09/24/圣经话剧-–-约翰福音11：耶稣使拉撒路复活/index.html’

     0K .......... .......... .......... .......... .......... 73.3M
    50K .......... .......... .......... .......... ..........  468M
   100K .                                                      2.99T=0.001s

Last-modified header missing -- time-stamps turned off.
2026-09-23 06:38:32 (129 MB/s) - ‘utmccf.wordpress.com/2010/09/24/圣经话剧-–-约翰福音11：耶稣使拉撒路复活/index.html’ saved [104044]

--2026-09-23 06:38:32--  https://utmccf.wordpress.com/2010/09/17/%e4%b8%93%e9%a2%98%e8%ae%b2%e5%ba%a7-%e2%80%93-%e6%98%8e%e6%9c%88%e5%87%a0%e6%97%b6%e6%9c%89guest-speaker/
Reusing existing connection to utmccf.wordpress.com:443.
HTTP request sent, awaiting response... 200 OK
Length: unspecified [text/html]
Saving to: ‘utmccf.wordpress.com/2010/09/17/专题讲座-–-明月几时有guest-speaker/index.html’

     0K .......... .......... .......... .......... ..........  271M
    50K .......... .......... .......... .......... ..........  278M
   100K .                                                      1.95T=0s

Last-modified header missing -- time-stamps turned off.
2026-09-23 06:38:32 (278 MB/s) - ‘utmccf.wordpress.com/2010/09/17/专题讲座-–-明月几时有guest-speaker/index.html’ saved [103472]

--2026-09-23 06:38:32--  https://utmccf.wordpress.com/2010/09/11/%e8%b5%9e%e7%be%8e%e4%b9%8b%e6%b3%89%e9%9f%b3%e4%b9%90%e5%b8%83%e9%81%93%e4%bc%9a-streams-of-praise/
Reusing existing connection to utmccf.wordpress.com:443.
HTTP request sent, awaiting response... 200 OK
Length: unspecified [text/html]
Saving to: ‘utmccf.wordpress.com/2010/09/11/赞美之泉音乐布道会-streams-of-praise/index.html’

     0K .......... .......... .......... .......... ..........  366M
    50K .......... .......... .......... .......... ..........  309M
   100K                                                        1.54T=0s

Last-modified header missing -- time-stamps turned off.
2026-09-23 06:38:32 (338 MB/s) - ‘utmccf.wordpress.com/2010/09/11/赞美之泉音乐布道会-streams-of-praise/index.html’ saved [103248]

--2026-09-23 06:38:32--  https://utmccf.wordpress.com/2010/08/27/ktv-outing/
Reusing existing connection to utmccf.wordpress.com:443.
HTTP request sent, awaiting response... 200 OK
Length: unspecified [text/html]
Saving to: ‘utmccf.wordpress.com/2010/08/27/ktv-outing/index.html’

     0K .......... .......... .......... .......... ..........  403M
    50K .......... .......... .......... .......... ........    406M=0s

Last-modified header missing -- time-stamps turned off.
2026-09-23 06:38:32 (405 MB/s) - ‘utmccf.wordpress.com/2010/08/27/ktv-outing/index.html’ saved [100763]

--2026-09-23 06:38:32--  https://utmccf.wordpress.com/2010/08/13/%e5%9c%a3%e7%bb%8f%e8%af%9d%e5%89%a7%ef%bc%88%e7%ba%a61-4%ef%bc%89-bible-skits-john-1-4/
Reusing existing connection to utmccf.wordpress.com:443.
HTTP request sent, awaiting response... 200 OK
Length: unspecified [text/html]
Saving to: ‘utmccf.wordpress.com/2010/08/13/圣经话剧（约1-4）-bible-skits-john-1-4/index.html’

     0K .......... .......... .......... .......... ..........  288M
    50K .......... .......... .......... .......... ..........  333M
   100K                                                         913G=0s

Last-modified header missing -- time-stamps turned off.
2026-09-23 06:38:32 (311 MB/s) - ‘utmccf.wordpress.com/2010/08/13/圣经话剧（约1-4）-bible-skits-john-1-4/index.html’ saved [102890]

--2026-09-23 06:38:32--  https://utmccf.wordpress.com/2010/08/05/%e6%9f%a5%e7%bb%8f%e7%ba%a6-443-54-bible-study-john-443-54/
Reusing existing connection to utmccf.wordpress.com:443.
HTTP request sent, awaiting response... 200 OK
Length: unspecified [text/html]
Saving to: ‘utmccf.wordpress.com/2010/08/05/查经约-443-54-bible-study-john-443-54/index.html’

     0K .......... .......... .......... .......... .......... 88.8M
    50K .......... .......... .......... .......... .........   372M=0.001s

Last-modified header missing -- time-stamps turned off.
2026-09-23 06:38:32 (143 MB/s) - ‘utmccf.wordpress.com/2010/08/05/查经约-443-54-bible-study-john-443-54/index.html’ saved [102148]

--2026-09-23 06:38:32--  https://utmccf.wordpress.com/2010/07/30/%e6%9f%a5%e7%bb%8f%e7%ba%a6-427-42-bible-study-john-427-42/
Reusing existing connection to utmccf.wordpress.com:443.
HTTP request sent, awaiting response... 200 OK
Length: unspecified [text/html]
Saving to: ‘utmccf.wordpress.com/2010/07/30/查经约-427-42-bible-study-john-427-42/index.html’

     0K .......... .......... .......... .......... .......... 46.5M
    50K .......... .......... .......... .......... .........   505M=0.001s

Last-modified header missing -- time-stamps turned off.
2026-09-23 06:38:32 (85.2 MB/s) - ‘utmccf.wordpress.com/2010/07/30/查经约-427-42-bible-study-john-427-42/index.html’ saved [102375]

--2026-09-23 06:38:32--  https://utmccf.wordpress.com/2010/07/23/%e6%9f%a5%e7%bb%8f%e7%ba%a6-41-26-bible-study-john-41-26/
Reusing existing connection to utmccf.wordpress.com:443.
HTTP request sent, awaiting response... 200 OK
Length: unspecified [text/html]
Saving to: ‘utmccf.wordpress.com/2010/07/23/查经约-41-26-bible-study-john-41-26/index.html’

     0K .......... .......... .......... .......... ..........  153M
    50K .......... .......... .......... .......... ..........  104M
   100K                                                        1.53T=0.001s

Last-modified header missing -- time-stamps turned off.
2026-09-23 06:38:32 (125 MB/s) - ‘utmccf.wordpress.com/2010/07/23/查经约-41-26-bible-study-john-41-26/index.html’ saved [103242]

--2026-09-23 06:38:32--  https://utmccf.wordpress.com/2010/07/16/%e6%9f%a5%e7%bb%8f%e7%ba%a6-322-26-bible-study-john-322-26/
Reusing existing connection to utmccf.wordpress.com:443.
HTTP request sent, awaiting response... 200 OK
Length: unspecified [text/html]
Saving to: ‘utmccf.wordpress.com/2010/07/16/查经约-322-26-bible-study-john-322-26/index.html’

     0K .......... .......... .......... .......... ..........  181M
    50K .......... .......... .......... .......... .........   417M=0s

Last-modified header missing -- time-stamps turned off.
2026-09-23 06:38:32 (251 MB/s) - ‘utmccf.wordpress.com/2010/07/16/查经约-322-26-bible-study-john-322-26/index.html’ saved [101733]

--2026-09-23 06:38:32--  https://utmccf.wordpress.com/2010/07/09/%e6%9f%a5%e7%bb%8f%e7%ba%a6-31-21-bible-study-john-31-21/
Reusing existing connection to utmccf.wordpress.com:443.
HTTP request sent, awaiting response... 200 OK
Length: unspecified [text/html]
Saving to: ‘utmccf.wordpress.com/2010/07/09/查经约-31-21-bible-study-john-31-21/index.html’

     0K .......... .......... .......... .......... ..........  344M
    50K .......... .......... .......... .......... .........   258M=0s

Last-modified header missing -- time-stamps turned off.
2026-09-23 06:38:32 (295 MB/s) - ‘utmccf.wordpress.com/2010/07/09/查经约-31-21-bible-study-john-31-21/index.html’ saved [102147]

--2026-09-23 06:38:32--  https://utmccf.wordpress.com/2010/06/18/%e6%9f%a5%e7%bb%8f%e7%ba%a6-212-25-bible-study-john-212-25/
Reusing existing connection to utmccf.wordpress.com:443.
HTTP request sent, awaiting response... 200 OK
Length: unspecified [text/html]
Saving to: ‘utmccf.wordpress.com/2010/06/18/查经约-212-25-bible-study-john-212-25/index.html’

     0K .......... .......... .......... .......... ..........  323M
    50K .......... .......... .......... .......... .........   276M=0s

Last-modified header missing -- time-stamps turned off.
2026-09-23 06:38:32 (298 MB/s) - ‘utmccf.wordpress.com/2010/06/18/查经约-212-25-bible-study-john-212-25/index.html’ saved [101569]

--2026-09-23 06:38:32--  https://utmccf.wordpress.com/2010/06/11/%e6%9f%a5%e7%bb%8f%e7%ba%a6-21-11-bible-study-john-21-11/
Reusing existing connection to utmccf.wordpress.com:443.
HTTP request sent, awaiting response... 200 OK
Length: unspecified [text/html]
Saving to: ‘utmccf.wordpress.com/2010/06/11/查经约-21-11-bible-study-john-21-11/index.html’

     0K .......... .......... .......... .......... ..........  222M
    50K .......... .......... .......... .......... .........   172M=0s

Last-modified header missing -- time-stamps turned off.
2026-09-23 06:38:32 (194 MB/s) - ‘utmccf.wordpress.com/2010/06/11/查经约-21-11-bible-study-john-21-11/index.html’ saved [101754]

--2026-09-23 06:38:32--  https://utmccf.wordpress.com/2010/06/04/%e6%9f%a5%e7%bb%8f%e7%ba%a6-135-50-bible-study-john-135-50/
Reusing existing connection to utmccf.wordpress.com:443.
HTTP request sent, awaiting response... 200 OK
Length: unspecified [text/html]
Saving to: ‘utmccf.wordpress.com/2010/06/04/查经约-135-50-bible-study-john-135-50/index.html’

     0K .......... .......... .......... .......... ..........  460M
    50K .......... .......... .......... .......... .........   286M=0s

Last-modified header missing -- time-stamps turned off.
2026-09-23 06:38:32 (353 MB/s) - ‘utmccf.wordpress.com/2010/06/04/查经约-135-50-bible-study-john-135-50/index.html’ saved [101381]

--2026-09-23 06:38:32--  https://utmccf.wordpress.com/2010/05/28/%e6%9f%a5%e7%bb%8f-%e7%ba%a6-119-34-bible-study-john-119-34/
Reusing existing connection to utmccf.wordpress.com:443.
HTTP request sent, awaiting response... 200 OK
Length: unspecified [text/html]
Saving to: ‘utmccf.wordpress.com/2010/05/28/查经-约-119-34-bible-study-john-119-34/index.html’

     0K .......... .......... .......... .......... ..........  147M
    50K .......... .......... .......... .......... .........   205M=0.001s

Last-modified header missing -- time-stamps turned off.
2026-09-23 06:38:32 (171 MB/s) - ‘utmccf.wordpress.com/2010/05/28/查经-约-119-34-bible-study-john-119-34/index.html’ saved [102331]

--2026-09-23 06:38:32--  https://utmccf.wordpress.com/2010/05/21/%e6%9f%a5%e7%bb%8f%e3%80%8a%e7%ba%a6%e7%bf%b0%e7%a6%8f%e9%9f%b3%e3%80%8b-bible-study-the-book-of-john/
Reusing existing connection to utmccf.wordpress.com:443.
HTTP request sent, awaiting response... 200 OK
Length: unspecified [text/html]
Saving to: ‘utmccf.wordpress.com/2010/05/21/查经《约翰福音》-bible-study-the-book-of-john/index.html’

     0K .......... .......... .......... .......... ..........  207M
    50K .......... .......... .......... .......... ..........  216M
   100K .                                                      2.19T=0s

Last-modified header missing -- time-stamps turned off.
2026-09-23 06:38:32 (214 MB/s) - ‘utmccf.wordpress.com/2010/05/21/查经《约翰福音》-bible-study-the-book-of-john/index.html’ saved [103602]

--2026-09-23 06:38:32--  https://utmccf.wordpress.com/2010/04/02/%e6%9c%ac%e5%91%a8%e8%b5%b7%e5%9b%a2%e5%a5%91%e6%b4%bb%e5%8a%a8%e6%9a%82%e5%81%9c-no-fellowship-this-friday/
Reusing existing connection to utmccf.wordpress.com:443.
HTTP request sent, awaiting response... 200 OK
Length: unspecified [text/html]
Saving to: ‘utmccf.wordpress.com/2010/04/02/本周起团契活动暂停-no-fellowship-this-friday/index.html’

     0K .......... .......... .......... .......... ..........  211M
    50K .......... .......... .......... .......... ..........  212M
   100K .                                                      1.95T=0s

Last-modified header missing -- time-stamps turned off.
2026-09-23 06:38:32 (214 MB/s) - ‘utmccf.wordpress.com/2010/04/02/本周起团契活动暂停-no-fellowship-this-friday/index.html’ saved [103472]

--2026-09-23 06:38:32--  https://utmccf.wordpress.com/2010/03/26/%e6%95%ac%e6%8b%9c%e4%b9%8b%e5%a4%9c-worship-night-2/
Reusing existing connection to utmccf.wordpress.com:443.
HTTP request sent, awaiting response... 200 OK
Length: unspecified [text/html]
Saving to: ‘utmccf.wordpress.com/2010/03/26/敬拜之夜-worship-night-2/index.html’

     0K .......... .......... .......... .......... ..........  423M
    50K .......... .......... .......... .......... ..........  503M
   100K                                                         574G=0s

Last-modified header missing -- time-stamps turned off.
2026-09-23 06:38:32 (461 MB/s) - ‘utmccf.wordpress.com/2010/03/26/敬拜之夜-worship-night-2/index.html’ saved [102708]

--2026-09-23 06:38:32--  https://utmccf.wordpress.com/2010/03/19/%e6%9f%a5%e7%bb%8f%e4%bd%9c%e9%97%a8%e5%be%92-bible-study-being-a-disciple/
Reusing existing connection to utmccf.wordpress.com:443.
HTTP request sent, awaiting response... 200 OK
Length: unspecified [text/html]
Saving to: ‘utmccf.wordpress.com/2010/03/19/查经作门徒-bible-study-being-a-disciple/index.html’

     0K .......... .......... .......... .......... ..........  418M
    50K .......... .......... .......... .......... ..........  421M
   100K ...                                                    5.81T=0s

Last-modified header missing -- time-stamps turned off.
2026-09-23 06:38:32 (432 MB/s) - ‘utmccf.wordpress.com/2010/03/19/查经作门徒-bible-study-being-a-disciple/index.html’ saved [105593]

--2026-09-23 06:38:32--  https://utmccf.wordpress.com/2010/03/12/%e8%ae%b2%e5%91%98%e4%bf%a1%e6%81%af%e5%9c%a8%e7%9c%9f%e7%90%86%e4%b8%ad%e5%be%97%e8%87%aa%e7%94%b1-speaker-topic-the-truth-will-set-you-free/
Reusing existing connection to utmccf.wordpress.com:443.
HTTP request sent, awaiting response... 200 OK
Length: unspecified [text/html]
Saving to: ‘utmccf.wordpress.com/2010/03/12/讲员信息在真理中得自由-speaker-topic-the-truth-will-set-you-free/index.html’

     0K .......... .......... .......... .......... ..........  151M
    50K .......... .......... .......... .......... ..........  477M
   100K .                                                      2.60T=0s

Last-modified header missing -- time-stamps turned off.
2026-09-23 06:38:32 (232 MB/s) - ‘utmccf.wordpress.com/2010/03/12/讲员信息在真理中得自由-speaker-topic-the-truth-will-set-you-free/index.html’ saved [103827]

--2026-09-23 06:38:32--  https://utmccf.wordpress.com/2010/03/10/special-event-the-veritas-forum/
Reusing existing connection to utmccf.wordpress.com:443.
HTTP request sent, awaiting response... 200 OK
Length: unspecified [text/html]
Saving to: ‘utmccf.wordpress.com/2010/03/10/special-event-the-veritas-forum/index.html’

     0K .......... .......... .......... .......... ..........  189M
    50K .......... .......... .......... .......... ..........  224M
   100K .                                                      2.05T=0s

Last-modified header missing -- time-stamps turned off.
2026-09-23 06:38:32 (207 MB/s) - ‘utmccf.wordpress.com/2010/03/10/special-event-the-veritas-forum/index.html’ saved [103528]

--2026-09-23 06:38:32--  https://utmccf.wordpress.com/2010/03/05/%e6%9f%a5%e7%bb%8f%e5%96%84%e7%94%a8%e6%97%b6%e9%97%b4%e4%b8%8e%e6%81%a9%e8%b5%90-bible-study-using-time-and-gifts-well/
Reusing existing connection to utmccf.wordpress.com:443.
HTTP request sent, awaiting response... 200 OK
Length: unspecified [text/html]
Saving to: ‘utmccf.wordpress.com/2010/03/05/查经善用时间与恩赐-bible-study-using-time-and-gifts-well/index.html’

     0K .......... .......... .......... .......... ..........  246M
    50K .......... .......... .......... .......... .......... 60.9M
   100K .                                                      2.35T=0.001s

Last-modified header missing -- time-stamps turned off.
2026-09-23 06:38:32 (98.9 MB/s) - ‘utmccf.wordpress.com/2010/03/05/查经善用时间与恩赐-bible-study-using-time-and-gifts-well/index.html’ saved [103690]

--2026-09-23 06:38:32--  https://utmccf.wordpress.com/2010/02/26/%e6%9f%a5%e7%bb%8f%e3%80%8a%e8%80%b6%e7%a8%a3%e6%98%af%e8%b0%81%ef%bc%9f%e3%80%8bbible-study-topic-%e2%80%9cwho-is-jesus-christ%e2%80%9d/
Reusing existing connection to utmccf.wordpress.com:443.
HTTP request sent, awaiting response... 200 OK
Length: unspecified [text/html]
Saving to: ‘utmccf.wordpress.com/2010/02/26/查经《耶稣是谁？》bible-study-topic-“who-is-jesus-christ”/index.html’

     0K .......... .......... .......... .......... ..........  250M
    50K .......... .......... .......... .......... ..........  379M
   100K .                                                      2.41T=0s

Last-modified header missing -- time-stamps turned off.
2026-09-23 06:38:32 (305 MB/s) - ‘utmccf.wordpress.com/2010/02/26/查经《耶稣是谁？》bible-study-topic-“who-is-jesus-christ”/index.html’ saved [103727]

--2026-09-23 06:38:32--  https://utmccf.wordpress.com/2010/02/15/%e6%98%9f%e6%9c%9f%e4%b8%80%e7%9a%84%e6%96%b0%e5%b9%b4%e5%8c%85%e9%a5%ba%e5%ad%90%e6%b4%bb%e5%8a%a8/
Reusing existing connection to utmccf.wordpress.com:443.
HTTP request sent, awaiting response... 200 OK
Length: unspecified [text/html]
Saving to: ‘utmccf.wordpress.com/2010/02/15/星期一的新年包饺子活动/index.html’

     0K .......... .......... .......... .......... ..........  128M
    50K .......... .......... .......... .......... ..........  181M
   100K                                                         464G=0.001s

Last-modified header missing -- time-stamps turned off.
2026-09-23 06:38:32 (151 MB/s) - ‘utmccf.wordpress.com/2010/02/15/星期一的新年包饺子活动/index.html’ saved [102649]

--2026-09-23 06:38:32--  https://utmccf.wordpress.com/2010/02/12/%e6%83%85%e4%ba%ba%e8%8a%82valentines-day/
Reusing existing connection to utmccf.wordpress.com:443.
HTTP request sent, awaiting response... 200 OK
Length: unspecified [text/html]
Saving to: ‘utmccf.wordpress.com/2010/02/12/情人节valentines-day/index.html’

     0K .......... .......... .......... .......... ..........  179M
    50K .......... .......... .......... .......... ..........  180M
   100K ...                                                    6.56T=0.001s

Last-modified header missing -- time-stamps turned off.
2026-09-23 06:38:32 (186 MB/s) - ‘utmccf.wordpress.com/2010/02/12/情人节valentines-day/index.html’ saved [106004]

--2026-09-23 06:38:32--  https://utmccf.wordpress.com/2010/02/05/%e6%9f%a5%e7%bb%8f%e3%80%8a%e7%bd%aa%e3%80%8bbible-study-topic-sin/
Reusing existing connection to utmccf.wordpress.com:443.
HTTP request sent, awaiting response... 200 OK
Length: unspecified [text/html]
Saving to: ‘utmccf.wordpress.com/2010/02/05/查经《罪》bible-study-topic-sin/index.html’

     0K .......... .......... .......... .......... ..........  406M
    50K .......... .......... .......... .......... ..........  512M
   100K .                                                      2.92T=0s

Last-modified header missing -- time-stamps turned off.
2026-09-23 06:38:32 (460 MB/s) - ‘utmccf.wordpress.com/2010/02/05/查经《罪》bible-study-topic-sin/index.html’ saved [104006]

--2026-09-23 06:38:32--  https://utmccf.wordpress.com/2010/01/29/%e2%80%9c%e8%bf%90%e5%8a%a8%e4%b9%8b%e5%a4%9c%e2%80%9d%e4%b9%8b%e8%8b%b1%e5%bc%8f%e5%a5%b3%e7%af%ae-sports-night-netball/
Reusing existing connection to utmccf.wordpress.com:443.
HTTP request sent, awaiting response... 200 OK
Length: unspecified [text/html]
Saving to: ‘utmccf.wordpress.com/2010/01/29/“运动之夜”之英式女篮-sports-night-netball/index.html’

     0K .......... .......... .......... .......... ..........  204M
    50K .......... .......... .......... .......... ..........  122M
   100K .                                                      2.67T=0.001s

Last-modified header missing -- time-stamps turned off.
2026-09-23 06:38:32 (155 MB/s) - ‘utmccf.wordpress.com/2010/01/29/“运动之夜”之英式女篮-sports-night-netball/index.html’ saved [103870]

--2026-09-23 06:38:32--  https://utmccf.wordpress.com/2010/01/22/%e8%ae%b2%e5%91%98%e4%bf%a1%e6%81%af%e3%80%8a%e7%a6%8f%e9%9f%b3%e4%b8%8e%e6%9f%a5%e7%bb%8f%e3%80%8b-speaker-sermon-the-gospel-and-bible-study/
Reusing existing connection to utmccf.wordpress.com:443.
HTTP request sent, awaiting response... 200 OK
Length: unspecified [text/html]
Saving to: ‘utmccf.wordpress.com/2010/01/22/讲员信息《福音与查经》-speaker-sermon-the-gospel-and-bible-study/index.html’

     0K .......... .......... .......... .......... .......... 78.6M
    50K .......... .......... .......... .......... ..........  125M
   100K ...                                                    6.34T=0.001s

Last-modified header missing -- time-stamps turned off.
2026-09-23 06:38:32 (100 MB/s) - ‘utmccf.wordpress.com/2010/01/22/讲员信息《福音与查经》-speaker-sermon-the-gospel-and-bible-study/index.html’ saved [105888]

--2026-09-23 06:38:32--  https://utmccf.wordpress.com/2010/page/2/
Reusing existing connection to utmccf.wordpress.com:443.
HTTP request sent, awaiting response... 200 OK
Length: unspecified [text/html]
Saving to: ‘utmccf.wordpress.com/2010/page/2/index.html’

     0K .......... .......... .......... .......... ..........  210M
    50K .......... .......... .......... .......... .....       119M=0.001s

Last-modified header missing -- time-stamps turned off.
2026-09-23 06:38:32 (154 MB/s) - ‘utmccf.wordpress.com/2010/page/2/index.html’ saved [97973]

The destination name is too long (291), reducing to 236
--2026-09-23 06:38:33--  https://utmccf.wordpress.com/_static/??-eJydT8tOw0AM/CG2VlMheqn4FLTZdYITr72KvQ38PUFqAfVQVZysGc9DA2sNScVRHHrWMVRuI4nBqkuO2ULiaIYG00ZF53DudpM9wR9bab8myiO6AbbtqzNh4LiCY6kcHW/4OzkTeo1pvmAoqgJvJAn6RpyBZCAhx2BpUeYr/twVkttUf8eyNdfWA+Yta9sh8UxjdNJHxDZTDUwyh0FTszDQxwOu7/v/fSku2gz5R3clLgNfy2n/cnzuusNhf5y+AKl1p7I=
Reusing existing connection to utmccf.wordpress.com:443.
HTTP request sent, awaiting response... 200 OK
Length: 98672 (96K) [application/javascript]
Saving to: ‘utmccf.wordpress.com/_static/index.html@%3F-eJydT8tOw0AM%2FCG2VlMheqn4FLTZdYITr72KvQ38PUFqAfVQVZysGc9DA2sNScVRHHrWMVRuI4nBqkuO2ULiaIYG00ZF53DudpM9wR9bab8myiO6AbbtqzNh4LiCY6kcHW%2F4OzkTeo1pvmAoqgJvJAn6RpyBZCAhx2BpUeYr%2FtwVkttUf8eyNdfWA+Yta9sh8UxjdNJHxDZTDUwyh0FTszD’

     0K .......... .......... .......... .......... .......... 51%  193M 0s
    50K .......... .......... .......... .......... ......    100%  201M=0s

2026-09-23 06:38:33 (197 MB/s) - ‘utmccf.wordpress.com/_static/index.html@%3F-eJydT8tOw0AM%2FCG2VlMheqn4FLTZdYITr72KvQ38PUFqAfVQVZysGc9DA2sNScVRHHrWMVRuI4nBqkuO2ULiaIYG00ZF53DudpM9wR9bab8myiO6AbbtqzNh4LiCY6kcHW%2F4OzkTeo1pvmAoqgJvJAn6RpyBZCAhx2BpUeYr%2FtwVkttUf8eyNdfWA+Yta9sh8UxjdNJHxDZTDUwyh0FTszD’ saved [98672/98672]

--2026-09-23 06:38:33--  https://utmccf.wordpress.com/wp-content/mu-plugins/jetpack-plugin/moon/_inc/build/tiled-gallery/tiled-gallery/tiled-gallery.min.js?m=1755006225i&ver=16.3-a.0
Reusing existing connection to utmccf.wordpress.com:443.
HTTP request sent, awaiting response... 200 OK
Length: 3017 (2.9K) [application/javascript]
Saving to: ‘utmccf.wordpress.com/wp-content/mu-plugins/jetpack-plugin/moon/_inc/build/tiled-gallery/tiled-gallery/tiled-gallery.min.js@m=1755006225i&ver=16.3-a.0’

     0K ..                                                    100% 17.6G=0s

2026-09-23 06:38:33 (17.6 GB/s) - ‘utmccf.wordpress.com/wp-content/mu-plugins/jetpack-plugin/moon/_inc/build/tiled-gallery/tiled-gallery/tiled-gallery.min.js@m=1755006225i&ver=16.3-a.0’ saved [3017/3017]

--2026-09-23 06:38:33--  https://utmccf.wordpress.com/2009/12/17/%e5%85%8d%e8%b4%b9%e5%9c%a3%e8%af%9e%e8%8a%82%e6%99%9a%e9%a4%90-free-christmas-dinner/
Reusing existing connection to utmccf.wordpress.com:443.
HTTP request sent, awaiting response... 200 OK
Length: unspecified [text/html]
Saving to: ‘utmccf.wordpress.com/2009/12/17/免费圣诞节晚餐-free-christmas-dinner/index.html’

     0K .......... .......... .......... .......... ..........  357M
    50K .......... .......... .......... .......... ..........  128M
   100K ...                                                    6.86T=0.001s

Last-modified header missing -- time-stamps turned off.
2026-09-23 06:38:33 (195 MB/s) - ‘utmccf.wordpress.com/2009/12/17/免费圣诞节晚餐-free-christmas-dinner/index.html’ saved [106171]

--2026-09-23 06:38:33--  https://utmccf.wordpress.com/2009/11/27/%e6%95%ac%e6%8b%9c%e4%b9%8b%e5%a4%9c-worship-night/
Reusing existing connection to utmccf.wordpress.com:443.
HTTP request sent, awaiting response... 200 OK
Length: unspecified [text/html]
Saving to: ‘utmccf.wordpress.com/2009/11/27/敬拜之夜-worship-night/index.html’

     0K .......... .......... .......... .......... ..........  252M
    50K .......... .......... .......... .......... ..........  133M
   100K                                                         233G=0.001s

Last-modified header missing -- time-stamps turned off.
2026-09-23 06:38:33 (175 MB/s) - ‘utmccf.wordpress.com/2009/11/27/敬拜之夜-worship-night/index.html’ saved [102525]

--2026-09-23 06:38:33--  https://utmccf.wordpress.com/2009/11/20/unity-coffeehouse/
Reusing existing connection to utmccf.wordpress.com:443.
HTTP request sent, awaiting response... 200 OK
Length: unspecified [text/html]
Saving to: ‘utmccf.wordpress.com/2009/11/20/unity-coffeehouse/index.html’

     0K .......... .......... .......... .......... .......... 82.7M
    50K .......... .......... .......... .......... ..........  220M
   100K ..                                                     4.43T=0.001s

Last-modified header missing -- time-stamps turned off.
2026-09-23 06:38:33 (123 MB/s) - ‘utmccf.wordpress.com/2009/11/20/unity-coffeehouse/index.html’ saved [104838]

--2026-09-23 06:38:33--  https://utmccf.wordpress.com/2009/11/13/%e7%9c%8b%e7%94%b5%e5%bd%b1%e4%bb%a5%e5%8f%8a%e5%88%86%e4%ba%ab-short-film-viewing-and-sharing/
Reusing existing connection to utmccf.wordpress.com:443.
HTTP request sent, awaiting response... 200 OK
Length: unspecified [text/html]
Saving to: ‘utmccf.wordpress.com/2009/11/13/看电影以及分享-short-film-viewing-and-sharing/index.html’

     0K .......... .......... .......... .......... ..........  231M
    50K .......... .......... .......... .......... ..........  486M
   100K                                                         970G=0s

Last-modified header missing -- time-stamps turned off.
2026-09-23 06:38:33 (315 MB/s) - ‘utmccf.wordpress.com/2009/11/13/看电影以及分享-short-film-viewing-and-sharing/index.html’ saved [102921]

--2026-09-23 06:38:33--  https://utmccf.wordpress.com/2009/11/04/%e5%b8%83%e9%81%93%e4%bc%9a%ef%bc%9a%e4%bd%a0%e6%83%b3%e5%9c%a8%e6%b0%b8%e6%81%92%e7%88%b1%e4%b8%ad%e6%88%90%e9%95%bf%e5%90%97%ef%bc%9fdo-you-want-to-grow-in-eternal-love/
Reusing existing connection to utmccf.wordpress.com:443.
HTTP request sent, awaiting response... 200 OK
Length: unspecified [text/html]
Saving to: ‘utmccf.wordpress.com/2009/11/04/布道会：你想在永恒爱中成长吗？do-you-want-to-grow-in-eternal-love/index.html’

     0K .......... .......... .......... .......... ..........  108M
    50K .......... .......... .......... .......... ..........  212M
   100K .                                                      2.80T=0.001s

Last-modified header missing -- time-stamps turned off.
2026-09-23 06:38:33 (146 MB/s) - ‘utmccf.wordpress.com/2009/11/04/布道会：你想在永恒爱中成长吗？do-you-want-to-grow-in-eternal-love/index.html’ saved [103941]

--2026-09-23 06:38:33--  https://utmccf.wordpress.com/2009/10/30/%e7%9c%8b%e5%b0%8f%e7%94%b5%e5%bd%b1%e4%bb%a5%e5%8f%8a%e5%88%86%e4%ba%ab-short-film-viewing-and-sharing/
Reusing existing connection to utmccf.wordpress.com:443.
HTTP request sent, awaiting response... 200 OK
Length: unspecified [text/html]
Saving to: ‘utmccf.wordpress.com/2009/10/30/看小电影以及分享-short-film-viewing-and-sharing/index.html’

     0K .......... .......... .......... .......... ..........  317M
    50K .......... .......... .......... .......... ..........  355M
   100K                                                         603G=0s

Last-modified header missing -- time-stamps turned off.
2026-09-23 06:38:33 (336 MB/s) - ‘utmccf.wordpress.com/2009/10/30/看小电影以及分享-short-film-viewing-and-sharing/index.html’ saved [102724]

--2026-09-23 06:38:33--  https://utmccf.wordpress.com/2009/10/23/%e4%bb%80%e4%b9%88%e6%98%af%e5%bc%82%e7%ab%af%e5%91%a2%ef%bc%9fwhat-is-a-heresy%ef%bc%9f/
Reusing existing connection to utmccf.wordpress.com:443.
HTTP request sent, awaiting response... 200 OK
Length: unspecified [text/html]
Saving to: ‘utmccf.wordpress.com/2009/10/23/什么是异端呢？what-is-a-heresy？/index.html’

     0K .......... .......... .......... .......... ..........  218M
    50K .......... .......... .......... .......... .........   341M=0s

Last-modified header missing -- time-stamps turned off.
2026-09-23 06:38:33 (265 MB/s) - ‘utmccf.wordpress.com/2009/10/23/什么是异端呢？what-is-a-heresy？/index.html’ saved [101831]

--2026-09-23 06:38:33--  https://utmccf.wordpress.com/2009/10/16/outreach-ministry-ccf/
Reusing existing connection to utmccf.wordpress.com:443.
HTTP request sent, awaiting response... 200 OK
Length: unspecified [text/html]
Saving to: ‘utmccf.wordpress.com/2009/10/16/outreach-ministry-ccf/index.html’

     0K .......... .......... .......... .......... ..........  397M
    50K .......... .......... .......... .......... ........    470M=0s

Last-modified header missing -- time-stamps turned off.
2026-09-23 06:38:33 (430 MB/s) - ‘utmccf.wordpress.com/2009/10/16/outreach-ministry-ccf/index.html’ saved [100602]

--2026-09-23 06:38:33--  https://utmccf.wordpress.com/2009/10/16/%e4%bb%80%e4%b9%88%e6%98%af%e5%9c%a8%e8%80%b6%e7%a8%a3%e5%9f%ba%e7%9d%a3%e9%87%8c%e7%9a%84%e6%b0%b8%e7%94%9f%e5%91%a2-what-is-eternal-life-in-jesus-christ/
Reusing existing connection to utmccf.wordpress.com:443.
HTTP request sent, awaiting response... 200 OK
Length: unspecified [text/html]
Saving to: ‘utmccf.wordpress.com/2009/10/16/什么是在耶稣基督里的永生呢-what-is-eternal-life-in-jesus-christ/index.html’

     0K .......... .......... .......... .......... ..........  414M
    50K .......... .......... .......... .......... ..........  428M
   100K ...                                                    5.86T=0s

Last-modified header missing -- time-stamps turned off.
2026-09-23 06:38:33 (434 MB/s) - ‘utmccf.wordpress.com/2009/10/16/什么是在耶稣基督里的永生呢-what-is-eternal-life-in-jesus-christ/index.html’ saved [105623]

--2026-09-23 06:38:33--  https://utmccf.wordpress.com/2009/10/12/%e6%84%9f%e6%81%a9%e8%8a%82%e7%9a%84%e8%81%9a%e9%a4%90%e6%9c%8d%e4%be%8d-thanksgiving-outreach-opportunity/
Reusing existing connection to utmccf.wordpress.com:443.
HTTP request sent, awaiting response... 200 OK
Length: unspecified [text/html]
Saving to: ‘utmccf.wordpress.com/2009/10/12/感恩节的聚餐服侍-thanksgiving-outreach-opportunity/index.html’

     0K .......... .......... .......... .......... ..........  110M
    50K .......... .......... .......... .......... ..........  457M
   100K ..                                                     4.04T=0.001s

Last-modified header missing -- time-stamps turned off.
2026-09-23 06:38:33 (181 MB/s) - ‘utmccf.wordpress.com/2009/10/12/感恩节的聚餐服侍-thanksgiving-outreach-opportunity/index.html’ saved [104621]

--2026-09-23 06:38:33--  https://utmccf.wordpress.com/2009/10/09/%e7%9f%ad%e5%ae%a3%e5%88%86%e4%ba%ab%e5%92%8c%e6%95%99%e4%bc%9a%e4%bb%8b%e7%bb%8d-missions-trip-sharing-and-church-introduction/
Reusing existing connection to utmccf.wordpress.com:443.
HTTP request sent, awaiting response... 200 OK
Length: unspecified [text/html]
Saving to: ‘utmccf.wordpress.com/2009/10/09/短宣分享和教会介绍-missions-trip-sharing-and-church-introduction/index.html’

     0K .......... .......... .......... .......... ..........  417M
    50K .......... .......... .......... .......... ..........  379M
   100K ..                                                     3.95T=0s

Last-modified header missing -- time-stamps turned off.
2026-09-23 06:38:33 (405 MB/s) - ‘utmccf.wordpress.com/2009/10/09/短宣分享和教会介绍-missions-trip-sharing-and-church-introduction/index.html’ saved [104572]

--2026-09-23 06:38:33--  https://utmccf.wordpress.com/2009/10/02/%e8%b5%9e%e7%be%8e%e4%b9%8b%e6%b3%89%e9%9f%b3%e4%b9%90%e5%b8%83%e9%81%93%e4%bc%9astream-of-praise-evangelical-concert/
Reusing existing connection to utmccf.wordpress.com:443.
HTTP request sent, awaiting response... 200 OK
Length: unspecified [text/html]
Saving to: ‘utmccf.wordpress.com/2009/10/02/赞美之泉音乐布道会stream-of-praise-evangelical-concert/index.html’

     0K .......... .......... .......... .......... ..........  413M
    50K .......... .......... .......... .......... ..........  376M
   100K .                                                      3.56T=0s

Last-modified header missing -- time-stamps turned off.
2026-09-23 06:38:33 (401 MB/s) - ‘utmccf.wordpress.com/2009/10/02/赞美之泉音乐布道会stream-of-praise-evangelical-concert/index.html’ saved [104355]

--2026-09-23 06:38:33--  https://utmccf.wordpress.com/2009/09/25/%e6%8b%9b%e5%a8%a3%e7%9a%84%e6%95%85%e4%ba%8b-the-story-of-joseph/
Reusing existing connection to utmccf.wordpress.com:443.
HTTP request sent, awaiting response... 200 OK
Length: unspecified [text/html]
Saving to: ‘utmccf.wordpress.com/2009/09/25/招娣的故事-the-story-of-joseph/index.html’

     0K .......... .......... .......... .......... ..........  225M
    50K .......... .......... .......... .......... ..........  253M
   100K                                                         611G=0s

Last-modified header missing -- time-stamps turned off.
2026-09-23 06:38:33 (239 MB/s) - ‘utmccf.wordpress.com/2009/09/25/招娣的故事-the-story-of-joseph/index.html’ saved [102728]

--2026-09-23 06:38:33--  https://utmccf.wordpress.com/2009/09/18/%e5%b8%83%e9%81%93%e4%bc%9a-coffee-house/
Reusing existing connection to utmccf.wordpress.com:443.
HTTP request sent, awaiting response... 200 OK
Length: unspecified [text/html]
Saving to: ‘utmccf.wordpress.com/2009/09/18/布道会-coffee-house/index.html’

     0K .......... .......... .......... .......... ..........  337M
    50K .......... .......... .......... .......... .........   354M=0s

Last-modified header missing -- time-stamps turned off.
2026-09-23 06:38:33 (346 MB/s) - ‘utmccf.wordpress.com/2009/09/18/布道会-coffee-house/index.html’ saved [101422]

--2026-09-23 06:38:33--  https://utmccf.wordpress.com/2009/09/11/mccf-orientation/
Reusing existing connection to utmccf.wordpress.com:443.
HTTP request sent, awaiting response... 200 OK
Length: unspecified [text/html]
Saving to: ‘utmccf.wordpress.com/2009/09/11/mccf-orientation/index.html’

     0K .......... .......... .......... .......... ..........  386M
    50K .......... .......... .......... .......... ........    459M=0s

Last-modified header missing -- time-stamps turned off.
2026-09-23 06:38:33 (419 MB/s) - ‘utmccf.wordpress.com/2009/09/11/mccf-orientation/index.html’ saved [101345]

--2026-09-23 06:38:33--  https://utmccf.wordpress.com/2009/09/04/u-t-s-u-clubs-day/
Reusing existing connection to utmccf.wordpress.com:443.
HTTP request sent, awaiting response... 200 OK
Length: unspecified [text/html]
Saving to: ‘utmccf.wordpress.com/2009/09/04/u-t-s-u-clubs-day/index.html’

     0K .......... .......... .......... .......... ..........  163M
    50K .......... .......... .......... .......... ........    477M=0s

Last-modified header missing -- time-stamps turned off.
2026-09-23 06:38:33 (241 MB/s) - ‘utmccf.wordpress.com/2009/09/04/u-t-s-u-clubs-day/index.html’ saved [100986]

--2026-09-23 06:38:33--  https://utmccf.wordpress.com/2009/08/13/clubs-day-prep/
Reusing existing connection to utmccf.wordpress.com:443.
HTTP request sent, awaiting response... 200 OK
Length: unspecified [text/html]
Saving to: ‘utmccf.wordpress.com/2009/08/13/clubs-day-prep/index.html’

     0K .......... .......... .......... .......... ..........  359M
    50K .......... .......... .......... .......... .......     416M=0s

Last-modified header missing -- time-stamps turned off.
2026-09-23 06:38:33 (385 MB/s) - ‘utmccf.wordpress.com/2009/08/13/clubs-day-prep/index.html’ saved [100305]

--2026-09-23 06:38:33--  https://utmccf.wordpress.com/2009/07/30/%e6%9f%a5%e7%b6%93-bible-study-2/
Reusing existing connection to utmccf.wordpress.com:443.
HTTP request sent, awaiting response... 200 OK
Length: unspecified [text/html]
Saving to: ‘utmccf.wordpress.com/2009/07/30/查經-bible-study-2/index.html’

     0K .......... .......... .......... .......... ..........  253M
    50K .......... .......... .......... .......... ........    393M=0s

Last-modified header missing -- time-stamps turned off.
2026-09-23 06:38:33 (307 MB/s) - ‘utmccf.wordpress.com/2009/07/30/查經-bible-study-2/index.html’ saved [100830]

--2026-09-23 06:38:33--  https://utmccf.wordpress.com/2009/07/23/%e6%9f%a5%e7%b6%93-bible-study/
Reusing existing connection to utmccf.wordpress.com:443.
HTTP request sent, awaiting response... 200 OK
Length: unspecified [text/html]
Saving to: ‘utmccf.wordpress.com/2009/07/23/查經-bible-study/index.html’

     0K .......... .......... .......... .......... ..........  102M
    50K .......... .......... .......... .......... .......     395M=0.001s

Last-modified header missing -- time-stamps turned off.
2026-09-23 06:38:33 (160 MB/s) - ‘utmccf.wordpress.com/2009/07/23/查經-bible-study/index.html’ saved [100137]

--2026-09-23 06:38:33--  https://utmccf.wordpress.com/2009/07/16/%e6%9f%a5%e7%bb%8f-bible-study-10/
Reusing existing connection to utmccf.wordpress.com:443.
HTTP request sent, awaiting response... 200 OK
Length: unspecified [text/html]
Saving to: ‘utmccf.wordpress.com/2009/07/16/查经-bible-study-10/index.html’

     0K .......... .......... .......... .......... ..........  440M
    50K .......... .......... .......... .......... ........    438M=0s

Last-modified header missing -- time-stamps turned off.
2026-09-23 06:38:33 (439 MB/s) - ‘utmccf.wordpress.com/2009/07/16/查经-bible-study-10/index.html’ saved [100535]

--2026-09-23 06:38:33--  https://utmccf.wordpress.com/2009/07/09/%e6%9f%a5%e7%bb%8f-bible-study-9/
Reusing existing connection to utmccf.wordpress.com:443.
HTTP request sent, awaiting response... 200 OK
Length: unspecified [text/html]
Saving to: ‘utmccf.wordpress.com/2009/07/09/查经-bible-study-9/index.html’

     0K .......... .......... .......... .......... ..........  162M
    50K .......... .......... .......... .......... ........    203M=0.001s

Last-modified header missing -- time-stamps turned off.
2026-09-23 06:38:33 (180 MB/s) - ‘utmccf.wordpress.com/2009/07/09/查经-bible-study-9/index.html’ saved [100850]

--2026-09-23 06:38:33--  https://utmccf.wordpress.com/2009/07/02/%e6%9f%a5%e7%bb%8f-bible-study-8/
Reusing existing connection to utmccf.wordpress.com:443.
HTTP request sent, awaiting response... 200 OK
Length: unspecified [text/html]
Saving to: ‘utmccf.wordpress.com/2009/07/02/查经-bible-study-8/index.html’

     0K .......... .......... .......... .......... ..........  241M
    50K .......... .......... .......... .......... ........    267M=0s

Last-modified header missing -- time-stamps turned off.
2026-09-23 06:38:33 (253 MB/s) - ‘utmccf.wordpress.com/2009/07/02/查经-bible-study-8/index.html’ saved [100438]

--2026-09-23 06:38:33--  https://utmccf.wordpress.com/2009/06/25/%e6%9f%a5%e7%bb%8f-bible-study-7/
Reusing existing connection to utmccf.wordpress.com:443.
HTTP request sent, awaiting response... 200 OK
Length: unspecified [text/html]
Saving to: ‘utmccf.wordpress.com/2009/06/25/查经-bible-study-7/index.html’

     0K .......... .......... .......... .......... ..........  181M
    50K .......... .......... .......... .......... .......     261M=0s

Last-modified header missing -- time-stamps turned off.
2026-09-23 06:38:33 (213 MB/s) - ‘utmccf.wordpress.com/2009/06/25/查经-bible-study-7/index.html’ saved [100197]

--2026-09-23 06:38:33--  https://utmccf.wordpress.com/2009/06/18/%e7%a5%b7%e5%91%8a%e4%bc%9a-prayer-meeting/
Reusing existing connection to utmccf.wordpress.com:443.
HTTP request sent, awaiting response... 200 OK
Length: unspecified [text/html]
Saving to: ‘utmccf.wordpress.com/2009/06/18/祷告会-prayer-meeting/index.html’

     0K .......... .......... .......... .......... ..........  353M
    50K .......... .......... .......... .......... .........   206M=0s

Last-modified header missing -- time-stamps turned off.
2026-09-23 06:38:33 (260 MB/s) - ‘utmccf.wordpress.com/2009/06/18/祷告会-prayer-meeting/index.html’ saved [102289]

--2026-09-23 06:38:33--  https://utmccf.wordpress.com/2009/06/11/%e6%9f%a5%e7%bb%8f-bible-study-5/
Reusing existing connection to utmccf.wordpress.com:443.
HTTP request sent, awaiting response... 200 OK
Length: unspecified [text/html]
Saving to: ‘utmccf.wordpress.com/2009/06/11/查经-bible-study-5/index.html’

     0K .......... .......... .......... .......... ..........  376M
    50K .......... .......... .......... .......... .........   239M=0s

Last-modified header missing -- time-stamps turned off.
2026-09-23 06:38:33 (292 MB/s) - ‘utmccf.wordpress.com/2009/06/11/查经-bible-study-5/index.html’ saved [101735]

--2026-09-23 06:38:33--  https://utmccf.wordpress.com/2009/06/04/%e6%9f%a5%e7%bb%8f-bible-study-4/
Reusing existing connection to utmccf.wordpress.com:443.
HTTP request sent, awaiting response... 200 OK
Length: unspecified [text/html]
Saving to: ‘utmccf.wordpress.com/2009/06/04/查经-bible-study-4/index.html’

     0K .......... .......... .......... .......... ..........  129M
    50K .......... .......... .......... .......... ........    428M=0s

Last-modified header missing -- time-stamps turned off.
2026-09-23 06:38:33 (196 MB/s) - ‘utmccf.wordpress.com/2009/06/04/查经-bible-study-4/index.html’ saved [100454]

--2026-09-23 06:38:33--  https://utmccf.wordpress.com/2009/05/28/%e6%9f%a5%e7%bb%8f-bible-study-6/
Reusing existing connection to utmccf.wordpress.com:443.
HTTP request sent, awaiting response... 200 OK
Length: unspecified [text/html]
Saving to: ‘utmccf.wordpress.com/2009/05/28/查经-bible-study-6/index.html’

     0K .......... .......... .......... .......... ..........  367M
    50K .......... .......... .......... .......... .......     235M=0s

Last-modified header missing -- time-stamps turned off.
2026-09-23 06:38:33 (288 MB/s) - ‘utmccf.wordpress.com/2009/05/28/查经-bible-study-6/index.html’ saved [100019]

--2026-09-23 06:38:33--  https://utmccf.wordpress.com/2009/05/21/%e6%9f%a5%e7%bb%8f-bible-study-3/
Reusing existing connection to utmccf.wordpress.com:443.
HTTP request sent, awaiting response... 200 OK
Length: unspecified [text/html]
Saving to: ‘utmccf.wordpress.com/2009/05/21/查经-bible-study-3/index.html’

     0K .......... .......... .......... .......... ..........  134M
    50K .......... .......... .......... .......... ........    278M=0.001s

Last-modified header missing -- time-stamps turned off.
2026-09-23 06:38:33 (180 MB/s) - ‘utmccf.wordpress.com/2009/05/21/查经-bible-study-3/index.html’ saved [101028]

--2026-09-23 06:38:33--  https://utmccf.wordpress.com/2009/05/05/%e5%a4%8f%e5%ad%a3%e9%80%80%e4%bf%ae%e4%bc%9a-2009/
Reusing existing connection to utmccf.wordpress.com:443.
HTTP request sent, awaiting response... 200 OK
Length: unspecified [text/html]
Saving to: ‘utmccf.wordpress.com/2009/05/05/夏季退修会-2009/index.html’

     0K .......... .......... .......... .......... ..........  445M
    50K .......... .......... .......... .......... ..........  420M
   100K                                                         721G=0s

Last-modified header missing -- time-stamps turned off.
2026-09-23 06:38:33 (434 MB/s) - ‘utmccf.wordpress.com/2009/05/05/夏季退修会-2009/index.html’ saved [102787]

--2026-09-23 06:38:33--  https://utmccf.wordpress.com/2009/04/03/%e4%b8%80%e8%b5%b7%e5%b4%87%e6%8b%9c-praise-and-worship/
Reusing existing connection to utmccf.wordpress.com:443.
HTTP request sent, awaiting response... 200 OK
Length: unspecified [text/html]
Saving to: ‘utmccf.wordpress.com/2009/04/03/一起崇拜-praise-and-worship/index.html’

     0K .......... .......... .......... .......... ..........  414M
    50K .......... .......... .......... .......... .......     433M=0s

Last-modified header missing -- time-stamps turned off.
2026-09-23 06:38:33 (423 MB/s) - ‘utmccf.wordpress.com/2009/04/03/一起崇拜-praise-and-worship/index.html’ saved [100190]

--2026-09-23 06:38:33--  https://utmccf.wordpress.com/2009/03/27/%e6%9f%a5%e7%bb%8f-bible-study/
Reusing existing connection to utmccf.wordpress.com:443.
HTTP request sent, awaiting response... 200 OK
Length: unspecified [text/html]
Saving to: ‘utmccf.wordpress.com/2009/03/27/查经-bible-study/index.html’

     0K .......... .......... .......... .......... ..........  414M
    50K .......... .......... .......... .......... .........   488M=0s

Last-modified header missing -- time-stamps turned off.
2026-09-23 06:38:33 (448 MB/s) - ‘utmccf.wordpress.com/2009/03/27/查经-bible-study/index.html’ saved [101534]

--2026-09-23 06:38:33--  https://utmccf.wordpress.com/2009/03/20/joint-fellowship-coffeehouse/
Reusing existing connection to utmccf.wordpress.com:443.
HTTP request sent, awaiting response... 200 OK
Length: unspecified [text/html]
Saving to: ‘utmccf.wordpress.com/2009/03/20/joint-fellowship-coffeehouse/index.html’

     0K .......... .......... .......... .......... ..........  416M
    50K .......... .......... .......... .......... ........    422M=0s

Last-modified header missing -- time-stamps turned off.
2026-09-23 06:38:33 (419 MB/s) - ‘utmccf.wordpress.com/2009/03/20/joint-fellowship-coffeehouse/index.html’ saved [100612]

--2026-09-23 06:38:33--  https://utmccf.wordpress.com/2009/03/13/%e5%89%8d%e8%be%88%e5%88%86%e4%ba%ab-sharing/
Reusing existing connection to utmccf.wordpress.com:443.
HTTP request sent, awaiting response... 200 OK
Length: unspecified [text/html]
Saving to: ‘utmccf.wordpress.com/2009/03/13/前辈分享-sharing/index.html’

     0K .......... .......... .......... .......... ..........  433M
    50K .......... .......... .......... .......... ..........  447M
   100K                                                         516G=0s

Last-modified header missing -- time-stamps turned off.
2026-09-23 06:38:33 (441 MB/s) - ‘utmccf.wordpress.com/2009/03/13/前辈分享-sharing/index.html’ saved [102677]

--2026-09-23 06:38:33--  https://utmccf.wordpress.com/2009/03/06/%e6%9f%a5%e7%bb%8f%ef%bc%9a%e8%80%b6%e7%a8%a3%e5%8f%ac%e9%97%a8%e5%be%92%e3%80%80bible-study-calling-of-the-disciples/
Reusing existing connection to utmccf.wordpress.com:443.
HTTP request sent, awaiting response... 200 OK
Length: unspecified [text/html]
Saving to: ‘utmccf.wordpress.com/2009/03/06/查经：耶稣召门徒　bible-study-calling-of-the-disciples/index.html’

     0K .......... .......... .......... .......... ..........  359M
    50K .......... .......... .......... .......... ..........  501M
   100K .                                                      2.00T=0s

Last-modified header missing -- time-stamps turned off.
2026-09-23 06:38:33 (423 MB/s) - ‘utmccf.wordpress.com/2009/03/06/查经：耶稣召门徒　bible-study-calling-of-the-disciples/index.html’ saved [103501]

--2026-09-23 06:38:33--  https://utmccf.wordpress.com/2009/02/27/%e5%9b%a2%e9%98%9f%e7%b2%be%e7%a5%9e-team-work/
Reusing existing connection to utmccf.wordpress.com:443.
HTTP request sent, awaiting response... 200 OK
Length: unspecified [text/html]
Saving to: ‘utmccf.wordpress.com/2009/02/27/团队精神-team-work/index.html’

     0K .......... .......... .......... .......... ..........  205M
    50K .......... .......... .......... .......... .........   408M=0s

Last-modified header missing -- time-stamps turned off.
2026-09-23 06:38:33 (272 MB/s) - ‘utmccf.wordpress.com/2009/02/27/团队精神-team-work/index.html’ saved [101630]

--2026-09-23 06:38:33--  https://utmccf.wordpress.com/2009/02/18/%e6%bb%91%e9%9b%aa-ski-trip/
Reusing existing connection to utmccf.wordpress.com:443.
HTTP request sent, awaiting response... 200 OK
Length: unspecified [text/html]
Saving to: ‘utmccf.wordpress.com/2009/02/18/滑雪-ski-trip/index.html’

     0K .......... .......... .......... .......... .......... 88.0M
    50K .......... .......... .......... .......... ........    161M=0.001s

Last-modified header missing -- time-stamps turned off.
2026-09-23 06:38:33 (113 MB/s) - ‘utmccf.wordpress.com/2009/02/18/滑雪-ski-trip/index.html’ saved [100915]

--2026-09-23 06:38:33--  https://utmccf.wordpress.com/2009/02/13/%e7%9c%9f%e7%88%b1-true-love/
Reusing existing connection to utmccf.wordpress.com:443.
HTTP request sent, awaiting response... 200 OK
Length: unspecified [text/html]
Saving to: ‘utmccf.wordpress.com/2009/02/13/真爱-true-love/index.html’

     0K .......... .......... .......... .......... ..........  282M
    50K .......... .......... .......... .......... .........   299M=0s

Last-modified header missing -- time-stamps turned off.
2026-09-23 06:38:33 (290 MB/s) - ‘utmccf.wordpress.com/2009/02/13/真爱-true-love/index.html’ saved [102225]

--2026-09-23 06:38:33--  https://utmccf.wordpress.com/2009/02/06/%e5%9c%a3%e7%bb%8f%e5%85%b6%e5%ae%9e%e5%a4%a7%e6%9c%89%e6%9d%a5%e5%a4%b4%ef%bc%81bible-qa/
Reusing existing connection to utmccf.wordpress.com:443.
HTTP request sent, awaiting response... 200 OK
Length: unspecified [text/html]
Saving to: ‘utmccf.wordpress.com/2009/02/06/圣经其实大有来头！bible-qa/index.html’

     0K .......... .......... .......... .......... ..........  327M
    50K .......... .......... .......... .......... ..........  305M
   100K .                                                      2.43T=0s

Last-modified header missing -- time-stamps turned off.
2026-09-23 06:38:33 (320 MB/s) - ‘utmccf.wordpress.com/2009/02/06/圣经其实大有来头！bible-qa/index.html’ saved [103738]

--2026-09-23 06:38:33--  https://utmccf.wordpress.com/2009/02/01/%e6%bb%91%e9%9b%aa-ice-skating/
Reusing existing connection to utmccf.wordpress.com:443.
HTTP request sent, awaiting response... 200 OK
Length: unspecified [text/html]
Saving to: ‘utmccf.wordpress.com/2009/02/01/滑雪-ice-skating/index.html’

     0K .......... .......... .......... .......... ..........  397M
    50K .......... .......... .......... .......... .......     338M=0s

Last-modified header missing -- time-stamps turned off.
2026-09-23 06:38:33 (366 MB/s) - ‘utmccf.wordpress.com/2009/02/01/滑雪-ice-skating/index.html’ saved [100094]

--2026-09-23 06:38:33--  https://utmccf.wordpress.com/2009/01/30/%e7%bb%8f%e6%96%87%e5%88%86%e4%ba%ab-scripture-sharing/
Reusing existing connection to utmccf.wordpress.com:443.
HTTP request sent, awaiting response... 200 OK
Length: unspecified [text/html]
Saving to: ‘utmccf.wordpress.com/2009/01/30/经文分享-scripture-sharing/index.html’

     0K .......... .......... .......... .......... ..........  439M
    50K .......... .......... .......... .......... ........    487M=0s

Last-modified header missing -- time-stamps turned off.
2026-09-23 06:38:33 (461 MB/s) - ‘utmccf.wordpress.com/2009/01/30/经文分享-scripture-sharing/index.html’ saved [101155]

--2026-09-23 06:38:33--  https://utmccf.wordpress.com/2009/page/2/
Reusing existing connection to utmccf.wordpress.com:443.
HTTP request sent, awaiting response... 200 OK
Length: unspecified [text/html]
Saving to: ‘utmccf.wordpress.com/2009/page/2/index.html’

     0K .......... .......... .......... .......... ..........  325M
    50K .......... .......... .......... .......... ......      295M=0s

Last-modified header missing -- time-stamps turned off.
2026-09-23 06:38:33 (310 MB/s) - ‘utmccf.wordpress.com/2009/page/2/index.html’ saved [98731]

--2026-09-23 06:38:33--  https://utmccf.wordpress.com/2008/12/18/%e5%85%8d%e8%b4%b9%e5%9c%a3%e8%af%9e%e5%a4%a7%e9%a4%90-free-christmas-dinner/
Reusing existing connection to utmccf.wordpress.com:443.
HTTP request sent, awaiting response... 200 OK
Length: unspecified [text/html]
Saving to: ‘utmccf.wordpress.com/2008/12/18/免费圣诞大餐-free-christmas-dinner/index.html’

     0K .......... .......... .......... .......... ..........  140M
    50K .......... .......... .......... .......... ..........  207M
   100K                                                         173G=0.001s

Last-modified header missing -- time-stamps turned off.
2026-09-23 06:38:33 (168 MB/s) - ‘utmccf.wordpress.com/2008/12/18/免费圣诞大餐-free-christmas-dinner/index.html’ saved [102493]

--2026-09-23 06:38:33--  https://utmccf.wordpress.com/2008/11/28/%e8%af%97%e6%ad%8c%e6%95%ac%e6%8b%9c-praise-and-worship-night/
Reusing existing connection to utmccf.wordpress.com:443.
HTTP request sent, awaiting response... 200 OK
Length: unspecified [text/html]
Saving to: ‘utmccf.wordpress.com/2008/11/28/诗歌敬拜-praise-and-worship-night/index.html’

     0K .......... .......... .......... .......... ..........  281M
    50K .......... .......... .......... .......... ..........  160M
   100K                                                        1.55T=0s

Last-modified header missing -- time-stamps turned off.
2026-09-23 06:38:33 (205 MB/s) - ‘utmccf.wordpress.com/2008/11/28/诗歌敬拜-praise-and-worship-night/index.html’ saved [103252]

--2026-09-23 06:38:33--  https://utmccf.wordpress.com/2008/11/21/%e7%af%ae%e7%90%83%e6%af%94%e8%b5%9b-basketball-tournament/
Reusing existing connection to utmccf.wordpress.com:443.
HTTP request sent, awaiting response... 200 OK
Length: unspecified [text/html]
Saving to: ‘utmccf.wordpress.com/2008/11/21/篮球比赛-basketball-tournament/index.html’

     0K .......... .......... .......... .......... ..........  192M
    50K .......... .......... .......... .......... .........   161M=0.001s

Last-modified header missing -- time-stamps turned off.
2026-09-23 06:38:33 (175 MB/s) - ‘utmccf.wordpress.com/2008/11/21/篮球比赛-basketball-tournament/index.html’ saved [102287]

--2026-09-23 06:38:33--  https://utmccf.wordpress.com/2008/11/14/%e5%a4%a7%e7%ad%b5%e5%b8%ad%e7%9a%84%e6%af%94%e5%96%bb-parable-of-the-great-banquet/
Reusing existing connection to utmccf.wordpress.com:443.
HTTP request sent, awaiting response... 200 OK
Length: unspecified [text/html]
Saving to: ‘utmccf.wordpress.com/2008/11/14/大筵席的比喻-parable-of-the-great-banquet/index.html’

     0K .......... .......... .......... .......... ..........  418M
    50K .......... .......... .......... .......... ..........  496M
   100K                                                         918G=0s

Last-modified header missing -- time-stamps turned off.
2026-09-23 06:38:33 (456 MB/s) - ‘utmccf.wordpress.com/2008/11/14/大筵席的比喻-parable-of-the-great-banquet/index.html’ saved [102893]

--2026-09-23 06:38:33--  https://utmccf.wordpress.com/2008/11/07/%e5%9c%a3%e7%bb%8f%e6%9f%a5%e8%80%83-bible-study/
Reusing existing connection to utmccf.wordpress.com:443.
HTTP request sent, awaiting response... 200 OK
Length: unspecified [text/html]
Saving to: ‘utmccf.wordpress.com/2008/11/07/圣经查考-bible-study/index.html’

     0K .......... .......... .......... .......... ..........  169M
    50K .......... .......... .......... .......... .......... 81.7M
   100K                                                         503G=0.001s

Last-modified header missing -- time-stamps turned off.
2026-09-23 06:38:33 (110 MB/s) - ‘utmccf.wordpress.com/2008/11/07/圣经查考-bible-study/index.html’ saved [102670]

--2026-09-23 06:38:33--  https://utmccf.wordpress.com/2008/10/31/%e5%9c%a3%e7%bb%8f%e5%89%a7%e5%9c%ba-bible-drama/
Reusing existing connection to utmccf.wordpress.com:443.
HTTP request sent, awaiting response... 200 OK
Length: unspecified [text/html]
Saving to: ‘utmccf.wordpress.com/2008/10/31/圣经剧场-bible-drama/index.html’

     0K .......... .......... .......... .......... ..........  406M
    50K .......... .......... .......... .......... .........   451M=0s

Last-modified header missing -- time-stamps turned off.
2026-09-23 06:38:33 (427 MB/s) - ‘utmccf.wordpress.com/2008/10/31/圣经剧场-bible-drama/index.html’ saved [101608]

--2026-09-23 06:38:33--  https://utmccf.wordpress.com/2008/10/31/%e5%9c%a3%e7%bb%8f%e5%89%a7%e5%9c%ba-bible-drama-2/
Reusing existing connection to utmccf.wordpress.com:443.
HTTP request sent, awaiting response... 200 OK
Length: unspecified [text/html]
Saving to: ‘utmccf.wordpress.com/2008/10/31/圣经剧场-bible-drama-2/index.html’

     0K .......... .......... .......... .......... ..........  302M
    50K .......... .......... .......... .......... .........   367M=0s

Last-modified header missing -- time-stamps turned off.
2026-09-23 06:38:33 (331 MB/s) - ‘utmccf.wordpress.com/2008/10/31/圣经剧场-bible-drama-2/index.html’ saved [101825]

--2026-09-23 06:38:33--  https://utmccf.wordpress.com/2008/10/24/%e5%88%86%e4%ba%ab-sharing/
Reusing existing connection to utmccf.wordpress.com:443.
HTTP request sent, awaiting response... 200 OK
Length: unspecified [text/html]
Saving to: ‘utmccf.wordpress.com/2008/10/24/分享-sharing/index.html’

     0K .......... .......... .......... .......... ..........  119M
    50K .......... .......... .......... .......... ..........  160M
   100K                                                         959G=0.001s

Last-modified header missing -- time-stamps turned off.
2026-09-23 06:38:33 (137 MB/s) - ‘utmccf.wordpress.com/2008/10/24/分享-sharing/index.html’ saved [102915]

--2026-09-23 06:38:33--  https://utmccf.wordpress.com/2008/10/17/%e6%9f%a5%e7%bb%8f%ef%bc%9a%e5%a4%9c%e5%ae%bf%e6%98%af%e8%b0%81%ef%bc%9fbible-study-who-is-jesus/
Reusing existing connection to utmccf.wordpress.com:443.
HTTP request sent, awaiting response... 200 OK
Length: unspecified [text/html]
Saving to: ‘utmccf.wordpress.com/2008/10/17/查经：夜宿是谁？bible-study-who-is-jesus/index.html’

     0K .......... .......... .......... .......... ..........  174M
    50K .......... .......... .......... .......... ..........  268M
   100K                                                        1.68T=0s

Last-modified header missing -- time-stamps turned off.
2026-09-23 06:38:33 (213 MB/s) - ‘utmccf.wordpress.com/2008/10/17/查经：夜宿是谁？bible-study-who-is-jesus/index.html’ saved [103326]

--2026-09-23 06:38:33--  https://utmccf.wordpress.com/2008/10/10/%e8%b5%9e%e7%be%8e%e4%b9%8b%e6%b3%89-streams-of-praise/
Reusing existing connection to utmccf.wordpress.com:443.
HTTP request sent, awaiting response... 200 OK
Length: unspecified [text/html]
Saving to: ‘utmccf.wordpress.com/2008/10/10/赞美之泉-streams-of-praise/index.html’

     0K .......... .......... .......... .......... ..........  216M
    50K .......... .......... .......... .......... ..........  389M
   100K .                                                      3.52T=0s

Last-modified header missing -- time-stamps turned off.
2026-09-23 06:38:33 (283 MB/s) - ‘utmccf.wordpress.com/2008/10/10/赞美之泉-streams-of-praise/index.html’ saved [104335]

--2026-09-23 06:38:33--  https://utmccf.wordpress.com/2008/10/03/%e5%9b%9b%e5%b7%9d%e5%9c%b0%e9%9c%87%e6%95%91%e7%81%be%e5%88%86%e4%ba%ab-sichuan-earthquake-sharing/
Reusing existing connection to utmccf.wordpress.com:443.
HTTP request sent, awaiting response... 200 OK
Length: unspecified [text/html]
Saving to: ‘utmccf.wordpress.com/2008/10/03/四川地震救灾分享-sichuan-earthquake-sharing/index.html’

     0K .......... .......... .......... .......... ..........  433M
    50K .......... .......... .......... .......... ..........  489M
   100K .                                                      2.86T=0s

Last-modified header missing -- time-stamps turned off.
2026-09-23 06:38:34 (466 MB/s) - ‘utmccf.wordpress.com/2008/10/03/四川地震救灾分享-sichuan-earthquake-sharing/index.html’ saved [103972]

--2026-09-23 06:38:34--  https://utmccf.wordpress.com/2008/09/26/%e6%9f%a5%e7%bb%8f-bible-study-2/
Reusing existing connection to utmccf.wordpress.com:443.
HTTP request sent, awaiting response... 200 OK
Length: unspecified [text/html]
Saving to: ‘utmccf.wordpress.com/2008/09/26/查经-bible-study-2/index.html’

     0K .......... .......... .......... .......... ..........  139M
    50K .......... .......... .......... .......... ..........  137M
   100K                                                         926G=0.001s

Last-modified header missing -- time-stamps turned off.
2026-09-23 06:38:34 (138 MB/s) - ‘utmccf.wordpress.com/2008/09/26/查经-bible-study-2/index.html’ saved [102897]

--2026-09-23 06:38:34--  https://utmccf.wordpress.com/2008/09/19/%e5%9b%9b%e5%b7%9d%e5%9c%b0%e9%9c%87%e7%9a%84%e6%80%9d%e8%80%83-thoughts-on-sichuan-earthquake/
Reusing existing connection to utmccf.wordpress.com:443.
HTTP request sent, awaiting response... 200 OK
Length: unspecified [text/html]
Saving to: ‘utmccf.wordpress.com/2008/09/19/四川地震的思考-thoughts-on-sichuan-earthquake/index.html’

     0K .......... .......... .......... .......... ..........  414M
    50K .......... .......... .......... .......... ..........  518M
   100K .                                                      1.92T=0s

Last-modified header missing -- time-stamps turned off.
2026-09-23 06:38:34 (465 MB/s) - ‘utmccf.wordpress.com/2008/09/19/四川地震的思考-thoughts-on-sichuan-earthquake/index.html’ saved [103457]

--2026-09-23 06:38:34--  https://utmccf.wordpress.com/wp-content/uploads/2009/08/ran1.jpg
Reusing existing connection to utmccf.wordpress.com:443.
HTTP request sent, awaiting response... 200 OK
Length: 10238 (10.0K) [image/jpeg]
Saving to: ‘utmccf.wordpress.com/wp-content/uploads/2009/08/ran1.jpg’

     0K .........                                             100% 29.7G=0s

2026-09-23 06:38:34 (29.7 GB/s) - ‘utmccf.wordpress.com/wp-content/uploads/2009/08/ran1.jpg’ saved [10238/10238]

--2026-09-23 06:38:34--  https://utmccf.wordpress.com/wp-content/uploads/2009/03/utmccf-09-10-committee-roles.pdf
Reusing existing connection to utmccf.wordpress.com:443.
HTTP request sent, awaiting response... 200 OK
Length: 50851 (50K) [application/pdf]
Saving to: ‘utmccf.wordpress.com/wp-content/uploads/2009/03/utmccf-09-10-committee-roles.pdf’

     0K .......... .......... .......... .......... ......... 100%  401M=0s

2026-09-23 06:38:34 (401 MB/s) - ‘utmccf.wordpress.com/wp-content/uploads/2009/03/utmccf-09-10-committee-roles.pdf’ saved [50851/50851]

--2026-09-23 06:38:34--  https://utmccf.wordpress.com/_static/??-eJxljd0KwjAMhV/ImgnDXYnP0nWxZEvTsqSMvb0VVCZenr/vwFZcyGIoBqm6wjWSKGw0RTQFrC3NC6Fjv4FhKuwNFdR2xnNQPcEBMHKOX0Ty64JGEt3oV2jVX+dvfHif0YoPy1uDVoGUp8rtmORBQoZOw5qZP3p/4e7pdhmGoe+ufdfNT3YwUWg=&cssminify=yes
Reusing existing connection to utmccf.wordpress.com:443.
HTTP request sent, awaiting response... 200 OK
Length: 13330 (13K) [text/css]
Saving to: ‘utmccf.wordpress.com/_static/index.html@%3F-eJxljd0KwjAMhV%2FImgnDXYnP0nWxZEvTsqSMvb0VVCZenr%2FvwFZcyGIoBqm6wjWSKGw0RTQFrC3NC6Fjv4FhKuwNFdR2xnNQPcEBMHKOX0Ty64JGEt3oV2jVX+dvfHif0YoPy1uDVoGUp8rtmORBQoZOw5qZP3p%2F4e7pdhmGoe+ufdfNT3YwUWg=&cssminify=yes.css’

     0K .......... ...                                        100% 49.5G=0s

2026-09-23 06:38:34 (49.5 GB/s) - ‘utmccf.wordpress.com/_static/index.html@%3F-eJxljd0KwjAMhV%2FImgnDXYnP0nWxZEvTsqSMvb0VVCZenr%2FvwFZcyGIoBqm6wjWSKGw0RTQFrC3NC6Fjv4FhKuwNFdR2xnNQPcEBMHKOX0Ty64JGEt3oV2jVX+dvfHif0YoPy1uDVoGUp8rtmORBQoZOw5qZP3p%2F4e7pdhmGoe+ufdfNT3YwUWg=&cssminify=yes.css’ saved [13330/13330]

The destination name is too long (243), reducing to 236
--2026-09-23 06:38:34--  https://utmccf.wordpress.com/_static/??-eJyNjksOwjAMRC9EMEV8ukEcBQXHom6TOIqT9voUqXwkNl3OG+t5YEoGJRaKBUI1ydcHR4WeSrI4LBm0RrhxRLh7wUFBJ06Ut6i6gdWCIK56UkCbpSr5z80brPHNaEoo4Ve8dLeRopMMthYJthTG7wdvVRlN6SiQ6cjP68GxFsikSaLySGZkR6L/5DXrGi7NuT3um8OuPfVPtUd1PA==&cssminify=yes
Reusing existing connection to utmccf.wordpress.com:443.
HTTP request sent, awaiting response... 200 OK
Length: 32857 (32K) [text/css]
Saving to: ‘utmccf.wordpress.com/_static/index.html@%3F-eJyNjksOwjAMRC9EMEV8ukEcBQXHom6TOIqT9voUqXwkNl3OG+t5YEoGJRaKBUI1ydcHR4WeSrI4LBm0RrhxRLh7wUFBJ06Ut6i6gdWCIK56UkCbpSr5z80brPHNaEoo4Ve8dLeRopMMthYJthTG7wdvVRlN6SiQ6cjP68GxFsikSaLySGZkR6L%2F5DXrGi7NuT3um8OuPfVPtUd1PA==&cssmin.css’

     0K .......... .......... .......... ..                   100%  455M=0s

2026-09-23 06:38:34 (455 MB/s) - ‘utmccf.wordpress.com/_static/index.html@%3F-eJyNjksOwjAMRC9EMEV8ukEcBQXHom6TOIqT9voUqXwkNl3OG+t5YEoGJRaKBUI1ydcHR4WeSrI4LBm0RrhxRLh7wUFBJ06Ut6i6gdWCIK56UkCbpSr5z80brPHNaEoo4Ve8dLeRopMMthYJthTG7wdvVRlN6SiQ6cjP68GxFsikSaLySGZkR6L%2F5DXrGi7NuT3um8OuPfVPtUd1PA==&cssmin.css’ saved [32857/32857]

--2026-09-23 06:38:34--  https://utmccf.wordpress.com/wp-content/mu-plugins/jetpack-plugin/sun/modules/tiled-gallery/tiled-gallery/tiled-gallery.css?m=1752872378i&cssminify=yes
Reusing existing connection to utmccf.wordpress.com:443.
HTTP request sent, awaiting response... 200 OK
Length: 1498 (1.5K) [text/css]
Saving to: ‘utmccf.wordpress.com/wp-content/mu-plugins/jetpack-plugin/sun/modules/tiled-gallery/tiled-gallery/tiled-gallery.css@m=1752872378i&cssminify=yes.css’

     0K .                                                     100% 4.23G=0s

Last-modified header missing -- time-stamps turned off.
2026-09-23 06:38:34 (4.23 GB/s) - ‘utmccf.wordpress.com/wp-content/mu-plugins/jetpack-plugin/sun/modules/tiled-gallery/tiled-gallery/tiled-gallery.css@m=1752872378i&cssminify=yes.css’ saved [1498/1498]

--2026-09-23 06:38:34--  https://utmccf.wordpress.com/author/utmccf/page/2/
Reusing existing connection to utmccf.wordpress.com:443.
HTTP request sent, awaiting response... 200 OK
Length: unspecified [text/html]
Saving to: ‘utmccf.wordpress.com/author/utmccf/page/2/index.html’

     0K .......... .......... .......... .......... ..........  230M
    50K .......... .......... .......... .......... .......... 72.4M
   100K .......... .......... .......... .......... ..........  383M
   150K .......... .......... .......... .......... ..........  392M
   200K .                                                      2.84T=0.001s

Last-modified header missing -- time-stamps turned off.
2026-09-23 06:38:34 (173 MB/s) - ‘utmccf.wordpress.com/author/utmccf/page/2/index.html’ saved [206362]

--2026-09-23 06:38:34--  https://utmccf.wordpress.com/wp-content/mu-plugins/jetpack-plugin/sun/_inc/blocks/swiper.js
Reusing existing connection to utmccf.wordpress.com:443.
HTTP request sent, awaiting response... 200 OK
Length: 158824 (155K) [application/javascript]
Saving to: ‘utmccf.wordpress.com/wp-content/mu-plugins/jetpack-plugin/sun/_inc/blocks/swiper.js’

     0K .......... .......... .......... .......... .......... 32%  429M 0s
    50K .......... .......... .......... .......... .......... 64%  434M 0s
   100K .......... .......... .......... .......... .......... 96%  442M 0s
   150K .....                                                 100% 9.50T=0s

Last-modified header missing -- time-stamps turned off.
2026-09-23 06:38:34 (449 MB/s) - ‘utmccf.wordpress.com/wp-content/mu-plugins/jetpack-plugin/sun/_inc/blocks/swiper.js’ saved [158824/158824]

The destination name is too long (389), reducing to 236
--2026-09-23 06:38:34--  https://utmccf.wordpress.com/_static/??-eJydUtFOwzAM/CFcb2PS4AHxKShN3OLWTaI46djfkwKFbUJo4iny+e58toLHCDb4TD5jK6GHKKVnr3gMyRmnYMWokuJQIZMF5l0z6B2eyabyI2LXU1akUrthZAIxR8w0RTGZrvBrn4vxk0kjZfY9tCYtwy8AMAaqX/4jykA5Gjt+1ajF4wt7i21hcci+Y8+ZQG0KImt9aib216arow01oR0Vd832odmCcl2LINHc7NGx5iXmSgIJxlH6zS+/0lRvEUuL5Gq0qvJm5t5kDreQdeQIwn6ELtii0PHbDarl/fe5rEmhKMk3bQXO96t0Ke7zq3ycYybvQlpaMcipY1npz9PT9vC42Rw29/v98A7nKe4c
Reusing existing connection to utmccf.wordpress.com:443.
HTTP request sent, awaiting response... 200 OK
Length: 135674 (132K) [application/javascript]
Saving to: ‘utmccf.wordpress.com/_static/index.html@%3F-eJydUtFOwzAM%2FCFcb2PS4AHxKShN3OLWTaI46djfkwKFbUJo4iny+e58toLHCDb4TD5jK6GHKKVnr3gMyRmnYMWokuJQIZMF5l0z6B2eyabyI2LXU1akUrthZAIxR8w0RTGZrvBrn4vxk0kjZfY9tCYtwy8AMAaqX%2F4jykA5Gjt+1ajF4wt7i21hcci+Y8+ZQG0KImt9aib216arow01oR0Vd’

     0K .......... .......... .......... .......... .......... 37%  434M 0s
    50K .......... .......... .......... .......... .......... 75%  112M 0s
   100K .......... .......... .......... ..                   100%  448M=0.001s

2026-09-23 06:38:34 (209 MB/s) - ‘utmccf.wordpress.com/_static/index.html@%3F-eJydUtFOwzAM%2FCFcb2PS4AHxKShN3OLWTaI46djfkwKFbUJo4iny+e58toLHCDb4TD5jK6GHKKVnr3gMyRmnYMWokuJQIZMF5l0z6B2eyabyI2LXU1akUrthZAIxR8w0RTGZrvBrn4vxk0kjZfY9tCYtwy8AMAaqX%2F4jykA5Gjt+1ajF4wt7i21hcci+Y8+ZQG0KImt9aib216arow01oR0Vd’ saved [135674/135674]

--2026-09-23 06:38:34--  https://utmccf.wordpress.com/wp-content/plugins/gutenberg-core/v24.0.0/build/scripts/hooks/index.min.js?m=1789650619i&ver=f0f188028580e8dc1255
Reusing existing connection to utmccf.wordpress.com:443.
HTTP request sent, awaiting response... 200 OK
Length: 5110 (5.0K) [application/javascript]
Saving to: ‘utmccf.wordpress.com/wp-content/plugins/gutenberg-core/v24.0.0/build/scripts/hooks/index.min.js@m=1789650619i&ver=f0f188028580e8dc1255’

     0K ....                                                  100% 25.0G=0s

2026-09-23 06:38:34 (25.0 GB/s) - ‘utmccf.wordpress.com/wp-content/plugins/gutenberg-core/v24.0.0/build/scripts/hooks/index.min.js@m=1789650619i&ver=f0f188028580e8dc1255’ saved [5110/5110]

--2026-09-23 06:38:34--  https://utmccf.wordpress.com/wp-content/plugins/gutenberg-core/v24.0.0/build/scripts/i18n/index.min.js?m=1789650619i&ver=1dfe7db3940c23ea9216
Reusing existing connection to utmccf.wordpress.com:443.
HTTP request sent, awaiting response... 200 OK
Length: 5794 (5.7K) [application/javascript]
Saving to: ‘utmccf.wordpress.com/wp-content/plugins/gutenberg-core/v24.0.0/build/scripts/i18n/index.min.js@m=1789650619i&ver=1dfe7db3940c23ea9216’

     0K .....                                                 100% 31.6G=0s

2026-09-23 06:38:34 (31.6 GB/s) - ‘utmccf.wordpress.com/wp-content/plugins/gutenberg-core/v24.0.0/build/scripts/i18n/index.min.js@m=1789650619i&ver=1dfe7db3940c23ea9216’ saved [5794/5794]

--2026-09-23 06:38:34--  https://utmccf.wordpress.com/wp-content/mu-plugins/jetpack-mu-wpcom-plugin/sun/jetpack_vendor/automattic/jetpack-classic-theme-helper/dist/responsive-videos/responsive-videos.js?m=1772475325i
Reusing existing connection to utmccf.wordpress.com:443.
HTTP request sent, awaiting response... 200 OK
Length: 1309 (1.3K) [application/javascript]
Saving to: ‘utmccf.wordpress.com/wp-content/mu-plugins/jetpack-mu-wpcom-plugin/sun/jetpack_vendor/automattic/jetpack-classic-theme-helper/dist/responsive-videos/responsive-videos.js@m=1772475325i’

     0K .                                                     100% 8.13G=0s

Last-modified header missing -- time-stamps turned off.
2026-09-23 06:38:34 (8.13 GB/s) - ‘utmccf.wordpress.com/wp-content/mu-plugins/jetpack-mu-wpcom-plugin/sun/jetpack_vendor/automattic/jetpack-classic-theme-helper/dist/responsive-videos/responsive-videos.js@m=1772475325i’ saved [1309/1309]

--2026-09-23 06:38:34--  https://utmccf.wordpress.com/wp-content/plugins/gutenberg-core/v24.0.0/build/scripts/dom-ready/index.min.js?m=1789650619i&ver=3fe927cab37bf38d6a23
Reusing existing connection to utmccf.wordpress.com:443.
HTTP request sent, awaiting response... 200 OK
Length: 884 [application/javascript]
Saving to: ‘utmccf.wordpress.com/wp-content/plugins/gutenberg-core/v24.0.0/build/scripts/dom-ready/index.min.js@m=1789650619i&ver=3fe927cab37bf38d6a23’

     0K                                                       100% 7.48G=0s

2026-09-23 06:38:34 (7.48 GB/s) - ‘utmccf.wordpress.com/wp-content/plugins/gutenberg-core/v24.0.0/build/scripts/dom-ready/index.min.js@m=1789650619i&ver=3fe927cab37bf38d6a23’ saved [884/884]

--2026-09-23 06:38:34--  https://utmccf.wordpress.com/wp-content/mu-plugins/jetpack-plugin/sun/_inc/blocks/tiled-gallery/view.js?m=1782572521i&minify=false&ver=16.3-a.4
Reusing existing connection to utmccf.wordpress.com:443.
HTTP request sent, awaiting response... 200 OK
Length: 10784 (11K) [application/javascript]
Saving to: ‘utmccf.wordpress.com/wp-content/mu-plugins/jetpack-plugin/sun/_inc/blocks/tiled-gallery/view.js@m=1782572521i&minify=false&ver=16.3-a.4’

     0K ..........                                            100% 40.2G=0s

2026-09-23 06:38:34 (40.2 GB/s) - ‘utmccf.wordpress.com/wp-content/mu-plugins/jetpack-plugin/sun/_inc/blocks/tiled-gallery/view.js@m=1782572521i&minify=false&ver=16.3-a.4’ saved [10784/10784]

--2026-09-23 06:38:34--  https://utmccf.wordpress.com/wp-includes/js/wp-embed.min.js?m=1743165756i&ver=7.1.1-alpha-63587
Reusing existing connection to utmccf.wordpress.com:443.
HTTP request sent, awaiting response... 200 OK
Length: 1251 (1.2K) [application/javascript]
Saving to: ‘utmccf.wordpress.com/wp-includes/js/wp-embed.min.js@m=1743165756i&ver=7.1.1-alpha-63587’

     0K .                                                     100% 7.77G=0s

2026-09-23 06:38:34 (7.77 GB/s) - ‘utmccf.wordpress.com/wp-includes/js/wp-embed.min.js@m=1743165756i&ver=7.1.1-alpha-63587’ saved [1251/1251]

--2026-09-23 06:38:34--  https://utmccf.wordpress.com/wp-content/mu-plugins/jetpack-plugin/sun/_inc/build/tiled-gallery/tiled-gallery/tiled-gallery.min.js?m=1755011788i&ver=16.3-a.4
Reusing existing connection to utmccf.wordpress.com:443.
HTTP request sent, awaiting response... 200 OK
Length: 3017 (2.9K) [application/javascript]
Saving to: ‘utmccf.wordpress.com/wp-content/mu-plugins/jetpack-plugin/sun/_inc/build/tiled-gallery/tiled-gallery/tiled-gallery.min.js@m=1755011788i&ver=16.3-a.4’

     0K ..                                                    100% 17.5G=0s

2026-09-23 06:38:34 (17.5 GB/s) - ‘utmccf.wordpress.com/wp-content/mu-plugins/jetpack-plugin/sun/_inc/build/tiled-gallery/tiled-gallery/tiled-gallery.min.js@m=1755011788i&ver=16.3-a.4’ saved [3017/3017]

--2026-09-23 06:38:34--  https://utmccf.wordpress.com/wp-content/mu-plugins/jetpack-plugin/moon/modules/tiled-gallery/tiled-gallery/tiled-gallery.css?m=1753089498i&cssminify=yes
Reusing existing connection to utmccf.wordpress.com:443.
HTTP request sent, awaiting response... 200 OK
Length: 1498 (1.5K) [text/css]
Saving to: ‘utmccf.wordpress.com/wp-content/mu-plugins/jetpack-plugin/moon/modules/tiled-gallery/tiled-gallery/tiled-gallery.css@m=1753089498i&cssminify=yes.css’

     0K .                                                     100% 11.6G=0s

Last-modified header missing -- time-stamps turned off.
2026-09-23 06:38:34 (11.6 GB/s) - ‘utmccf.wordpress.com/wp-content/mu-plugins/jetpack-plugin/moon/modules/tiled-gallery/tiled-gallery/tiled-gallery.css@m=1753089498i&cssminify=yes.css’ saved [1498/1498]

--2026-09-23 06:38:34--  https://utmccf.wordpress.com/category/%e8%bf%87%e5%8e%bb%e6%b4%bb%e5%8a%a8-past-events/page/2/
Reusing existing connection to utmccf.wordpress.com:443.
HTTP request sent, awaiting response... 200 OK
Length: unspecified [text/html]
Saving to: ‘utmccf.wordpress.com/category/过去活动-past-events/page/2/index.html’

     0K .......... .......... .......... .......... ..........  378M
    50K .......... .......... .......... .......... ..........  446M
   100K .......... .......... .......... .......... ..........  451M
   150K .......... .......... .......... .......... ..........  478M
   200K .....                                                  10.4T=0s

Last-modified header missing -- time-stamps turned off.
2026-09-23 06:38:34 (447 MB/s) - ‘utmccf.wordpress.com/category/过去活动-past-events/page/2/index.html’ saved [210500]

The destination name is too long (367), reducing to 236
--2026-09-23 06:38:34--  https://utmccf.wordpress.com/_static/??-eJydUdFOwzAM/CFSs1GxviA+BaWJW9y6cVQnLft7UqAwTQhNPFk+3518NqzROAkJQ4KWpTeRc09BYZXZW6/GsVVFhaFANrFZjtWgd3Ahm/KPiHyPSQFzmcpIaNiukHCKbBNe4X/4DJiideNXD5NIgBcKDtpM7IFCR4ESGnWzMO/9uZooXLvulk5KPDcqHKtDUx2MUlkKzYxLVYMnTVvCnWRYrMf5N7/0ilNJEnML6MtuRRXsQr1NJLeQdaRomMJoOnFZTUdvN6i2+v97OTtLVuRv3g5cBix0zv7z0x/3WDB4mbdRFD53xDv9eXo6nJrHur5/aE7DO+WC1eo=
Reusing existing connection to utmccf.wordpress.com:443.
HTTP request sent, awaiting response... 200 OK
Length: 130442 (127K) [application/javascript]
Saving to: ‘utmccf.wordpress.com/_static/index.html@%3F-eJydUdFOwzAM%2FCFSs1GxviA+BaWJW9y6cVQnLft7UqAwTQhNPFk+3518NqzROAkJQ4KWpTeRc09BYZXZW6%2FGsVVFhaFANrFZjtWgd3Ahm%2FKPiHyPSQFzmcpIaNiukHCKbBNe4X%2F4DJiideNXD5NIgBcKDtpM7IFCR4ESGnWzMO%2F9uZooXLvulk5KPDcqHKtDUx2MUlkKzYxLVYMnTVv’

     0K .......... .......... .......... .......... .......... 39%  382M 0s
    50K .......... .......... .......... .......... .......... 78%  457M 0s
   100K .......... .......... .......                         100%  716M=0s

2026-09-23 06:38:34 (457 MB/s) - ‘utmccf.wordpress.com/_static/index.html@%3F-eJydUdFOwzAM%2FCFSs1GxviA+BaWJW9y6cVQnLft7UqAwTQhNPFk+3518NqzROAkJQ4KWpTeRc09BYZXZW6%2FGsVVFhaFANrFZjtWgd3Ahm%2FKPiHyPSQFzmcpIaNiukHCKbBNe4X%2F4DJiideNXD5NIgBcKDtpM7IFCR4ESGnWzMO%2F9uZooXLvulk5KPDcqHKtDUx2MUlkKzYxLVYMnTVv’ saved [130442/130442]

--2026-09-23 06:38:34--  https://utmccf.wordpress.com/wp-content/uploads/2022/07/16101658206922_.pic_.png?w=1230&
Reusing existing connection to utmccf.wordpress.com:443.
HTTP request sent, awaiting response... 200 OK
Length: 144224 (141K) [image/png]
Saving to: ‘utmccf.wordpress.com/wp-content/uploads/2022/07/16101658206922_.pic_.png@w=1230&’

     0K .......... .......... .......... .......... .......... 35% 96.7M 0s
    50K .......... .......... .......... .......... .......... 71%  101M 0s
   100K .......... .......... .......... ..........           100%  465M=0.001s

2026-09-23 06:38:35 (128 MB/s) - ‘utmccf.wordpress.com/wp-content/uploads/2022/07/16101658206922_.pic_.png@w=1230&’ saved [144224/144224]

--2026-09-23 06:38:35--  https://utmccf.wordpress.com/wp-content/uploads/2022/07/16101658206922_.pic_.png?w=113&h=150
Reusing existing connection to utmccf.wordpress.com:443.
HTTP request sent, awaiting response... 200 OK
Length: 6974 (6.8K) [image/png]
Saving to: ‘utmccf.wordpress.com/wp-content/uploads/2022/07/16101658206922_.pic_.png@w=113&h=150’

     0K ......                                                100% 36.1G=0s

2026-09-23 06:38:35 (36.1 GB/s) - ‘utmccf.wordpress.com/wp-content/uploads/2022/07/16101658206922_.pic_.png@w=113&h=150’ saved [6974/6974]

--2026-09-23 06:38:35--  https://utmccf.wordpress.com/wp-content/uploads/2022/07/16101658206922_.pic_.png?w=225&h=300
Reusing existing connection to utmccf.wordpress.com:443.
HTTP request sent, awaiting response... 200 OK
Length: 16718 (16K) [image/png]
Saving to: ‘utmccf.wordpress.com/wp-content/uploads/2022/07/16101658206922_.pic_.png@w=225&h=300’

     0K .......... ......                                     100%  390M=0s

2026-09-23 06:38:35 (390 MB/s) - ‘utmccf.wordpress.com/wp-content/uploads/2022/07/16101658206922_.pic_.png@w=225&h=300’ saved [16718/16718]

--2026-09-23 06:38:35--  https://utmccf.wordpress.com/wp-content/uploads/2022/07/16101658206922_.pic_.png?w=768&h=1024
Reusing existing connection to utmccf.wordpress.com:443.
HTTP request sent, awaiting response... 200 OK
Length: 78402 (77K) [image/png]
Saving to: ‘utmccf.wordpress.com/wp-content/uploads/2022/07/16101658206922_.pic_.png@w=768&h=1024’

     0K .......... .......... .......... .......... .......... 65%  421M 0s
    50K .......... .......... ......                          100%  674M=0s

2026-09-23 06:38:36 (484 MB/s) - ‘utmccf.wordpress.com/wp-content/uploads/2022/07/16101658206922_.pic_.png@w=768&h=1024’ saved [78402/78402]

--2026-09-23 06:38:36--  https://utmccf.wordpress.com/wp-content/uploads/2022/07/16101658206922_.pic_.png?w=1440&h=1920
Reusing existing connection to utmccf.wordpress.com:443.
HTTP request sent, awaiting response... 200 OK
Length: 172192 (168K) [image/png]
Saving to: ‘utmccf.wordpress.com/wp-content/uploads/2022/07/16101658206922_.pic_.png@w=1440&h=1920’

     0K .......... .......... .......... .......... .......... 29%  123M 0s
    50K .......... .......... .......... .......... .......... 59% 75.2M 0s
   100K .......... .......... .......... .......... .......... 89%  141M 0s
   150K .......... ........                                   100%  238M=0.001s

2026-09-23 06:38:37 (112 MB/s) - ‘utmccf.wordpress.com/wp-content/uploads/2022/07/16101658206922_.pic_.png@w=1440&h=1920’ saved [172192/172192]

--2026-09-23 06:38:37--  https://utmccf.wordpress.com/wp-content/uploads/2025/04/image-3.png?w=967&
Reusing existing connection to utmccf.wordpress.com:443.
HTTP request sent, awaiting response... 200 OK
Length: 353219 (345K) [image/png]
Saving to: ‘utmccf.wordpress.com/wp-content/uploads/2025/04/image-3.png@w=967&’

     0K .......... .......... .......... .......... .......... 14% 6.80M 0s
    50K .......... .......... .......... .......... .......... 28%  278M 0s
   100K .......... .......... .......... .......... .......... 43% 7.67M 0s
   150K .......... .......... .......... .......... .......... 57% 8.10M 0s
   200K .......... .......... .......... .......... .......... 72% 26.7M 0s
   250K .......... .......... .......... .......... .......... 86%  296M 0s
   300K .......... .......... .......... .......... ....      100%  282M=0.02s

2026-09-23 06:38:37 (15.4 MB/s) - ‘utmccf.wordpress.com/wp-content/uploads/2025/04/image-3.png@w=967&’ saved [353219/353219]

The destination name is too long (335), reducing to 236
--2026-09-23 06:38:37--  https://utmccf.wordpress.com/_static/??-eJyNkdtOwzAMhl8I13SCrVwgHgWlide6Oa5OWnh7UrQJ1ItpV0mc7/99wjWBjiFTyNi7OEByZeAguMbZKCOgnRIhwamGVHawHJpJnvCfzJc/EZuBsiCV+hstEzi1YiafnMq0i9/xcWwrfSlUaFTBOJr38I3UsVatreChabumBeGai2CmpXlBw5K3wm8QuKhM9fIc9n55JF9TptIjGQ6bKqiFB5U5PgKL5QSOg4Vz1EXgzF8PqLbzzhgmyklpe32jjzHgJweNfWFnUEY1U12S+f69chiunX349/bUnd5en7vjcfoB7LOyAQ==
Reusing existing connection to utmccf.wordpress.com:443.
HTTP request sent, awaiting response... 200 OK
Length: 87276 (85K) [application/javascript]
Saving to: ‘utmccf.wordpress.com/_static/index.html@%3F-eJyNkdtOwzAMhl8I13SCrVwgHgWlide6Oa5OWnh7UrQJ1ItpV0mc7%2F99wjWBjiFTyNi7OEByZeAguMbZKCOgnRIhwamGVHawHJpJnvCfzJc%2FEZuBsiCV+hstEzi1YiafnMq0i9%2FxcWwrfSlUaFTBOJr38I3UsVatreChabumBeGai2CmpXlBw5K3wm8QuKhM9fIc9n55JF9TptIjGQ6bKqi’

     0K .......... .......... .......... .......... .......... 58%  369M 0s
    50K .......... .......... .......... .....                100%  538M=0s

2026-09-23 06:38:37 (424 MB/s) - ‘utmccf.wordpress.com/_static/index.html@%3F-eJyNkdtOwzAMhl8I13SCrVwgHgWlide6Oa5OWnh7UrQJ1ItpV0mc7%2F99wjWBjiFTyNi7OEByZeAguMbZKCOgnRIhwamGVHawHJpJnvCfzJc%2FEZuBsiCV+hstEzi1YiafnMq0i9%2FxcWwrfSlUaFTBOJr38I3UsVatreChabumBeGai2CmpXlBw5K3wm8QuKhM9fIc9n55JF9TptIjGQ6bKqi’ saved [87276/87276]

--2026-09-23 06:38:37--  https://utmccf.wordpress.com/wp-content/uploads/2025/04/image-1.png?w=809&
Reusing existing connection to utmccf.wordpress.com:443.
HTTP request sent, awaiting response... 200 OK
Length: 128115 (125K) [image/png]
Saving to: ‘utmccf.wordpress.com/wp-content/uploads/2025/04/image-1.png@w=809&’

     0K .......... .......... .......... .......... .......... 39%  418M 0s
    50K .......... .......... .......... .......... .......... 79%  449M 0s
   100K .......... .......... .....                           100%  538M=0s

2026-09-23 06:38:38 (450 MB/s) - ‘utmccf.wordpress.com/wp-content/uploads/2025/04/image-1.png@w=809&’ saved [128115/128115]

--2026-09-23 06:38:38--  https://utmccf.wordpress.com/wp-content/uploads/2025/04/r_proc.jpg
Reusing existing connection to utmccf.wordpress.com:443.
HTTP request sent, awaiting response... 200 OK
Length: 153381 (150K) [image/jpeg]
Saving to: ‘utmccf.wordpress.com/wp-content/uploads/2025/04/r_proc.jpg’

     0K .......... .......... .......... .......... .......... 33%  417M 0s
    50K .......... .......... .......... .......... .......... 66%  286M 0s
   100K .......... .......... .......... .......... ......... 100%  399M=0s

2026-09-23 06:38:38 (357 MB/s) - ‘utmccf.wordpress.com/wp-content/uploads/2025/04/r_proc.jpg’ saved [153381/153381]

--2026-09-23 06:38:38--  https://utmccf.wordpress.com/wp-content/uploads/2025/04/r_proc.jpg?w=718
Reusing existing connection to utmccf.wordpress.com:443.
HTTP request sent, awaiting response... 200 OK
Length: 58918 (58K) [image/jpeg]
Saving to: ‘utmccf.wordpress.com/wp-content/uploads/2025/04/r_proc.jpg@w=718’

     0K .......... .......... .......... .......... .......... 86%  471M 0s
    50K .......                                               100% 14.0T=0s

2026-09-23 06:38:38 (542 MB/s) - ‘utmccf.wordpress.com/wp-content/uploads/2025/04/r_proc.jpg@w=718’ saved [58918/58918]

--2026-09-23 06:38:38--  https://utmccf.wordpress.com/wp-content/uploads/2025/04/r_proc.jpg?w=105
Reusing existing connection to utmccf.wordpress.com:443.
HTTP request sent, awaiting response... 200 OK
Length: 3199 (3.1K) [image/jpeg]
Saving to: ‘utmccf.wordpress.com/wp-content/uploads/2025/04/r_proc.jpg@w=105’

     0K ...                                                   100% 19.9G=0s

2026-09-23 06:38:38 (19.9 GB/s) - ‘utmccf.wordpress.com/wp-content/uploads/2025/04/r_proc.jpg@w=105’ saved [3199/3199]

--2026-09-23 06:38:38--  https://utmccf.wordpress.com/wp-content/uploads/2025/04/r_proc.jpg?w=210
Reusing existing connection to utmccf.wordpress.com:443.
HTTP request sent, awaiting response... 200 OK
Length: 8703 (8.5K) [image/jpeg]
Saving to: ‘utmccf.wordpress.com/wp-content/uploads/2025/04/r_proc.jpg@w=210’

     0K ........                                              100% 35.2G=0s

2026-09-23 06:38:38 (35.2 GB/s) - ‘utmccf.wordpress.com/wp-content/uploads/2025/04/r_proc.jpg@w=210’ saved [8703/8703]

--2026-09-23 06:38:38--  https://utmccf.wordpress.com/wp-content/uploads/2025/04/r_proc.jpg?w=768
Reusing existing connection to utmccf.wordpress.com:443.
HTTP request sent, awaiting response... 200 OK
Length: 65383 (64K) [image/jpeg]
Saving to: ‘utmccf.wordpress.com/wp-content/uploads/2025/04/r_proc.jpg@w=768’

     0K .......... .......... .......... .......... .......... 78%  348M 0s
    50K .......... ...                                        100%  419M=0s

2026-09-23 06:38:38 (361 MB/s) - ‘utmccf.wordpress.com/wp-content/uploads/2025/04/r_proc.jpg@w=768’ saved [65383/65383]

--2026-09-23 06:38:38--  https://utmccf.wordpress.com/wp-content/uploads/2024/03/e8818ce4b89ae8a784e58892e58886e4baabe4b98b-e4b998e9a38ee7a0b4e6b5aae79a84e5908ce5ada6-1.png?w=1230&
Reusing existing connection to utmccf.wordpress.com:443.
HTTP request sent, awaiting response... 200 OK
Length: 122008 (119K) [image/png]
Saving to: ‘utmccf.wordpress.com/wp-content/uploads/2024/03/e8818ce4b89ae8a784e58892e58886e4baabe4b98b-e4b998e9a38ee7a0b4e6b5aae79a84e5908ce5ada6-1.png@w=1230&’

     0K .......... .......... .......... .......... .......... 41%  431M 0s
    50K .......... .......... .......... .......... .......... 83%  354M 0s
   100K .......... .........                                  100%  526M=0s

2026-09-23 06:38:39 (406 MB/s) - ‘utmccf.wordpress.com/wp-content/uploads/2024/03/e8818ce4b89ae8a784e58892e58886e4baabe4b98b-e4b998e9a38ee7a0b4e6b5aae79a84e5908ce5ada6-1.png@w=1230&’ saved [122008/122008]

--2026-09-23 06:38:39--  https://utmccf.wordpress.com/wp-content/uploads/2024/01/e58c85e9a5bae5ad90poster.png?w=1230&
Reusing existing connection to utmccf.wordpress.com:443.
HTTP request sent, awaiting response... 200 OK
Length: 258584 (253K) [image/png]
Saving to: ‘utmccf.wordpress.com/wp-content/uploads/2024/01/e58c85e9a5bae5ad90poster.png@w=1230&’

     0K .......... .......... .......... .......... .......... 19%  183M 0s
    50K .......... .......... .......... .......... .......... 39% 1.05M 0s
   100K .......... .......... .......... .......... .......... 59% 2.71M 0s
   150K .......... .......... .......... .......... .......... 79%  312M 0s
   200K .......... .......... .......... .......... .......... 99%  311M 0s
   250K ..                                                    100% 79.3M=0.07s

2026-09-23 06:38:40 (3.77 MB/s) - ‘utmccf.wordpress.com/wp-content/uploads/2024/01/e58c85e9a5bae5ad90poster.png@w=1230&’ saved [258584/258584]

--2026-09-23 06:38:40--  https://utmccf.wordpress.com/wp-content/uploads/2023/09/3-2.png?w=1230&
Reusing existing connection to utmccf.wordpress.com:443.
HTTP request sent, awaiting response... 200 OK
Length: 304429 (297K) [image/png]
Saving to: ‘utmccf.wordpress.com/wp-content/uploads/2023/09/3-2.png@w=1230&’

     0K .......... .......... .......... .......... .......... 16% 60.2M 0s
    50K .......... .......... .......... .......... .......... 33% 5.01M 0s
   100K .......... .......... .......... .......... .......... 50% 6.54M 0s
   150K .......... .......... .......... .......... .......... 67% 28.9M 0s
   200K .......... .......... .......... .......... .......... 84%  300M 0s
   250K .......... .......... .......... .......... .......   100%  305M=0.02s

2026-09-23 06:38:42 (14.5 MB/s) - ‘utmccf.wordpress.com/wp-content/uploads/2023/09/3-2.png@w=1230&’ saved [304429/304429]

--2026-09-23 06:38:42--  https://utmccf.wordpress.com/wp-content/uploads/2023/05/5-12.png
Reusing existing connection to utmccf.wordpress.com:443.
HTTP request sent, awaiting response... 200 OK
Length: 437230 (427K) [image/png]
Saving to: ‘utmccf.wordpress.com/wp-content/uploads/2023/05/5-12.png’

     0K .......... .......... .......... .......... .......... 11%  463M 0s
    50K .......... .......... .......... .......... .......... 23% 28.6M 0s
   100K .......... .......... .......... .......... .......... 35% 12.2M 0s
   150K .......... .......... .......... .......... .......... 46%  351M 0s
   200K .......... .......... .......... .......... .......... 58%  484M 0s
   250K .......... .......... .......... .......... .......... 70%  488M 0s
   300K .......... .......... .......... .......... .......... 81% 55.3M 0s
   350K .......... .......... .......... .......... .......... 93%  240M 0s
   400K .......... .......... ......                          100%  522M=0.007s

2026-09-23 06:38:42 (57.1 MB/s) - ‘utmccf.wordpress.com/wp-content/uploads/2023/05/5-12.png’ saved [437230/437230]

--2026-09-23 06:38:42--  https://utmccf.wordpress.com/wp-content/uploads/2023/05/5-12.png?w=791
Reusing existing connection to utmccf.wordpress.com:443.
HTTP request sent, awaiting response... 200 OK
Length: 103565 (101K) [image/png]
Saving to: ‘utmccf.wordpress.com/wp-content/uploads/2023/05/5-12.png@w=791’

     0K .......... .......... .......... .......... .......... 49%  325M 0s
    50K .......... .......... .......... .......... .......... 98%  490M 0s
   100K .                                                     100% 2.12T=0s

2026-09-23 06:38:42 (396 MB/s) - ‘utmccf.wordpress.com/wp-content/uploads/2023/05/5-12.png@w=791’ saved [103565/103565]

--2026-09-23 06:38:42--  https://utmccf.wordpress.com/wp-content/uploads/2023/05/5-12.png?w=116
Reusing existing connection to utmccf.wordpress.com:443.
HTTP request sent, awaiting response... 200 OK
Length: 7706 (7.5K) [image/png]
Saving to: ‘utmccf.wordpress.com/wp-content/uploads/2023/05/5-12.png@w=116’

     0K .......                                               100% 34.0G=0s

2026-09-23 06:38:42 (34.0 GB/s) - ‘utmccf.wordpress.com/wp-content/uploads/2023/05/5-12.png@w=116’ saved [7706/7706]

--2026-09-23 06:38:42--  https://utmccf.wordpress.com/wp-content/uploads/2023/05/5-12.png?w=232
Reusing existing connection to utmccf.wordpress.com:443.
HTTP request sent, awaiting response... 200 OK
Length: 18491 (18K) [image/png]
Saving to: ‘utmccf.wordpress.com/wp-content/uploads/2023/05/5-12.png@w=232’

     0K .......... ........                                   100%  466M=0s

2026-09-23 06:38:43 (466 MB/s) - ‘utmccf.wordpress.com/wp-content/uploads/2023/05/5-12.png@w=232’ saved [18491/18491]

--2026-09-23 06:38:43--  https://utmccf.wordpress.com/wp-content/uploads/2023/05/5-12.png?w=768
Reusing existing connection to utmccf.wordpress.com:443.
HTTP request sent, awaiting response... 200 OK
Length: 100337 (98K) [image/png]
Saving to: ‘utmccf.wordpress.com/wp-content/uploads/2023/05/5-12.png@w=768’

     0K .......... .......... .......... .......... .......... 51%  418M 0s
    50K .......... .......... .......... .......... .......   100%  466M=0s

2026-09-23 06:38:43 (440 MB/s) - ‘utmccf.wordpress.com/wp-content/uploads/2023/05/5-12.png@w=768’ saved [100337/100337]

--2026-09-23 06:38:43--  https://utmccf.wordpress.com/wp-content/uploads/2023/05/5-12.png?w=1440
Reusing existing connection to utmccf.wordpress.com:443.
HTTP request sent, awaiting response... 200 OK
Length: 245853 (240K) [image/png]
Saving to: ‘utmccf.wordpress.com/wp-content/uploads/2023/05/5-12.png@w=1440’

     0K .......... .......... .......... .......... .......... 20%  384M 0s
    50K .......... .......... .......... .......... .......... 41% 6.74M 0s
   100K .......... .......... .......... .......... .......... 62% 10.1M 0s
   150K .......... .......... .......... .......... .......... 83%  117M 0s
   200K .......... .......... .......... ..........           100%  178M=0.01s

2026-09-23 06:38:44 (18.3 MB/s) - ‘utmccf.wordpress.com/wp-content/uploads/2023/05/5-12.png@w=1440’ saved [245853/245853]

--2026-09-23 06:38:44--  https://utmccf.wordpress.com/wp-content/uploads/2023/03/music-worship-night.png?w=1230&
Reusing existing connection to utmccf.wordpress.com:443.
HTTP request sent, awaiting response... 200 OK
Length: 101699 (99K) [image/png]
Saving to: ‘utmccf.wordpress.com/wp-content/uploads/2023/03/music-worship-night.png@w=1230&’

     0K .......... .......... .......... .......... .......... 50%  396M 0s
    50K .......... .......... .......... .......... ......... 100%  508M=0s

2026-09-23 06:38:45 (444 MB/s) - ‘utmccf.wordpress.com/wp-content/uploads/2023/03/music-worship-night.png@w=1230&’ saved [101699/101699]

--2026-09-23 06:38:45--  https://utmccf.wordpress.com/wp-content/uploads/2023/02/e58786e6af95e4b89ae7949fe8aeb2e5baa7.png
Reusing existing connection to utmccf.wordpress.com:443.
HTTP request sent, awaiting response... 200 OK
Length: 1432975 (1.4M) [image/png]
Saving to: ‘utmccf.wordpress.com/wp-content/uploads/2023/02/e58786e6af95e4b89ae7949fe8aeb2e5baa7.png’

     0K .......... .......... .......... .......... ..........  3%  483M 0s
    50K .......... .......... .......... .......... ..........  7% 17.3M 0s
   100K .......... .......... .......... .......... .......... 10% 5.39M 0s
   150K .......... .......... .......... .......... .......... 14% 25.6M 0s
   200K .......... .......... .......... .......... .......... 17%  139M 0s
   250K .......... .......... .......... .......... .......... 21% 13.0M 0s
   300K .......... .......... .......... .......... .......... 25% 38.0M 0s
   350K .......... .......... .......... .......... .......... 28% 18.4M 0s
   400K .......... .......... .......... .......... .......... 32% 18.9M 0s
   450K .......... .......... .......... .......... .......... 35%  301M 0s
   500K .......... .......... .......... .......... .......... 39% 12.7M 0s
   550K .......... .......... .......... .......... .......... 42% 19.0M 0s
   600K .......... .......... .......... .......... .......... 46% 9.19M 0s
   650K .......... .......... .......... .......... .......... 50%  314M 0s
   700K .......... .......... .......... .......... .......... 53% 24.4M 0s
   750K .......... .......... .......... .......... .......... 57% 28.0M 0s
   800K .......... .......... .......... .......... .......... 60% 64.1M 0s
   850K .......... .......... .......... .......... .......... 64%  300M 0s
   900K .......... .......... .......... .......... .......... 67%  303M 0s
   950K .......... .......... .......... .......... .......... 71% 45.6M 0s
  1000K .......... .......... .......... .......... .......... 75% 22.0M 0s
  1050K .......... .......... .......... .......... .......... 78% 14.8M 0s
  1100K .......... .......... .......... .......... .......... 82%  295M 0s
  1150K .......... .......... .......... .......... .......... 85% 66.9M 0s
  1200K .......... .......... .......... .......... .......... 89% 90.3M 0s
  1250K .......... .......... .......... .......... .......... 92% 9.92M 0s
  1300K .......... .......... .......... .......... .......... 96%  325M 0s
  1350K .......... .......... .......... .......... ......... 100%  539M=0.05s

2026-09-23 06:38:45 (25.0 MB/s) - ‘utmccf.wordpress.com/wp-content/uploads/2023/02/e58786e6af95e4b89ae7949fe8aeb2e5baa7.png’ saved [1432975/1432975]

--2026-09-23 06:38:45--  https://utmccf.wordpress.com/wp-content/uploads/2023/02/e58786e6af95e4b89ae7949fe8aeb2e5baa7.png?w=768
Reusing existing connection to utmccf.wordpress.com:443.
HTTP request sent, awaiting response... 200 OK
Length: 102483 (100K) [image/png]
Saving to: ‘utmccf.wordpress.com/wp-content/uploads/2023/02/e58786e6af95e4b89ae7949fe8aeb2e5baa7.png@w=768’

     0K .......... .......... .......... .......... .......... 49%  335M 0s
    50K .......... .......... .......... .......... .......... 99%  418M 0s
   100K                                                       100%  155G=0s

2026-09-23 06:38:45 (372 MB/s) - ‘utmccf.wordpress.com/wp-content/uploads/2023/02/e58786e6af95e4b89ae7949fe8aeb2e5baa7.png@w=768’ saved [102483/102483]

--2026-09-23 06:38:45--  https://utmccf.wordpress.com/wp-content/uploads/2023/02/e58786e6af95e4b89ae7949fe8aeb2e5baa7.png?w=1536
Reusing existing connection to utmccf.wordpress.com:443.
HTTP request sent, awaiting response... 200 OK
Length: 304691 (298K) [image/png]
Saving to: ‘utmccf.wordpress.com/wp-content/uploads/2023/02/e58786e6af95e4b89ae7949fe8aeb2e5baa7.png@w=1536’

     0K .......... .......... .......... .......... .......... 16%  175M 0s
    50K .......... .......... .......... .......... .......... 33% 60.8M 0s
   100K .......... .......... .......... .......... .......... 50% 26.0M 0s
   150K .......... .......... .......... .......... .......... 67% 56.6M 0s
   200K .......... .......... .......... .......... .......... 84%  273M 0s
   250K .......... .......... .......... .......... .......   100%  325M=0.004s

2026-09-23 06:38:47 (70.0 MB/s) - ‘utmccf.wordpress.com/wp-content/uploads/2023/02/e58786e6af95e4b89ae7949fe8aeb2e5baa7.png@w=1536’ saved [304691/304691]

--2026-09-23 06:38:47--  https://utmccf.wordpress.com/wp-content/uploads/2023/02/e58786e6af95e4b89ae7949fe8aeb2e5baa7.png?w=113
Reusing existing connection to utmccf.wordpress.com:443.
HTTP request sent, awaiting response... 200 OK
Length: 6290 (6.1K) [image/png]
Saving to: ‘utmccf.wordpress.com/wp-content/uploads/2023/02/e58786e6af95e4b89ae7949fe8aeb2e5baa7.png@w=113’

     0K ......                                                100% 20.1G=0s

2026-09-23 06:38:47 (20.1 GB/s) - ‘utmccf.wordpress.com/wp-content/uploads/2023/02/e58786e6af95e4b89ae7949fe8aeb2e5baa7.png@w=113’ saved [6290/6290]

--2026-09-23 06:38:47--  https://utmccf.wordpress.com/wp-content/uploads/2023/02/e58786e6af95e4b89ae7949fe8aeb2e5baa7.png?w=225
Reusing existing connection to utmccf.wordpress.com:443.
HTTP request sent, awaiting response... 200 OK
Length: 16307 (16K) [image/png]
Saving to: ‘utmccf.wordpress.com/wp-content/uploads/2023/02/e58786e6af95e4b89ae7949fe8aeb2e5baa7.png@w=225’

     0K .......... .....                                      100%  400M=0s

2026-09-23 06:38:47 (400 MB/s) - ‘utmccf.wordpress.com/wp-content/uploads/2023/02/e58786e6af95e4b89ae7949fe8aeb2e5baa7.png@w=225’ saved [16307/16307]

--2026-09-23 06:38:47--  https://utmccf.wordpress.com/wp-content/uploads/2023/02/e58786e6af95e4b89ae7949fe8aeb2e5baa7.png?w=1440
Reusing existing connection to utmccf.wordpress.com:443.
HTTP request sent, awaiting response... 200 OK
Length: 278881 (272K) [image/png]
Saving to: ‘utmccf.wordpress.com/wp-content/uploads/2023/02/e58786e6af95e4b89ae7949fe8aeb2e5baa7.png@w=1440’

     0K .......... .......... .......... .......... .......... 18%  187M 0s
    50K .......... .......... .......... .......... .......... 36% 4.67M 0s
   100K .......... .......... .......... .......... .......... 55% 6.63M 0s
   150K .......... .......... .......... .......... .......... 73%  176M 0s
   200K .......... .......... .......... .......... .......... 91%  333M 0s
   250K .......... .......... ..                              100%  221M=0.02s

2026-09-23 06:38:48 (14.3 MB/s) - ‘utmccf.wordpress.com/wp-content/uploads/2023/02/e58786e6af95e4b89ae7949fe8aeb2e5baa7.png@w=1440’ saved [278881/278881]

--2026-09-23 06:38:48--  https://utmccf.wordpress.com/wp-content/uploads/2022/11/122-poster.png?w=1230&
Reusing existing connection to utmccf.wordpress.com:443.
HTTP request sent, awaiting response... 200 OK
Length: 851393 (831K) [image/png]
Saving to: ‘utmccf.wordpress.com/wp-content/uploads/2022/11/122-poster.png@w=1230&’

     0K .......... .......... .......... .......... ..........  6%  167M 0s
    50K .......... .......... .......... .......... .......... 12% 4.46M 0s
   100K .......... .......... .......... .......... .......... 18% 5.67M 0s
   150K .......... .......... .......... .......... .......... 24% 14.6M 0s
   200K .......... .......... .......... .......... .......... 30%  248M 0s
   250K .......... .......... .......... .......... .......... 36% 11.0M 0s
   300K .......... .......... .......... .......... .......... 42% 16.8M 0s
   350K .......... .......... .......... .......... .......... 48% 14.3M 0s
   400K .......... .......... .......... .......... .......... 54% 12.2M 0s
   450K .......... .......... .......... .......... .......... 60%  320M 0s
   500K .......... .......... .......... .......... .......... 66% 17.8M 0s
   550K .......... .......... .......... .......... .......... 72% 22.7M 0s
   600K .......... .......... .......... .......... .......... 78% 19.0M 0s
   650K .......... .......... .......... .......... .......... 84% 26.8M 0s
   700K .......... .......... .......... .......... .......... 90%  346M 0s
   750K .......... .......... .......... .......... .......... 96%  334M 0s
   800K .......... .......... .......... .                    100%  402M=0.05s

2026-09-23 06:38:50 (16.9 MB/s) - ‘utmccf.wordpress.com/wp-content/uploads/2022/11/122-poster.png@w=1230&’ saved [851393/851393]

--2026-09-23 06:38:50--  https://utmccf.wordpress.com/wp-content/uploads/2022/11/122-poster.png
Reusing existing connection to utmccf.wordpress.com:443.
HTTP request sent, awaiting response... 200 OK
Length: 3688932 (3.5M) [image/png]
Saving to: ‘utmccf.wordpress.com/wp-content/uploads/2022/11/122-poster.png’

     0K .......... .......... .......... .......... ..........  1%  371M 0s
    50K .......... .......... .......... .......... ..........  2% 11.5M 0s
   100K .......... .......... .......... .......... ..........  4% 9.33M 0s
   150K .......... .......... .......... .......... ..........  5% 11.0M 0s
   200K .......... .......... .......... .......... ..........  6%  140M 0s
   250K .......... .......... .......... .......... ..........  8% 12.2M 0s
   300K .......... .......... .......... .......... ..........  9% 11.8M 0s
   350K .......... .......... .......... .......... .......... 11% 13.4M 0s
   400K .......... .......... .......... .......... .......... 12% 13.7M 0s
   450K .......... .......... .......... .......... .......... 13%  317M 0s
   500K .......... .......... .......... .......... .......... 15% 17.8M 0s
   550K .......... .......... .......... .......... .......... 16%  206M 0s
   600K .......... .......... .......... .......... .......... 18% 25.7M 0s
   650K .......... .......... .......... .......... .......... 19%  220M 0s
   700K .......... .......... .......... .......... .......... 20% 37.3M 0s
   750K .......... .......... .......... .......... .......... 22% 29.8M 0s
   800K .......... .......... .......... .......... .......... 23% 34.0M 0s
   850K .......... .......... .......... .......... .......... 24% 55.5M 0s
   900K .......... .......... .......... .......... .......... 26%  287M 0s
   950K .......... .......... .......... .......... .......... 27% 25.9M 0s
  1000K .......... .......... .......... .......... .......... 29% 34.3M 0s
  1050K .......... .......... .......... .......... .......... 30% 38.4M 0s
  1100K .......... .......... .......... .......... .......... 31%  379M 0s
  1150K .......... .......... .......... .......... .......... 33% 34.1M 0s
  1200K .......... .......... .......... .......... .......... 34% 18.8M 0s
  1250K .......... .......... .......... .......... .......... 36% 67.8M 0s
  1300K .......... .......... .......... .......... .......... 37% 46.1M 0s
  1350K .......... .......... .......... .......... .......... 38%  315M 0s
  1400K .......... .......... .......... .......... .......... 40% 42.6M 0s
  1450K .......... .......... .......... .......... .......... 41% 47.6M 0s
  1500K .......... .......... .......... .......... .......... 43% 57.0M 0s
  1550K .......... .......... .......... .......... .......... 44% 62.5M 0s
  1600K .......... .......... .......... .......... .......... 45%  335M 0s
  1650K .......... .......... .......... .......... .......... 47% 39.9M 0s
  1700K .......... .......... .......... .......... .......... 48% 58.4M 0s
  1750K .......... .......... .......... .......... .......... 49% 60.0M 0s
  1800K .......... .......... .......... .......... .......... 51%  313M 0s
  1850K .......... .......... .......... .......... .......... 52% 62.4M 0s
  1900K .......... .......... .......... .......... .......... 54% 63.6M 0s
  1950K .......... .......... .......... .......... .......... 55% 69.1M 0s
  2000K .......... .......... .......... .......... .......... 56% 41.2M 0s
  2050K .......... .......... .......... .......... .......... 58%  481M 0s
  2100K .......... .......... .......... .......... .......... 59%  106M 0s
  2150K .......... .......... .......... .......... .......... 61% 88.2M 0s
  2200K .......... .......... .......... .......... .......... 62% 99.1M 0s
  2250K .......... .......... .......... .......... .......... 63%  286M 0s
  2300K .......... .......... .......... .......... .......... 65% 80.9M 0s
  2350K .......... .......... .......... .......... .......... 66% 36.9M 0s
  2400K .......... .......... .......... .......... .......... 68%  344M 0s
  2450K .......... .......... .......... .......... .......... 69%  411M 0s
  2500K .......... .......... .......... .......... .......... 70%  327M 0s
  2550K .......... .......... .......... .......... .......... 72%  110M 0s
  2600K .......... .......... .......... .......... .......... 73% 97.0M 0s
  2650K .......... .......... .......... .......... .......... 74% 65.2M 0s
  2700K .......... .......... .......... .......... .......... 76%  474M 0s
  2750K .......... .......... .......... .......... .......... 77%  134M 0s
  2800K .......... .......... .......... .......... .......... 79% 76.0M 0s
  2850K .......... .......... .......... .......... .......... 80%  147M 0s
  2900K .......... .......... .......... .......... .......... 81% 74.4M 0s
  2950K .......... .......... .......... .......... .......... 83%  288M 0s
  3000K .......... .......... .......... .......... .......... 84%  381M 0s
  3050K .......... .......... .......... .......... .......... 86%  104M 0s
  3100K .......... .......... .......... .......... .......... 87% 99.7M 0s
  3150K .......... .......... .......... .......... .......... 88%  108M 0s
  3200K .......... .......... .......... .......... .......... 90%  347M 0s
  3250K .......... .......... .......... .......... .......... 91%  136M 0s
  3300K .......... .......... .......... .......... .......... 92%  121M 0s
  3350K .......... .......... .......... .......... .......... 94% 86.5M 0s
  3400K .......... .......... .......... .......... .......... 95%  329M 0s
  3450K .......... .......... .......... .......... .......... 97%  136M 0s
  3500K .......... .......... .......... .......... .......... 98%  356M 0s
  3550K .......... .......... .......... .......... .......... 99%  327M 0s
  3600K ..                                                    100% 4.61T=0.07s

2026-09-23 06:38:50 (47.9 MB/s) - ‘utmccf.wordpress.com/wp-content/uploads/2022/11/122-poster.png’ saved [3688932/3688932]

--2026-09-23 06:38:50--  https://utmccf.wordpress.com/wp-content/uploads/2022/11/122-poster.png?w=486
Reusing existing connection to utmccf.wordpress.com:443.
HTTP request sent, awaiting response... 200 OK
Length: 156040 (152K) [image/png]
Saving to: ‘utmccf.wordpress.com/wp-content/uploads/2022/11/122-poster.png@w=486’

     0K .......... .......... .......... .......... .......... 32%  295M 0s
    50K .......... .......... .......... .......... .......... 65% 7.84M 0s
   100K .......... .......... .......... .......... .......... 98%  441M 0s
   150K ..                                                    100% 4.44T=0.007s

2026-09-23 06:38:51 (22.9 MB/s) - ‘utmccf.wordpress.com/wp-content/uploads/2022/11/122-poster.png@w=486’ saved [156040/156040]

--2026-09-23 06:38:51--  https://utmccf.wordpress.com/wp-content/uploads/2022/11/122-poster.png?w=972
Reusing existing connection to utmccf.wordpress.com:443.
HTTP request sent, awaiting response... 200 OK
Length: 552531 (540K) [image/png]
Saving to: ‘utmccf.wordpress.com/wp-content/uploads/2022/11/122-poster.png@w=972’

     0K .......... .......... .......... .......... ..........  9%  182M 0s
    50K .......... .......... .......... .......... .......... 18% 26.8M 0s
   100K .......... .......... .......... .......... .......... 27% 25.1M 0s
   150K .......... .......... .......... .......... .......... 37% 4.29M 0s
   200K .......... .......... .......... .......... .......... 46%  320M 0s
   250K .......... .......... .......... .......... .......... 55% 24.0M 0s
   300K .......... .......... .......... .......... .......... 64% 23.3M 0s
   350K .......... .......... .......... .......... .......... 74% 28.5M 0s
   400K .......... .......... .......... .......... .......... 83%  269M 0s
   450K .......... .......... .......... .......... .......... 92%  434M 0s
   500K .......... .......... .......... .........            100%  416M=0.02s

2026-09-23 06:38:52 (24.2 MB/s) - ‘utmccf.wordpress.com/wp-content/uploads/2022/11/122-poster.png@w=972’ saved [552531/552531]

--2026-09-23 06:38:52--  https://utmccf.wordpress.com/wp-content/uploads/2022/11/wechatimg1987.jpeg?w=476&
Reusing existing connection to utmccf.wordpress.com:443.
HTTP request sent, awaiting response... 200 OK
Length: 119259 (116K) [image/jpeg]
Saving to: ‘utmccf.wordpress.com/wp-content/uploads/2022/11/wechatimg1987.jpeg@w=476&’

     0K .......... .......... .......... .......... .......... 42%  379M 0s
    50K .......... .......... .......... .......... .......... 85%  119M 0s
   100K .......... ......                                     100%  496M=0.001s

2026-09-23 06:38:52 (199 MB/s) - ‘utmccf.wordpress.com/wp-content/uploads/2022/11/wechatimg1987.jpeg@w=476&’ saved [119259/119259]

--2026-09-23 06:38:52--  https://utmccf.wordpress.com/wp-content/uploads/2022/11/wechatimg1987.jpeg?w=363
Reusing existing connection to utmccf.wordpress.com:443.
HTTP request sent, awaiting response... 200 OK
Length: 55635 (54K) [image/jpeg]
Saving to: ‘utmccf.wordpress.com/wp-content/uploads/2022/11/wechatimg1987.jpeg@w=363’

     0K .......... .......... .......... .......... .......... 92%  476M 0s
    50K ....                                                  100% 8.07T=0s

2026-09-23 06:38:52 (518 MB/s) - ‘utmccf.wordpress.com/wp-content/uploads/2022/11/wechatimg1987.jpeg@w=363’ saved [55635/55635]

--2026-09-23 06:38:52--  https://utmccf.wordpress.com/wp-content/uploads/2022/09/2022e5bc80e5ada6e6b5b7e68aa5.png?w=1230&
Reusing existing connection to utmccf.wordpress.com:443.
HTTP request sent, awaiting response... 200 OK
Length: 162637 (159K) [image/png]
Saving to: ‘utmccf.wordpress.com/wp-content/uploads/2022/09/2022e5bc80e5ada6e6b5b7e68aa5.png@w=1230&’

     0K .......... .......... .......... .......... .......... 31%  181M 0s
    50K .......... .......... .......... .......... .......... 62% 35.1M 0s
   100K .......... .......... .......... .......... .......... 94%  328M 0s
   150K ........                                              100%  311M=0.002s

2026-09-23 06:38:53 (84.4 MB/s) - ‘utmccf.wordpress.com/wp-content/uploads/2022/09/2022e5bc80e5ada6e6b5b7e68aa5.png@w=1230&’ saved [162637/162637]

--2026-09-23 06:38:53--  https://utmccf.wordpress.com/wp-content/uploads/2022/09/aaron-owens-isdzgsxaoza-unsplash.jpg?w=1230&
Reusing existing connection to utmccf.wordpress.com:443.
HTTP request sent, awaiting response... 200 OK
Length: 179241 (175K) [image/jpeg]
Saving to: ‘utmccf.wordpress.com/wp-content/uploads/2022/09/aaron-owens-isdzgsxaoza-unsplash.jpg@w=1230&’

     0K .......... .......... .......... .......... .......... 28%  283M 0s
    50K .......... .......... .......... .......... .......... 57% 5.29M 0s
   100K .......... .......... .......... .......... .......... 85%  319M 0s
   150K .......... .......... .....                           100%  367M=0.01s

2026-09-23 06:38:54 (17.8 MB/s) - ‘utmccf.wordpress.com/wp-content/uploads/2022/09/aaron-owens-isdzgsxaoza-unsplash.jpg@w=1230&’ saved [179241/179241]

--2026-09-23 06:38:54--  https://utmccf.wordpress.com/wp-content/uploads/2022/09/2022f-orientation.png?w=1230&
Reusing existing connection to utmccf.wordpress.com:443.
HTTP request sent, awaiting response... 200 OK
Length: 306797 (300K) [image/png]
Saving to: ‘utmccf.wordpress.com/wp-content/uploads/2022/09/2022f-orientation.png@w=1230&’

     0K .......... .......... .......... .......... .......... 16%  171M 0s
    50K .......... .......... .......... .......... .......... 33% 10.5M 0s
   100K .......... .......... .......... .......... .......... 50% 9.98M 0s
   150K .......... .......... .......... .......... .......... 66% 1.32M 0s
   200K .......... .......... .......... .......... .......... 83%  279M 0s
   250K .......... .......... .......... .......... ......... 100%  145M=0.05s

2026-09-23 06:38:55 (6.17 MB/s) - ‘utmccf.wordpress.com/wp-content/uploads/2022/09/2022f-orientation.png@w=1230&’ saved [306797/306797]

--2026-09-23 06:38:55--  https://utmccf.wordpress.com/wp-content/uploads/2009/09/facebook-icon.png?w=27&h=27
Reusing existing connection to utmccf.wordpress.com:443.
HTTP request sent, awaiting response... 200 OK
Length: 1204 (1.2K) [image/png]
Saving to: ‘utmccf.wordpress.com/wp-content/uploads/2009/09/facebook-icon.png@w=27&h=27’

     0K .                                                     100% 3.87G=0s

2026-09-23 06:38:55 (3.87 GB/s) - ‘utmccf.wordpress.com/wp-content/uploads/2009/09/facebook-icon.png@w=27&h=27’ saved [1204/1204]

--2026-09-23 06:38:55--  https://utmccf.wordpress.com/wp-content/uploads/2009/09/renren.png
Reusing existing connection to utmccf.wordpress.com:443.
HTTP request sent, awaiting response... 200 OK
Length: 3143 (3.1K) [image/png]
Saving to: ‘utmccf.wordpress.com/wp-content/uploads/2009/09/renren.png’

     0K ...                                                   100% 8.13G=0s

2026-09-23 06:38:55 (8.13 GB/s) - ‘utmccf.wordpress.com/wp-content/uploads/2009/09/renren.png’ saved [3143/3143]

--2026-09-23 06:38:55--  https://utmccf.wordpress.com/wp-content/uploads/2009/09/renren.png?w=105&h=30
Reusing existing connection to utmccf.wordpress.com:443.
HTTP request sent, awaiting response... 200 OK
Length: 1616 (1.6K) [image/png]
Saving to: ‘utmccf.wordpress.com/wp-content/uploads/2009/09/renren.png@w=105&h=30’

     0K .                                                     100% 8.80G=0s

2026-09-23 06:38:55 (8.80 GB/s) - ‘utmccf.wordpress.com/wp-content/uploads/2009/09/renren.png@w=105&h=30’ saved [1616/1616]

--2026-09-23 06:38:55--  https://utmccf.wordpress.com/wp-content/mu-plugins/jetpack-plugin/moon/_inc/build/sharedaddy/sharing.min.js?m=1787950866i
Reusing existing connection to utmccf.wordpress.com:443.
HTTP request sent, awaiting response... 200 OK
Length: 9578 (9.4K) [application/javascript]
Saving to: ‘utmccf.wordpress.com/wp-content/mu-plugins/jetpack-plugin/moon/_inc/build/sharedaddy/sharing.min.js@m=1787950866i’

     0K .........                                             100% 31.9G=0s

2026-09-23 06:38:55 (31.9 GB/s) - ‘utmccf.wordpress.com/wp-content/mu-plugins/jetpack-plugin/moon/_inc/build/sharedaddy/sharing.min.js@m=1787950866i’ saved [9578/9578]

--2026-09-23 06:38:55--  https://utmccf.wordpress.com/wp-content/uploads/2012/08/e9878de7949f.jpg
Reusing existing connection to utmccf.wordpress.com:443.
HTTP request sent, awaiting response... 200 OK
Length: 147432 (144K) [image/jpeg]
Saving to: ‘utmccf.wordpress.com/wp-content/uploads/2012/08/e9878de7949f.jpg’

     0K .......... .......... .......... .......... .......... 34%  451M 0s
    50K .......... .......... .......... .......... .......... 69% 14.5M 0s
   100K .......... .......... .......... .......... ...       100%  422M=0.004s

2026-09-23 06:38:55 (39.2 MB/s) - ‘utmccf.wordpress.com/wp-content/uploads/2012/08/e9878de7949f.jpg’ saved [147432/147432]

--2026-09-23 06:38:55--  https://utmccf.wordpress.com/wp-content/uploads/2012/08/e9878de7949f.jpg?w=450&h=598
Reusing existing connection to utmccf.wordpress.com:443.
HTTP request sent, awaiting response... 200 OK
Length: 48132 (47K) [image/jpeg]
Saving to: ‘utmccf.wordpress.com/wp-content/uploads/2012/08/e9878de7949f.jpg@w=450&h=598’

     0K .......... .......... .......... .......... .......   100%  394M=0s

2026-09-23 06:38:55 (394 MB/s) - ‘utmccf.wordpress.com/wp-content/uploads/2012/08/e9878de7949f.jpg@w=450&h=598’ saved [48132/48132]

--2026-09-23 06:38:55--  https://utmccf.wordpress.com/wp-content/uploads/2012/08/e58d81e5ad97e69eb6e4b88ee5b0b1e681a9.jpg
Reusing existing connection to utmccf.wordpress.com:443.
HTTP request sent, awaiting response... 200 OK
Length: 82099 (80K) [image/jpeg]
Saving to: ‘utmccf.wordpress.com/wp-content/uploads/2012/08/e58d81e5ad97e69eb6e4b88ee5b0b1e681a9.jpg’

     0K .......... .......... .......... .......... .......... 62%  328M 0s
    50K .......... .......... ..........                      100%  465M=0s

2026-09-23 06:38:55 (369 MB/s) - ‘utmccf.wordpress.com/wp-content/uploads/2012/08/e58d81e5ad97e69eb6e4b88ee5b0b1e681a9.jpg’ saved [82099/82099]

--2026-09-23 06:38:55--  https://utmccf.wordpress.com/wp-content/uploads/2012/08/e58d81e5ad97e69eb6e4b88ee5b0b1e681a9.jpg?w=450&h=585
Reusing existing connection to utmccf.wordpress.com:443.
HTTP request sent, awaiting response... 200 OK
Length: 51199 (50K) [image/jpeg]
Saving to: ‘utmccf.wordpress.com/wp-content/uploads/2012/08/e58d81e5ad97e69eb6e4b88ee5b0b1e681a9.jpg@w=450&h=585’

     0K .......... .......... .......... .......... ......... 100%  444M=0s

2026-09-23 06:38:56 (444 MB/s) - ‘utmccf.wordpress.com/wp-content/uploads/2012/08/e58d81e5ad97e69eb6e4b88ee5b0b1e681a9.jpg@w=450&h=585’ saved [51199/51199]

--2026-09-23 06:38:56--  https://utmccf.wordpress.com/wp-content/uploads/2012/08/e5afb9e4bb98e7bdaa.jpg
Reusing existing connection to utmccf.wordpress.com:443.
HTTP request sent, awaiting response... 200 OK
Length: 187061 (183K) [image/jpeg]
Saving to: ‘utmccf.wordpress.com/wp-content/uploads/2012/08/e5afb9e4bb98e7bdaa.jpg’

     0K .......... .......... .......... .......... .......... 27%  470M 0s
    50K .......... .......... .......... .......... .......... 54% 5.48M 0s
   100K .......... .......... .......... .......... .......... 82% 67.5M 0s
   150K .......... .......... .......... ..                   100%  440M=0.01s

2026-09-23 06:38:56 (18.2 MB/s) - ‘utmccf.wordpress.com/wp-content/uploads/2012/08/e5afb9e4bb98e7bdaa.jpg’ saved [187061/187061]

--2026-09-23 06:38:56--  https://utmccf.wordpress.com/wp-content/uploads/2012/08/e5afb9e4bb98e7bdaa.jpg?w=450&h=592
Reusing existing connection to utmccf.wordpress.com:443.
HTTP request sent, awaiting response... 200 OK
Length: 55974 (55K) [image/jpeg]
Saving to: ‘utmccf.wordpress.com/wp-content/uploads/2012/08/e5afb9e4bb98e7bdaa.jpg@w=450&h=592’

     0K .......... .......... .......... .......... .......... 91%  392M 0s
    50K ....                                                  100% 8.68T=0s

2026-09-23 06:38:56 (428 MB/s) - ‘utmccf.wordpress.com/wp-content/uploads/2012/08/e5afb9e4bb98e7bdaa.jpg@w=450&h=592’ saved [55974/55974]

--2026-09-23 06:38:56--  https://utmccf.wordpress.com/wp-content/uploads/2012/08/what-is-sin.png
Reusing existing connection to utmccf.wordpress.com:443.
HTTP request sent, awaiting response... 200 OK
Length: 1035341 (1011K) [image/png]
Saving to: ‘utmccf.wordpress.com/wp-content/uploads/2012/08/what-is-sin.png’

     0K .......... .......... .......... .......... ..........  4%  381M 0s
    50K .......... .......... .......... .......... ..........  9%  649K 1s
   100K .......... .......... .......... .......... .......... 14% 3.18M 1s
   150K .......... .......... .......... .......... .......... 19% 5.00M 0s
   200K .......... .......... .......... .......... .......... 24%  468M 0s
   250K .......... .......... .......... .......... .......... 29% 7.35M 0s
   300K .......... .......... .......... .......... .......... 34% 11.3M 0s
   350K .......... .......... .......... .......... .......... 39% 9.83M 0s
   400K .......... .......... .......... .......... .......... 44% 12.7M 0s
   450K .......... .......... .......... .......... .......... 49%  360M 0s
   500K .......... .......... .......... .......... .......... 54% 10.8M 0s
   550K .......... .......... .......... .......... .......... 59% 14.3M 0s
   600K .......... .......... .......... .......... .......... 64% 18.3M 0s
   650K .......... .......... .......... .......... .......... 69%  339M 0s
   700K .......... .......... .......... .......... .......... 74% 19.6M 0s
   750K .......... .......... .......... .......... .......... 79% 26.7M 0s
   800K .......... .......... .......... .......... .......... 84% 32.7M 0s
   850K .......... .......... .......... .......... .......... 89% 27.2M 0s
   900K .......... .......... .......... .......... .......... 93%  238M 0s
   950K .......... .......... .......... .......... .......... 98%  504M 0s
  1000K .......... .                                          100%  328M=0.1s

2026-09-23 06:38:56 (7.00 MB/s) - ‘utmccf.wordpress.com/wp-content/uploads/2012/08/what-is-sin.png’ saved [1035341/1035341]

--2026-09-23 06:38:56--  https://utmccf.wordpress.com/wp-content/uploads/2012/08/what-is-sin.png?w=450&h=633
Reusing existing connection to utmccf.wordpress.com:443.
HTTP request sent, awaiting response... 200 OK
Length: 137066 (134K) [image/png]
Saving to: ‘utmccf.wordpress.com/wp-content/uploads/2012/08/what-is-sin.png@w=450&h=633’

     0K .......... .......... .......... .......... .......... 37%  173M 0s
    50K .......... .......... .......... .......... .......... 74% 3.62M 0s
   100K .......... .......... .......... ...                  100%  518M=0.01s

2026-09-23 06:38:57 (9.46 MB/s) - ‘utmccf.wordpress.com/wp-content/uploads/2012/08/what-is-sin.png@w=450&h=633’ saved [137066/137066]

--2026-09-23 06:38:57--  https://utmccf.wordpress.com/wp-content/uploads/2012/08/to-know-god.jpg
Reusing existing connection to utmccf.wordpress.com:443.
HTTP request sent, awaiting response... 200 OK
Length: 249935 (244K) [image/jpeg]
Saving to: ‘utmccf.wordpress.com/wp-content/uploads/2012/08/to-know-god.jpg’

     0K .......... .......... .......... .......... .......... 20%  339M 0s
    50K .......... .......... .......... .......... .......... 40% 3.89M 0s
   100K .......... .......... .......... .......... .......... 61% 16.7M 0s
   150K .......... .......... .......... .......... .......... 81%  280M 0s
   200K .......... .......... .......... .......... ....      100%  323M=0.02s

2026-09-23 06:38:57 (15.0 MB/s) - ‘utmccf.wordpress.com/wp-content/uploads/2012/08/to-know-god.jpg’ saved [249935/249935]

--2026-09-23 06:38:57--  https://utmccf.wordpress.com/wp-content/uploads/2012/08/to-know-god.jpg?w=450&h=675
Reusing existing connection to utmccf.wordpress.com:443.
HTTP request sent, awaiting response... 200 OK
Length: 65821 (64K) [image/jpeg]
Saving to: ‘utmccf.wordpress.com/wp-content/uploads/2012/08/to-know-god.jpg@w=450&h=675’

     0K .......... .......... .......... .......... .......... 77%  264M 0s
    50K .......... ....                                       100%  413M=0s

2026-09-23 06:38:57 (287 MB/s) - ‘utmccf.wordpress.com/wp-content/uploads/2012/08/to-know-god.jpg@w=450&h=675’ saved [65821/65821]

--2026-09-23 06:38:57--  https://utmccf.wordpress.com/wp-content/uploads/2012/08/e6b3a5e59c9fe99fb3e4b990e4bc9a.jpg
Reusing existing connection to utmccf.wordpress.com:443.
HTTP request sent, awaiting response... 200 OK
Length: 115739 (113K) [image/jpeg]
Saving to: ‘utmccf.wordpress.com/wp-content/uploads/2012/08/e6b3a5e59c9fe99fb3e4b990e4bc9a.jpg’

     0K .......... .......... .......... .......... .......... 44%  213M 0s
    50K .......... .......... .......... .......... .......... 88%  466M 0s
   100K .......... ...                                        100%  397M=0s

2026-09-23 06:38:57 (301 MB/s) - ‘utmccf.wordpress.com/wp-content/uploads/2012/08/e6b3a5e59c9fe99fb3e4b990e4bc9a.jpg’ saved [115739/115739]

--2026-09-23 06:38:57--  https://utmccf.wordpress.com/wp-content/uploads/2012/08/e6b3a5e59c9fe99fb3e4b990e4bc9a.jpg?w=450&h=584
Reusing existing connection to utmccf.wordpress.com:443.
HTTP request sent, awaiting response... 200 OK
Length: 65466 (64K) [image/jpeg]
Saving to: ‘utmccf.wordpress.com/wp-content/uploads/2012/08/e6b3a5e59c9fe99fb3e4b990e4bc9a.jpg@w=450&h=584’

     0K .......... .......... .......... .......... .......... 78%  429M 0s
    50K .......... ...                                        100%  411M=0s

2026-09-23 06:38:57 (425 MB/s) - ‘utmccf.wordpress.com/wp-content/uploads/2012/08/e6b3a5e59c9fe99fb3e4b990e4bc9a.jpg@w=450&h=584’ saved [65466/65466]

--2026-09-23 06:38:57--  https://utmccf.wordpress.com/wp-content/uploads/2012/08/e4bfa1.jpg
Reusing existing connection to utmccf.wordpress.com:443.
HTTP request sent, awaiting response... 200 OK
Length: 113479 (111K) [image/jpeg]
Saving to: ‘utmccf.wordpress.com/wp-content/uploads/2012/08/e4bfa1.jpg’

     0K .......... .......... .......... .......... .......... 45%  422M 0s
    50K .......... .......... .......... .......... .......... 90%  469M 0s
   100K ..........                                            100% 20.2T=0s

2026-09-23 06:38:57 (492 MB/s) - ‘utmccf.wordpress.com/wp-content/uploads/2012/08/e4bfa1.jpg’ saved [113479/113479]

--2026-09-23 06:38:57--  https://utmccf.wordpress.com/wp-content/uploads/2012/08/e4bfa1.jpg?w=450&h=584
Reusing existing connection to utmccf.wordpress.com:443.
HTTP request sent, awaiting response... 200 OK
Length: 64647 (63K) [image/jpeg]
Saving to: ‘utmccf.wordpress.com/wp-content/uploads/2012/08/e4bfa1.jpg@w=450&h=584’

     0K .......... .......... .......... .......... .......... 79%  352M 0s
    50K .......... ...                                        100% 24.5T=0s

2026-09-23 06:38:57 (445 MB/s) - ‘utmccf.wordpress.com/wp-content/uploads/2012/08/e4bfa1.jpg@w=450&h=584’ saved [64647/64647]

--2026-09-23 06:38:57--  https://utmccf.wordpress.com/wp-content/uploads/2012/08/e68da2e5b18ae98089e4b8be.jpg
Reusing existing connection to utmccf.wordpress.com:443.
HTTP request sent, awaiting response... 200 OK
Length: 124434 (122K) [image/jpeg]
Saving to: ‘utmccf.wordpress.com/wp-content/uploads/2012/08/e68da2e5b18ae98089e4b8be.jpg’

     0K .......... .......... .......... .......... .......... 41%  172M 0s
    50K .......... .......... .......... .......... .......... 82%  429M 0s
   100K .......... .......... .                               100%  638M=0s

2026-09-23 06:38:57 (275 MB/s) - ‘utmccf.wordpress.com/wp-content/uploads/2012/08/e68da2e5b18ae98089e4b8be.jpg’ saved [124434/124434]

--2026-09-23 06:38:57--  https://utmccf.wordpress.com/wp-content/uploads/2012/08/e68da2e5b18ae98089e4b8be.jpg?w=450&h=584
Reusing existing connection to utmccf.wordpress.com:443.
HTTP request sent, awaiting response... 200 OK
Length: 69192 (68K) [image/jpeg]
Saving to: ‘utmccf.wordpress.com/wp-content/uploads/2012/08/e68da2e5b18ae98089e4b8be.jpg@w=450&h=584’

     0K .......... .......... .......... .......... .......... 73%  473M 0s
    50K .......... .......                                    100%  510M=0s

2026-09-23 06:38:58 (482 MB/s) - ‘utmccf.wordpress.com/wp-content/uploads/2012/08/e68da2e5b18ae98089e4b8be.jpg@w=450&h=584’ saved [69192/69192]

--2026-09-23 06:38:58--  https://utmccf.wordpress.com/wp-content/uploads/2012/08/e880b6e7a8a3e58f97e99abee697a5.jpg
Reusing existing connection to utmccf.wordpress.com:443.
HTTP request sent, awaiting response... 200 OK
Length: 129176 (126K) [image/jpeg]
Saving to: ‘utmccf.wordpress.com/wp-content/uploads/2012/08/e880b6e7a8a3e58f97e99abee697a5.jpg’

     0K .......... .......... .......... .......... .......... 39%  373M 0s
    50K .......... .......... .......... .......... .......... 79%  178M 0s
   100K .......... .......... ......                          100%  446M=0s

2026-09-23 06:38:58 (266 MB/s) - ‘utmccf.wordpress.com/wp-content/uploads/2012/08/e880b6e7a8a3e58f97e99abee697a5.jpg’ saved [129176/129176]

--2026-09-23 06:38:58--  https://utmccf.wordpress.com/wp-content/uploads/2012/08/e880b6e7a8a3e58f97e99abee697a5.jpg?w=450&h=584
Reusing existing connection to utmccf.wordpress.com:443.
HTTP request sent, awaiting response... 200 OK
Length: 69139 (68K) [image/jpeg]
Saving to: ‘utmccf.wordpress.com/wp-content/uploads/2012/08/e880b6e7a8a3e58f97e99abee697a5.jpg@w=450&h=584’

     0K .......... .......... .......... .......... .......... 74%  360M 0s
    50K .......... .......                                    100%  502M=0s

2026-09-23 06:38:58 (389 MB/s) - ‘utmccf.wordpress.com/wp-content/uploads/2012/08/e880b6e7a8a3e58f97e99abee697a5.jpg@w=450&h=584’ saved [69139/69139]

--2026-09-23 06:38:58--  https://utmccf.wordpress.com/wp-content/uploads/2012/08/e788b1e7a59ee4b88de8a681e788b1e4b896e7958c.jpg
Reusing existing connection to utmccf.wordpress.com:443.
HTTP request sent, awaiting response... 200 OK
Length: 108600 (106K) [image/jpeg]
Saving to: ‘utmccf.wordpress.com/wp-content/uploads/2012/08/e788b1e7a59ee4b88de8a681e788b1e4b896e7958c.jpg’

     0K .......... .......... .......... .......... .......... 47%  150M 0s
    50K .......... .......... .......... .......... .......... 94%  516M 0s
   100K ......                                                100% 11.3T=0s

2026-09-23 06:38:58 (247 MB/s) - ‘utmccf.wordpress.com/wp-content/uploads/2012/08/e788b1e7a59ee4b88de8a681e788b1e4b896e7958c.jpg’ saved [108600/108600]

--2026-09-23 06:38:58--  https://utmccf.wordpress.com/wp-content/uploads/2012/08/e788b1e7a59ee4b88de8a681e788b1e4b896e7958c.jpg?w=450&h=584
Reusing existing connection to utmccf.wordpress.com:443.
HTTP request sent, awaiting response... 200 OK
Length: 58758 (57K) [image/jpeg]
Saving to: ‘utmccf.wordpress.com/wp-content/uploads/2012/08/e788b1e7a59ee4b88de8a681e788b1e4b896e7958c.jpg@w=450&h=584’

     0K .......... .......... .......... .......... .......... 87%  419M 0s
    50K .......                                               100% 13.7T=0s

2026-09-23 06:38:58 (481 MB/s) - ‘utmccf.wordpress.com/wp-content/uploads/2012/08/e788b1e7a59ee4b88de8a681e788b1e4b896e7958c.jpg@w=450&h=584’ saved [58758/58758]

--2026-09-23 06:38:58--  https://utmccf.wordpress.com/wp-content/uploads/2012/08/sports-night.jpg
Reusing existing connection to utmccf.wordpress.com:443.
HTTP request sent, awaiting response... 200 OK
Length: 131846 (129K) [image/jpeg]
Saving to: ‘utmccf.wordpress.com/wp-content/uploads/2012/08/sports-night.jpg’

     0K .......... .......... .......... .......... .......... 38%  438M 0s
    50K .......... .......... .......... .......... .......... 77%  166M 0s
   100K .......... .......... ........                        100%  327M=0s

2026-09-23 06:38:58 (256 MB/s) - ‘utmccf.wordpress.com/wp-content/uploads/2012/08/sports-night.jpg’ saved [131846/131846]

--2026-09-23 06:38:58--  https://utmccf.wordpress.com/wp-content/uploads/2012/08/sports-night.jpg?w=450&h=584
Reusing existing connection to utmccf.wordpress.com:443.
HTTP request sent, awaiting response... 200 OK
Length: 69232 (68K) [image/jpeg]
Saving to: ‘utmccf.wordpress.com/wp-content/uploads/2012/08/sports-night.jpg@w=450&h=584’

     0K .......... .......... .......... .......... .......... 73%  433M 0s
    50K .......... .......                                    100%  531M=0s

2026-09-23 06:38:58 (455 MB/s) - ‘utmccf.wordpress.com/wp-content/uploads/2012/08/sports-night.jpg@w=450&h=584’ saved [69232/69232]

--2026-09-23 06:38:58--  https://utmccf.wordpress.com/wp-content/uploads/2012/08/e789a7e5b888e8aeb2e5baa7.jpg
Reusing existing connection to utmccf.wordpress.com:443.
HTTP request sent, awaiting response... 200 OK
Length: 114101 (111K) [image/jpeg]
Saving to: ‘utmccf.wordpress.com/wp-content/uploads/2012/08/e789a7e5b888e8aeb2e5baa7.jpg’

     0K .......... .......... .......... .......... .......... 44%  105M 0s
    50K .......... .......... .......... .......... .......... 89%  127M 0s
   100K .......... .                                          100% 21.3T=0.001s

2026-09-23 06:38:58 (128 MB/s) - ‘utmccf.wordpress.com/wp-content/uploads/2012/08/e789a7e5b888e8aeb2e5baa7.jpg’ saved [114101/114101]

--2026-09-23 06:38:58--  https://utmccf.wordpress.com/wp-content/uploads/2012/08/e789a7e5b888e8aeb2e5baa7.jpg?w=450&h=584
Reusing existing connection to utmccf.wordpress.com:443.
HTTP request sent, awaiting response... 200 OK
Length: 62938 (61K) [image/jpeg]
Saving to: ‘utmccf.wordpress.com/wp-content/uploads/2012/08/e789a7e5b888e8aeb2e5baa7.jpg@w=450&h=584’

     0K .......... .......... .......... .......... .......... 81%  308M 0s
    50K .......... .                                          100% 21.4T=0s

2026-09-23 06:38:58 (378 MB/s) - ‘utmccf.wordpress.com/wp-content/uploads/2012/08/e789a7e5b888e8aeb2e5baa7.jpg@w=450&h=584’ saved [62938/62938]

--2026-09-23 06:38:58--  https://utmccf.wordpress.com/wp-content/uploads/2012/08/e788b1e5aeb6e4baba2.jpg
Reusing existing connection to utmccf.wordpress.com:443.
HTTP request sent, awaiting response... 200 OK
Length: 123998 (121K) [image/jpeg]
Saving to: ‘utmccf.wordpress.com/wp-content/uploads/2012/08/e788b1e5aeb6e4baba2.jpg’

     0K .......... .......... .......... .......... .......... 41%  341M 0s
    50K .......... .......... .......... .......... .......... 82%  392M 0s
   100K .......... .......... .                               100%  320M=0s

2026-09-23 06:38:59 (356 MB/s) - ‘utmccf.wordpress.com/wp-content/uploads/2012/08/e788b1e5aeb6e4baba2.jpg’ saved [123998/123998]

--2026-09-23 06:38:59--  https://utmccf.wordpress.com/wp-content/uploads/2012/08/e788b1e5aeb6e4baba2.jpg?w=450&h=584
Reusing existing connection to utmccf.wordpress.com:443.
HTTP request sent, awaiting response... 200 OK
Length: 61824 (60K) [image/jpeg]
Saving to: ‘utmccf.wordpress.com/wp-content/uploads/2012/08/e788b1e5aeb6e4baba2.jpg@w=450&h=584’

     0K .......... .......... .......... .......... .......... 82%  467M 0s
    50K ..........                                            100% 19.3T=0s

2026-09-23 06:38:59 (564 MB/s) - ‘utmccf.wordpress.com/wp-content/uploads/2012/08/e788b1e5aeb6e4baba2.jpg@w=450&h=584’ saved [61824/61824]

--2026-09-23 06:38:59--  https://utmccf.wordpress.com/wp-content/uploads/2012/08/e68385e4babae88a82e8aeb2e5baa7.jpg
Reusing existing connection to utmccf.wordpress.com:443.
HTTP request sent, awaiting response... 200 OK
Length: 131923 (129K) [image/jpeg]
Saving to: ‘utmccf.wordpress.com/wp-content/uploads/2012/08/e68385e4babae88a82e8aeb2e5baa7.jpg’

     0K .......... .......... .......... .......... .......... 38%  356M 0s
    50K .......... .......... .......... .......... .......... 77%  358M 0s
   100K .......... .......... ........                        100%  357M=0s

2026-09-23 06:38:59 (357 MB/s) - ‘utmccf.wordpress.com/wp-content/uploads/2012/08/e68385e4babae88a82e8aeb2e5baa7.jpg’ saved [131923/131923]

--2026-09-23 06:38:59--  https://utmccf.wordpress.com/wp-content/uploads/2012/08/e68385e4babae88a82e8aeb2e5baa7.jpg?w=450&h=584
Reusing existing connection to utmccf.wordpress.com:443.
HTTP request sent, awaiting response... 200 OK
Length: 71116 (69K) [image/jpeg]
Saving to: ‘utmccf.wordpress.com/wp-content/uploads/2012/08/e68385e4babae88a82e8aeb2e5baa7.jpg@w=450&h=584’

     0K .......... .......... .......... .......... .......... 71%  382M 0s
    50K .......... .........                                  100%  568M=0s

2026-09-23 06:38:59 (421 MB/s) - ‘utmccf.wordpress.com/wp-content/uploads/2012/08/e68385e4babae88a82e8aeb2e5baa7.jpg@w=450&h=584’ saved [71116/71116]

--2026-09-23 06:38:59--  https://utmccf.wordpress.com/wp-content/uploads/2012/08/e788b1e5aeb6e4baba.jpg
Reusing existing connection to utmccf.wordpress.com:443.
HTTP request sent, awaiting response... 200 OK
Length: 493905 (482K) [image/jpeg]
Saving to: ‘utmccf.wordpress.com/wp-content/uploads/2012/08/e788b1e5aeb6e4baba.jpg’

     0K .......... .......... .......... .......... .......... 10%  475M 0s
    50K .......... .......... .......... .......... .......... 20% 6.93M 0s
   100K .......... .......... .......... .......... .......... 31% 5.99M 0s
   150K .......... .......... .......... .......... .......... 41% 8.39M 0s
   200K .......... .......... .......... .......... .......... 51%  341M 0s
   250K .......... .......... .......... .......... .......... 62% 12.7M 0s
   300K .......... .......... .......... .......... .......... 72% 17.2M 0s
   350K .......... .......... .......... .......... .......... 82% 27.0M 0s
   400K .......... .......... .......... .......... .......... 93%  183M 0s
   450K .......... .......... .......... ..                   100%  456M=0.03s

2026-09-23 06:38:59 (15.7 MB/s) - ‘utmccf.wordpress.com/wp-content/uploads/2012/08/e788b1e5aeb6e4baba.jpg’ saved [493905/493905]

--2026-09-23 06:38:59--  https://utmccf.wordpress.com/wp-content/uploads/2012/08/e788b1e5aeb6e4baba.jpg?w=450&h=661
Reusing existing connection to utmccf.wordpress.com:443.
HTTP request sent, awaiting response... 200 OK
Length: 92246 (90K) [image/jpeg]
Saving to: ‘utmccf.wordpress.com/wp-content/uploads/2012/08/e788b1e5aeb6e4baba.jpg@w=450&h=661’

     0K .......... .......... .......... .......... .......... 55%  272M 0s
    50K .......... .......... .......... ..........           100%  298M=0s

2026-09-23 06:38:59 (283 MB/s) - ‘utmccf.wordpress.com/wp-content/uploads/2012/08/e788b1e5aeb6e4baba.jpg@w=450&h=661’ saved [92246/92246]

--2026-09-23 06:38:59--  https://utmccf.wordpress.com/wp-content/uploads/2012/08/e788b1e982bbe8888d1.jpg
Reusing existing connection to utmccf.wordpress.com:443.
HTTP request sent, awaiting response... 200 OK
Length: 168532 (165K) [image/jpeg]
Saving to: ‘utmccf.wordpress.com/wp-content/uploads/2012/08/e788b1e982bbe8888d1.jpg’

     0K .......... .......... .......... .......... .......... 30%  440M 0s
    50K .......... .......... .......... .......... .......... 60%  301M 0s
   100K .......... .......... .......... .......... .......... 91%  266M 0s
   150K .......... ....                                       100%  418M=0s

2026-09-23 06:38:59 (328 MB/s) - ‘utmccf.wordpress.com/wp-content/uploads/2012/08/e788b1e982bbe8888d1.jpg’ saved [168532/168532]

--2026-09-23 06:38:59--  https://utmccf.wordpress.com/wp-content/uploads/2012/08/e788b1e982bbe8888d1.jpg?w=450&h=584
Reusing existing connection to utmccf.wordpress.com:443.
HTTP request sent, awaiting response... 200 OK
Length: 92327 (90K) [image/jpeg]
Saving to: ‘utmccf.wordpress.com/wp-content/uploads/2012/08/e788b1e982bbe8888d1.jpg@w=450&h=584’

     0K .......... .......... .......... .......... .......... 55%  167M 0s
    50K .......... .......... .......... ..........           100%  616M=0s

2026-09-23 06:39:00 (248 MB/s) - ‘utmccf.wordpress.com/wp-content/uploads/2012/08/e788b1e982bbe8888d1.jpg@w=450&h=584’ saved [92327/92327]

--2026-09-23 06:39:00--  https://utmccf.wordpress.com/wp-content/uploads/2012/08/e788b1e79a84e789b9e8b4a8.jpg
Reusing existing connection to utmccf.wordpress.com:443.
HTTP request sent, awaiting response... 200 OK
Length: 377644 (369K) [image/jpeg]
Saving to: ‘utmccf.wordpress.com/wp-content/uploads/2012/08/e788b1e79a84e789b9e8b4a8.jpg’

     0K .......... .......... .......... .......... .......... 13%  193M 0s
    50K .......... .......... .......... .......... .......... 27% 5.01M 0s
   100K .......... .......... .......... .......... .......... 40% 5.46M 0s
   150K .......... .......... .......... .......... .......... 54% 9.23M 0s
   200K .......... .......... .......... .......... .......... 67%  358M 0s
   250K .......... .......... .......... .......... .......... 81% 25.7M 0s
   300K .......... .......... .......... .......... .......... 94%  478M 0s
   350K .......... ........                                   100%  281M=0.03s

2026-09-23 06:39:00 (13.6 MB/s) - ‘utmccf.wordpress.com/wp-content/uploads/2012/08/e788b1e79a84e789b9e8b4a8.jpg’ saved [377644/377644]

--2026-09-23 06:39:00--  https://utmccf.wordpress.com/wp-content/uploads/2012/08/e788b1e79a84e789b9e8b4a8.jpg?w=450&h=633
Reusing existing connection to utmccf.wordpress.com:443.
HTTP request sent, awaiting response... 200 OK
Length: 101604 (99K) [image/jpeg]
Saving to: ‘utmccf.wordpress.com/wp-content/uploads/2012/08/e788b1e79a84e789b9e8b4a8.jpg@w=450&h=633’

     0K .......... .......... .......... .......... .......... 50% 63.9M 0s
    50K .......... .......... .......... .......... ......... 100%  172M=0.001s

2026-09-23 06:39:00 (92.8 MB/s) - ‘utmccf.wordpress.com/wp-content/uploads/2012/08/e788b1e79a84e789b9e8b4a8.jpg@w=450&h=633’ saved [101604/101604]

--2026-09-23 06:39:00--  https://utmccf.wordpress.com/wp-content/uploads/2012/08/utmccf-jan18-newsletter.jpg
Reusing existing connection to utmccf.wordpress.com:443.
HTTP request sent, awaiting response... 200 OK
Length: 193068 (189K) [image/jpeg]
Saving to: ‘utmccf.wordpress.com/wp-content/uploads/2012/08/utmccf-jan18-newsletter.jpg’

     0K .......... .......... .......... .......... .......... 26%  431M 0s
    50K .......... .......... .......... .......... .......... 53%  669K 0s
   100K .......... .......... .......... .......... .......... 79%  495M 0s
   150K .......... .......... .......... ........             100%  203M=0.08s

2026-09-23 06:39:00 (2.45 MB/s) - ‘utmccf.wordpress.com/wp-content/uploads/2012/08/utmccf-jan18-newsletter.jpg’ saved [193068/193068]

--2026-09-23 06:39:00--  https://utmccf.wordpress.com/wp-content/uploads/2012/08/utmccf-jan18-newsletter.jpg?w=450&h=639
Reusing existing connection to utmccf.wordpress.com:443.
HTTP request sent, awaiting response... 200 OK
Length: 92013 (90K) [image/jpeg]
Saving to: ‘utmccf.wordpress.com/wp-content/uploads/2012/08/utmccf-jan18-newsletter.jpg@w=450&h=639’

     0K .......... .......... .......... .......... .......... 55%  178M 0s
    50K .......... .......... .......... .........            100%  575M=0s

2026-09-23 06:39:01 (256 MB/s) - ‘utmccf.wordpress.com/wp-content/uploads/2012/08/utmccf-jan18-newsletter.jpg@w=450&h=639’ saved [92013/92013]

--2026-09-23 06:39:01--  https://utmccf.wordpress.com/wp-content/uploads/2012/08/utmccf-jan11-newsletter.jpg
Reusing existing connection to utmccf.wordpress.com:443.
HTTP request sent, awaiting response... 200 OK
Length: 284855 (278K) [image/jpeg]
Saving to: ‘utmccf.wordpress.com/wp-content/uploads/2012/08/utmccf-jan11-newsletter.jpg’

     0K .......... .......... .......... .......... .......... 17%  434M 0s
    50K .......... .......... .......... .......... .......... 35% 15.7M 0s
   100K .......... .......... .......... .......... .......... 53% 11.7M 0s
   150K .......... .......... .......... .......... .......... 71%  301M 0s
   200K .......... .......... .......... .......... .......... 89%  272M 0s
   250K .......... .......... ........                        100%  341M=0.008s

2026-09-23 06:39:01 (34.6 MB/s) - ‘utmccf.wordpress.com/wp-content/uploads/2012/08/utmccf-jan11-newsletter.jpg’ saved [284855/284855]

--2026-09-23 06:39:01--  https://utmccf.wordpress.com/wp-content/uploads/2012/08/utmccf-jan11-newsletter.jpg?w=450&h=675
Reusing existing connection to utmccf.wordpress.com:443.
HTTP request sent, awaiting response... 200 OK
Length: 72096 (70K) [image/jpeg]
Saving to: ‘utmccf.wordpress.com/wp-content/uploads/2012/08/utmccf-jan11-newsletter.jpg@w=450&h=675’

     0K .......... .......... .......... .......... .......... 71%  178M 0s
    50K .......... ..........                                 100%  612M=0s

2026-09-23 06:39:01 (224 MB/s) - ‘utmccf.wordpress.com/wp-content/uploads/2012/08/utmccf-jan11-newsletter.jpg@w=450&h=675’ saved [72096/72096]

--2026-09-23 06:39:01--  https://utmccf.wordpress.com/2011/09/16/%e4%b8%ad%e7%a7%8b%e8%8a%82-%e7%a5%9d%e7%a6%8f%e7%9a%84%e5%ae%b6mid-autumn-festival/416-858-0828
Reusing existing connection to utmccf.wordpress.com:443.
HTTP request sent, awaiting response... 404 Not Found
2026-09-23 06:39:01 ERROR 404: Not Found.

--2026-09-23 06:39:01--  https://utmccf.wordpress.com/wp-content/uploads/2009/09/love-seminar-march-2011.jpg
Reusing existing connection to utmccf.wordpress.com:443.
HTTP request sent, awaiting response... 200 OK
Length: 248911 (243K) [image/jpeg]
Saving to: ‘utmccf.wordpress.com/wp-content/uploads/2009/09/love-seminar-march-2011.jpg’

     0K .......... .......... .......... .......... .......... 20%  453M 0s
    50K .......... .......... .......... .......... .......... 41% 2.45M 0s
   100K .......... .......... .......... .......... .......... 61% 7.08M 0s
   150K .......... .......... .......... .......... .......... 82%  481M 0s
   200K .......... .......... .......... .......... ...       100%  278M=0.03s

2026-09-23 06:39:01 (8.72 MB/s) - ‘utmccf.wordpress.com/wp-content/uploads/2009/09/love-seminar-march-2011.jpg’ saved [248911/248911]

--2026-09-23 06:39:01--  https://utmccf.wordpress.com/wp-content/uploads/2009/09/love-seminar-march-2011.jpg?w=450&h=299
Reusing existing connection to utmccf.wordpress.com:443.
HTTP request sent, awaiting response... 200 OK
Length: 48353 (47K) [image/jpeg]
Saving to: ‘utmccf.wordpress.com/wp-content/uploads/2009/09/love-seminar-march-2011.jpg@w=450&h=299’

     0K .......... .......... .......... .......... .......   100%  375M=0s

2026-09-23 06:39:01 (375 MB/s) - ‘utmccf.wordpress.com/wp-content/uploads/2009/09/love-seminar-march-2011.jpg@w=450&h=299’ saved [48353/48353]

--2026-09-23 06:39:01--  https://utmccf.wordpress.com/wp-content/uploads/2009/09/coffeehouse-2010-poster.jpg
Reusing existing connection to utmccf.wordpress.com:443.
HTTP request sent, awaiting response... 200 OK
Length: 502930 (491K) [image/jpeg]
Saving to: ‘utmccf.wordpress.com/wp-content/uploads/2009/09/coffeehouse-2010-poster.jpg’

     0K .......... .......... .......... .......... .......... 10%  383M 0s
    50K .......... .......... .......... .......... .......... 20% 6.45M 0s
   100K .......... .......... .......... .......... .......... 30% 7.95M 0s
   150K .......... .......... .......... .......... .......... 40% 8.08M 0s
   200K .......... .......... .......... .......... .......... 50%  371M 0s
   250K .......... .......... .......... .......... .......... 61% 10.5M 0s
   300K .......... .......... .......... .......... .......... 71% 12.2M 0s
   350K .......... .......... .......... .......... .......... 81% 55.8M 0s
   400K .......... .......... .......... .......... .......... 91%  233M 0s
   450K .......... .......... .......... .......... .         100%  328M=0.03s

2026-09-23 06:39:02 (16.1 MB/s) - ‘utmccf.wordpress.com/wp-content/uploads/2009/09/coffeehouse-2010-poster.jpg’ saved [502930/502930]

--2026-09-23 06:39:02--  https://utmccf.wordpress.com/wp-content/uploads/2009/09/coffeehouse-2010-poster.jpg?w=648
Reusing existing connection to utmccf.wordpress.com:443.
HTTP request sent, awaiting response... 200 OK
Length: 460674 (450K) [image/jpeg]
Saving to: ‘utmccf.wordpress.com/wp-content/uploads/2009/09/coffeehouse-2010-poster.jpg@w=648’

     0K .......... .......... .......... .......... .......... 11% 69.5M 0s
    50K .......... .......... .......... .......... .......... 22% 6.67M 0s
   100K .......... .......... .......... .......... .......... 33% 6.23M 0s
   150K .......... .......... .......... .......... .......... 44% 9.84M 0s
   200K .......... .......... .......... .......... .......... 55%  282M 0s
   250K .......... .......... .......... .......... .......... 66% 8.78M 0s
   300K .......... .......... .......... .......... .......... 77% 38.0M 0s
   350K .......... .......... .......... .......... .......... 88%  127M 0s
   400K .......... .......... .......... .......... ......... 100%  540M=0.03s

2026-09-23 06:39:02 (15.5 MB/s) - ‘utmccf.wordpress.com/wp-content/uploads/2009/09/coffeehouse-2010-poster.jpg@w=648’ saved [460674/460674]

--2026-09-23 06:39:02--  https://utmccf.wordpress.com/wp-content/uploads/2009/09/coffeehouse-2010-poster.jpg?w=450&h=634
Reusing existing connection to utmccf.wordpress.com:443.
HTTP request sent, awaiting response... 200 OK
Length: 95099 (93K) [image/jpeg]
Saving to: ‘utmccf.wordpress.com/wp-content/uploads/2009/09/coffeehouse-2010-poster.jpg@w=450&h=634’

     0K .......... .......... .......... .......... .......... 53%  288M 0s
    50K .......... .......... .......... .......... ..        100%  593M=0s

2026-09-23 06:39:02 (378 MB/s) - ‘utmccf.wordpress.com/wp-content/uploads/2009/09/coffeehouse-2010-poster.jpg@w=450&h=634’ saved [95099/95099]

--2026-09-23 06:39:02--  https://utmccf.wordpress.com/wp-content/uploads/2009/09/coffeehouse-2010-poster.jpg?w=107&h=150
Reusing existing connection to utmccf.wordpress.com:443.
HTTP request sent, awaiting response... 200 OK
Length: 8116 (7.9K) [image/jpeg]
Saving to: ‘utmccf.wordpress.com/wp-content/uploads/2009/09/coffeehouse-2010-poster.jpg@w=107&h=150’

     0K .......                                               100% 34.4G=0s

2026-09-23 06:39:02 (34.4 GB/s) - ‘utmccf.wordpress.com/wp-content/uploads/2009/09/coffeehouse-2010-poster.jpg@w=107&h=150’ saved [8116/8116]

--2026-09-23 06:39:02--  https://utmccf.wordpress.com/wp-content/uploads/2009/09/coffeehouse-2010-poster.jpg?w=213&h=300
Reusing existing connection to utmccf.wordpress.com:443.
HTTP request sent, awaiting response... 200 OK
Length: 28003 (27K) [image/jpeg]
Saving to: ‘utmccf.wordpress.com/wp-content/uploads/2009/09/coffeehouse-2010-poster.jpg@w=213&h=300’

     0K .......... .......... .......                         100%  651M=0s

2026-09-23 06:39:02 (651 MB/s) - ‘utmccf.wordpress.com/wp-content/uploads/2009/09/coffeehouse-2010-poster.jpg@w=213&h=300’ saved [28003/28003]

The destination name is too long (319), reducing to 236
--2026-09-23 06:39:02--  https://utmccf.wordpress.com/_static/??-eJydkdFOwzAMRX+IzIDENh4Qn4LcxGvdOk6okxX+ft20AepDNfFk+/pc60qGKTuftJAWaCS1LkttWQ2mNAYM5rygGRn0s4RF3PF509sD/LHF+mvi0FIxoDpv08DkBCcoFLNgoYW+ckd4mOnPSpU61CA0LuHSUZyRXBugwHqOp3jkFgsnvQO2gbMT1sEdkq/mDvx1h+tcV2L3VDL64TpDTEnhg9VDU1kCeBxTNZIf7iZs4urZG+am7FNcjP+PYx2ONP84fF9a1vaa4z2+Pe32u9eXx/12258AO5HL7w==
Reusing existing connection to utmccf.wordpress.com:443.
HTTP request sent, awaiting response... 200 OK
Length: 116153 (113K) [application/javascript]
Saving to: ‘utmccf.wordpress.com/_static/index.html@%3F-eJydkdFOwzAMRX+IzIDENh4Qn4LcxGvdOk6okxX+ft20AepDNfFk+%2Fpc60qGKTuftJAWaCS1LkttWQ2mNAYM5rygGRn0s4RF3PF509sD%2FLHF+mvi0FIxoDpv08DkBCcoFLNgoYW+ckd4mOnPSpU61CA0LuHSUZyRXBugwHqOp3jkFgsnvQO2gbMT1sEdkq%2FmDvx1h+tcV2L3VDL64TpDTEn’

     0K .......... .......... .......... .......... .......... 44%  399M 0s
    50K .......... .......... .......... .......... .......... 88%  502M 0s
   100K .......... ...                                        100%  413M=0s

2026-09-23 06:39:02 (441 MB/s) - ‘utmccf.wordpress.com/_static/index.html@%3F-eJydkdFOwzAMRX+IzIDENh4Qn4LcxGvdOk6okxX+ft20AepDNfFk+%2Fpc60qGKTuftJAWaCS1LkttWQ2mNAYM5rygGRn0s4RF3PF509sD%2FLHF+mvi0FIxoDpv08DkBCcoFLNgoYW+ckd4mOnPSpU61CA0LuHSUZyRXBugwHqOp3jkFgsnvQO2gbMT1sEdkq%2FmDvx1h+tcV2L3VDL64TpDTEn’ saved [116153/116153]

--2026-09-23 06:39:02--  https://utmccf.wordpress.com/2010/08/27/ktv-outing/993/fetch%3EUID%3E/INBOX%3E13930?part=1.2&filename=330.gif
Reusing existing connection to utmccf.wordpress.com:443.
HTTP request sent, awaiting response... 404 Not Found
2026-09-23 06:39:03 ERROR 404: Not Found.

--2026-09-23 06:39:03--  https://utmccf.wordpress.com/2010/01/15/%e5%9c%a3%e7%bb%8f%e6%83%85%e6%99%af%e5%89%a7%e4%bb%a5%e5%8f%8a%e5%b0%8f%e7%bb%84%e6%9f%a5%e7%bb%8fbible-study-skit/
Reusing existing connection to utmccf.wordpress.com:443.
HTTP request sent, awaiting response... 200 OK
Length: unspecified [text/html]
Saving to: ‘utmccf.wordpress.com/2010/01/15/圣经情景剧以及小组查经bible-study-skit/index.html’

     0K .......... .......... .......... .......... ..........  214M
    50K .......... .......... .......... .......... ..........  336M
   100K ..                                                     3.83T=0s

Last-modified header missing -- time-stamps turned off.
2026-09-23 06:39:03 (267 MB/s) - ‘utmccf.wordpress.com/2010/01/15/圣经情景剧以及小组查经bible-study-skit/index.html’ saved [104505]

--2026-09-23 06:39:03--  https://utmccf.wordpress.com/2010/01/08/%e5%a4%9a%e5%a4%a7%e5%9f%ba%e7%9d%a3%e5%be%92%e5%9b%bd%e8%af%ad%e5%9b%a2%e5%a5%91-%ef%bc%8d-%e5%86%ac%e5%ad%a3%e9%80%80%e4%bf%ae%e4%bc%9a/
Reusing existing connection to utmccf.wordpress.com:443.
HTTP request sent, awaiting response... 200 OK
Length: unspecified [text/html]
Saving to: ‘utmccf.wordpress.com/2010/01/08/多大基督徒国语团契-－-冬季退修会/index.html’

     0K .......... .......... .......... .......... ..........  119M
    50K .......... .......... .......... .......... ..........  107M
   100K ..                                                     4.50T=0.001s

Last-modified header missing -- time-stamps turned off.
2026-09-23 06:39:03 (116 MB/s) - ‘utmccf.wordpress.com/2010/01/08/多大基督徒国语团契-－-冬季退修会/index.html’ saved [104875]

--2026-09-23 06:39:03--  https://utmccf.wordpress.com/wp-content/uploads/2009/03/retreat-application-form-20091.pdf
Reusing existing connection to utmccf.wordpress.com:443.
HTTP request sent, awaiting response... 200 OK
Length: 342682 (335K) [application/pdf]
Saving to: ‘utmccf.wordpress.com/wp-content/uploads/2009/03/retreat-application-form-20091.pdf’

     0K .......... .......... .......... .......... .......... 14%  167M 0s
    50K .......... .......... .......... .......... .......... 29%  108M 0s
   100K .......... .......... .......... .......... .......... 44% 95.8M 0s
   150K .......... .......... .......... .......... .......... 59%  104M 0s
   200K .......... .......... .......... .......... .......... 74%  324M 0s
   250K .......... .......... .......... .......... .......... 89%  192M 0s
   300K .......... .......... .......... ....                 100%  380M=0.002s

2026-09-23 06:39:03 (147 MB/s) - ‘utmccf.wordpress.com/wp-content/uploads/2009/03/retreat-application-form-20091.pdf’ saved [342682/342682]

--2026-09-23 06:39:03--  https://utmccf.wordpress.com/wp-content/uploads/2009/05/mccf-retreat-package.pdf
Reusing existing connection to utmccf.wordpress.com:443.
HTTP request sent, awaiting response... 200 OK
Length: 503986 (492K) [application/pdf]
Saving to: ‘utmccf.wordpress.com/wp-content/uploads/2009/05/mccf-retreat-package.pdf’

     0K .......... .......... .......... .......... .......... 10%  490M 0s
    50K .......... .......... .......... .......... .......... 20% 5.30M 0s
   100K .......... .......... .......... .......... .......... 30% 6.11M 0s
   150K .......... .......... .......... .......... .......... 40% 12.5M 0s
   200K .......... .......... .......... .......... .......... 50%  295M 0s
   250K .......... .......... .......... .......... .......... 60% 18.1M 0s
   300K .......... .......... .......... .......... .......... 71% 11.2M 0s
   350K .......... .......... .......... .......... .......... 81% 52.3M 0s
   400K .......... .......... .......... .......... .......... 91%  306M 0s
   450K .......... .......... .......... .......... ..        100%  550M=0.03s

2026-09-23 06:39:03 (16.2 MB/s) - ‘utmccf.wordpress.com/wp-content/uploads/2009/05/mccf-retreat-package.pdf’ saved [503986/503986]

--2026-09-23 06:39:03--  https://utmccf.wordpress.com/2009/01/23/%e4%bb%80%e4%b9%88%e6%98%af%e7%a5%b7%e5%91%8a%ef%bc%9f-what-is-prayer/
Reusing existing connection to utmccf.wordpress.com:443.
HTTP request sent, awaiting response... 200 OK
Length: unspecified [text/html]
Saving to: ‘utmccf.wordpress.com/2009/01/23/什么是祷告？-what-is-prayer/index.html’

     0K .......... .......... .......... .......... ..........  212M
    50K .......... .......... .......... .......... ..........  218M
   100K                                                         810G=0s

Last-modified header missing -- time-stamps turned off.
2026-09-23 06:39:03 (216 MB/s) - ‘utmccf.wordpress.com/2009/01/23/什么是祷告？-what-is-prayer/index.html’ saved [102835]

--2026-09-23 06:39:03--  https://utmccf.wordpress.com/2009/01/16/%e6%9f%a5%e7%bb%8f%e8%a2%ab%e9%ac%bc%e9%99%84%e8%ba%ab-bible-study-demons/
Reusing existing connection to utmccf.wordpress.com:443.
HTTP request sent, awaiting response... 200 OK
Length: unspecified [text/html]
Saving to: ‘utmccf.wordpress.com/2009/01/16/查经被鬼附身-bible-study-demons/index.html’

     0K .......... .......... .......... .......... ..........  178M
    50K .......... .......... .......... .......... ..........  392M
   100K                                                        1015G=0s

Last-modified header missing -- time-stamps turned off.
2026-09-23 06:39:03 (246 MB/s) - ‘utmccf.wordpress.com/2009/01/16/查经被鬼附身-bible-study-demons/index.html’ saved [102945]

--2026-09-23 06:39:03--  https://utmccf.wordpress.com/2009/01/09/%e5%88%86%e4%ba%ab-sharing-2/
Reusing existing connection to utmccf.wordpress.com:443.
HTTP request sent, awaiting response... 200 OK
Length: unspecified [text/html]
Saving to: ‘utmccf.wordpress.com/2009/01/09/分享-sharing-2/index.html’

     0K .......... .......... .......... .......... ..........  182M
    50K .......... .......... .......... .......... ..........  355M
   100K                                                         240G=0s

Last-modified header missing -- time-stamps turned off.
2026-09-23 06:39:03 (241 MB/s) - ‘utmccf.wordpress.com/2009/01/09/分享-sharing-2/index.html’ saved [102529]

--2026-09-23 06:39:03--  https://utmccf.wordpress.com/author/utmccf/page/3/
Reusing existing connection to utmccf.wordpress.com:443.
HTTP request sent, awaiting response... 200 OK
Length: unspecified [text/html]
Saving to: ‘utmccf.wordpress.com/author/utmccf/page/3/index.html’

     0K .......... .......... .......... .......... ..........  194M
    50K .......... .......... .......... .......... ..........  133M
   100K .......... .......... .......... .......... ..........  205M
   150K .......... .......... .......... .......... ..........  103M
   200K .......... ........                                     497M=0.001s

Last-modified header missing -- time-stamps turned off.
2026-09-23 06:39:03 (156 MB/s) - ‘utmccf.wordpress.com/author/utmccf/page/3/index.html’ saved [223631]

--2026-09-23 06:39:03--  https://utmccf.wordpress.com/category/%e8%bf%87%e5%8e%bb%e6%b4%bb%e5%8a%a8-past-events/page/3/
Reusing existing connection to utmccf.wordpress.com:443.
HTTP request sent, awaiting response... 200 OK
Length: unspecified [text/html]
Saving to: ‘utmccf.wordpress.com/category/过去活动-past-events/page/3/index.html’

     0K .......... .......... .......... .......... ..........  120M
    50K .......... .......... .......... .......... ..........  139M
   100K .......... .......... .......... .......... ..........  211M
   150K .......... .......... .......... .......... .......... 14.3M
   200K .......... .........                                   17.1M=0.006s

Last-modified header missing -- time-stamps turned off.
2026-09-23 06:39:03 (38.8 MB/s) - ‘utmccf.wordpress.com/category/过去活动-past-events/page/3/index.html’ saved [224824]

--2026-09-23 06:39:03--  https://utmccf.wordpress.com/wp-content/uploads/2009/09/winter-retreat-2010-application-form.pdf
Reusing existing connection to utmccf.wordpress.com:443.
HTTP request sent, awaiting response... 200 OK
Length: 355894 (348K) [application/pdf]
Saving to: ‘utmccf.wordpress.com/wp-content/uploads/2009/09/winter-retreat-2010-application-form.pdf’

     0K .......... .......... .......... .......... .......... 14%  357M 0s
    50K .......... .......... .......... .......... .......... 28% 88.4M 0s
   100K .......... .......... .......... .......... .......... 43% 51.1M 0s
   150K .......... .......... .......... .......... .......... 57% 26.3M 0s
   200K .......... .......... .......... .......... .......... 71%  131M 0s
   250K .......... .......... .......... .......... .......... 86%  319M 0s
   300K .......... .......... .......... .......... .......   100%  502M=0.004s

2026-09-23 06:39:03 (82.3 MB/s) - ‘utmccf.wordpress.com/wp-content/uploads/2009/09/winter-retreat-2010-application-form.pdf’ saved [355894/355894]

--2026-09-23 06:39:03--  https://utmccf.wordpress.com/author/utmccf/page/4/
Reusing existing connection to utmccf.wordpress.com:443.
HTTP request sent, awaiting response... 200 OK
Length: unspecified [text/html]
Saving to: ‘utmccf.wordpress.com/author/utmccf/page/4/index.html’

     0K .......... .......... .......... .......... ..........  249M
    50K .......... .......... .......... .......... ..........  215M
   100K .......... .......... .......... .......... ..........  152M
   150K .......... .......... .......... .......... ..........  265M
   200K .......... ..                                           419M=0.001s

Last-modified header missing -- time-stamps turned off.
2026-09-23 06:39:03 (217 MB/s) - ‘utmccf.wordpress.com/author/utmccf/page/4/index.html’ saved [217780]

--2026-09-23 06:39:03--  https://utmccf.wordpress.com/category/%e8%bf%87%e5%8e%bb%e6%b4%bb%e5%8a%a8-past-events/page/4/
Reusing existing connection to utmccf.wordpress.com:443.
HTTP request sent, awaiting response... 200 OK
Length: unspecified [text/html]
Saving to: ‘utmccf.wordpress.com/category/过去活动-past-events/page/4/index.html’

     0K .......... .......... .......... .......... ..........  124M
    50K .......... .......... .......... .......... ..........  206M
   100K .......... .......... .......... .......... ..........  327M
   150K .......... .......... .......... .......... ..........  395M
   200K .......... ..                                           422M=0.001s

Last-modified header missing -- time-stamps turned off.
2026-09-23 06:39:03 (223 MB/s) - ‘utmccf.wordpress.com/category/过去活动-past-events/page/4/index.html’ saved [218054]

--2026-09-23 06:39:03--  https://utmccf.wordpress.com/author/utmccf/page/5/
Reusing existing connection to utmccf.wordpress.com:443.
HTTP request sent, awaiting response... 200 OK
Length: unspecified [text/html]
Saving to: ‘utmccf.wordpress.com/author/utmccf/page/5/index.html’

     0K .......... .......... .......... .......... .......... 47.6M
    50K .......... .......... .......... .......... ..........  207M
   100K .......... .......... .......... .......... ..........  243M
   150K .......... .......... .......... .......... ..........  145M
   200K ........                                                294M=0.002s

Last-modified header missing -- time-stamps turned off.
2026-09-23 06:39:03 (111 MB/s) - ‘utmccf.wordpress.com/author/utmccf/page/5/index.html’ saved [213758]

--2026-09-23 06:39:03--  https://utmccf.wordpress.com/category/%e8%bf%87%e5%8e%bb%e6%b4%bb%e5%8a%a8-past-events/page/5/
Reusing existing connection to utmccf.wordpress.com:443.
HTTP request sent, awaiting response... 200 OK
Length: unspecified [text/html]
Saving to: ‘utmccf.wordpress.com/category/过去活动-past-events/page/5/index.html’

     0K .......... .......... .......... .......... ..........  115M
    50K .......... .......... .......... .......... ..........  152M
   100K .......... .......... .......... .......... ..........  250M
   150K .......... .......... .......... .......... ..........  363M
   200K ......                                                  292M=0.001s

Last-modified header missing -- time-stamps turned off.
2026-09-23 06:39:03 (184 MB/s) - ‘utmccf.wordpress.com/category/过去活动-past-events/page/5/index.html’ saved [211097]

--2026-09-23 06:39:03--  https://utmccf.wordpress.com/author/utmccf/page/6/
Reusing existing connection to utmccf.wordpress.com:443.
HTTP request sent, awaiting response... 200 OK
Length: unspecified [text/html]
Saving to: ‘utmccf.wordpress.com/author/utmccf/page/6/index.html’

     0K .......... .......... .......... .......... ..........  211M
    50K .......... .......... .......... .......... ..........  257M
   100K .......... .......... .......... .......... ..........  326M
   150K                                                        1.85T=0.001s

Last-modified header missing -- time-stamps turned off.
2026-09-23 06:39:03 (258 MB/s) - ‘utmccf.wordpress.com/author/utmccf/page/6/index.html’ saved [154619]

--2026-09-23 06:39:03--  https://utmccf.wordpress.com/category/%e8%bf%87%e5%8e%bb%e6%b4%bb%e5%8a%a8-past-events/page/6/
Reusing existing connection to utmccf.wordpress.com:443.
HTTP request sent, awaiting response... 200 OK
Length: unspecified [text/html]
Saving to: ‘utmccf.wordpress.com/category/过去活动-past-events/page/6/index.html’

     0K .......... .......... .......... .......... ..........  197M
    50K .......... .......... .......... .......... ..........  174M
   100K .......... .......... .......... .......... ...         268M=0.001s

Last-modified header missing -- time-stamps turned off.
2026-09-23 06:39:03 (204 MB/s) - ‘utmccf.wordpress.com/category/过去活动-past-events/page/6/index.html’ saved [147048]

FINISHED --2026-09-23 06:39:03--
Total wall clock time: 2m 16s
Downloaded: 673 files, 118M in 5.6s (21.1 MB/s)
Converting links in utmccf.wordpress.com/2023/index.html... 100.
93-7
Converting links in utmccf.wordpress.com/category/特别消息-news/index.html... 81.
74-7
Converting links in utmccf.wordpress.com/2012/06/08/布道会-拥抱祝福-embracing-blessings/index.html... 69.
62-7
Converting links in utmccf.wordpress.com/2013/07/19/查经-bible-study-可mark-4-35-41/index.html... 69.
62-7
Converting links in utmccf.wordpress.com/2008/10/31/圣经剧场-bible-drama/index.html... 69.
62-7
Converting links in utmccf.wordpress.com/2023/03/22/music-worship-night/index.html... 78.
71-7
Converting links in utmccf.wordpress.com/2011/07/15/查经-–-罗-118-32/index.html... 69.
62-7
Converting links in utmccf.wordpress.com/2010/01/08/多大基督徒国语团契-－-冬季退修会/index.html... 71.
64-7
Converting links in utmccf.wordpress.com/2009/05/28/查经-bible-study-6/index.html... 69.
62-7
Converting links in utmccf.wordpress.com/2010/11/20/1040-影片特映-film-screening/index.html... 69.
62-7
Converting links in utmccf.wordpress.com/category/过去活动-past-events/page/5/index.html... 298.
291-7
Converting links in utmccf.wordpress.com/2022/08/25/2022-summer-活动总集/index.html... 151.
144-7
Converting links in utmccf.wordpress.com/2010/10/08/查经bible-study-路加luke-1711-19/index.html... 69.
62-7
Converting links in utmccf.wordpress.com/2012/11/09/龚牧师的鉴证pastor-gongs-testimony/index.html... 69.
62-7
Converting links in utmccf.wordpress.com/past-events/index.html... 94.
86-8
Converting links in utmccf.wordpress.com/2011/06/24/mccf-夏季聚餐-potluck/index.html... 69.
62-7
Converting links in utmccf.wordpress.com/2008/10/24/分享-sharing/index.html... 69.
62-7
Converting links in utmccf.wordpress.com/2010/06/18/查经约-212-25-bible-study-john-212-25/index.html... 69.
62-7
Converting links in utmccf.wordpress.com/2012/12/20/圣诞聚餐christmas-dinner/index.html... 69.
62-7
Converting links in utmccf.wordpress.com/2023/09/09/2023迎新趴！/index.html... 78.
71-7
Converting links in utmccf.wordpress.com/2009/10/30/看小电影以及分享-short-film-viewing-and-sharing/index.html... 69.
62-7
Converting links in utmccf.wordpress.com/2011/02/11/耶稣使拉撒路复活-jesus-raises-lazarus-from-the-dead/index.html... 69.
62-7
Converting links in utmccf.wordpress.com/2024/02/06/春节活动-包饺子/index.html... 79.
72-7
Converting links in utmccf.wordpress.com/2009/10/16/什么是在耶稣基督里的永生呢-what-is-eternal-life-in-jesus-christ/index.html... 69.
62-7
Converting links in utmccf.wordpress.com/2022/10/05/周五活动：一起查经！/index.html... 78.
71-7
Converting links in utmccf.wordpress.com/2009/12/17/免费圣诞节晚餐-free-christmas-dinner/index.html... 69.
62-7
Converting links in utmccf.wordpress.com/2009/page/2/index.html... 81.
74-7
Converting links in utmccf.wordpress.com/2011/09/02/赞美之泉演唱会streams-of-praise-concert/index.html... 69.
62-7
Converting links in utmccf.wordpress.com/2013/05/17/信/index.html... 71.
64-7
Converting links in utmccf.wordpress.com/2022/11/30/2022f-最后一次团契/index.html... 90.
83-7
Converting links in utmccf.wordpress.com/2009/01/16/查经被鬼附身-bible-study-demons/index.html... 69.
62-7
Converting links in utmccf.wordpress.com/2012/10/19/查经bible-study-罪sin/index.html... 69.
62-7
Converting links in utmccf.wordpress.com/2010/04/02/本周起团契活动暂停-no-fellowship-this-friday/index.html... 69.
62-7
Converting links in utmccf.wordpress.com/2013/06/28/重生得救born-again/index.html... 71.
64-7
Converting links in utmccf.wordpress.com/2022/08/25/信仰101开课啦！/index.html... 87.
80-7
Converting links in utmccf.wordpress.com/2013/03/08/讲座：为何爱-（李德诚讲员）/index.html... 71.
64-7
Converting links in utmccf.wordpress.com/2008/09/19/四川地震的思考-thoughts-on-sichuan-earthquake/index.html... 68.
61-7
Converting links in utmccf.wordpress.com/2011/08/12/电影分享movie-night/index.html... 69.
62-7
Converting links in utmccf.wordpress.com/2010/03/12/讲员信息在真理中得自由-speaker-topic-the-truth-will-set-you-free/index.html... 69.
62-7
Converting links in utmccf.wordpress.com/2013/05/31/认识神-who-is-god/index.html... 71.
64-7
Converting links in utmccf.wordpress.com/2009/index.html... 296.
289-7
Converting links in utmccf.wordpress.com/2010/12/03/敬拜之夜worship-night/index.html... 69.
62-7
Converting links in utmccf.wordpress.com/2012/02/03/小组活动-cell-group-activity-2/index.html... 69.
62-7
Converting links in utmccf.wordpress.com/2013/02/01/爱邻舍/index.html... 72.
65-7
Converting links in utmccf.wordpress.com/2009/11/13/看电影以及分享-short-film-viewing-and-sharing/index.html... 69.
62-7
Converting links in utmccf.wordpress.com/2010/03/19/查经作门徒-bible-study-being-a-disciple/index.html... 69.
62-7
Converting links in utmccf.wordpress.com/2022/09/12/2022-迎新活动：登山游戏！/index.html... 77.
70-7
Converting links in utmccf.wordpress.com/2008/11/07/圣经查考-bible-study/index.html... 69.
62-7
Converting links in utmccf.wordpress.com/2012/10/12/布道会-evangelical-conference/index.html... 69.
62-7
Converting links in utmccf.wordpress.com/2011/11/25/敬拜之夜-worship-night-3/index.html... 69.
62-7
Converting links in utmccf.wordpress.com/2012/02/17/电影之夜movie-night/index.html... 69.
62-7
Converting links in utmccf.wordpress.com/author/utmccf/page/4/index.html... 310.
303-7
Converting links in utmccf.wordpress.com/2013/07/26/1256/index.html... 69.
62-7
Converting links in utmccf.wordpress.com/2013/03/01/爱家人-2/index.html... 71.
64-7
Converting links in utmccf.wordpress.com/2010/07/16/查经约-322-26-bible-study-john-322-26/index.html... 69.
62-7
Converting links in utmccf.wordpress.com/type/image/index.html... 81.
74-7
Converting links in utmccf.wordpress.com/2011/06/10/查经-–-罗-131-7-彼前-213-36/index.html... 69.
62-7
Converting links in utmccf.wordpress.com/2012/07/20/查经-太-5-38-42-bible-study-matthew-5-38-42/index.html... 69.
62-7
Converting links in utmccf.wordpress.com/2009/11/20/unity-coffeehouse/index.html... 69.
62-7
Converting links in utmccf.wordpress.com/index.html@openidserver=1.html... nothing to do.
Converting links in utmccf.wordpress.com/2011/06/03/查经-–-马太福音10：1-42/index.html... 69.
62-7
Converting links in utmccf.wordpress.com/2010/09/24/圣经话剧-–-约翰福音11：耶稣使拉撒路复活/index.html... 69.
62-7
Converting links in utmccf.wordpress.com/2009/05/21/查经-bible-study-3/index.html... 69.
62-7
Converting links in utmccf.wordpress.com/2012/02/10/恋爱与交友love-and-relationships/index.html... 69.
62-7
Converting links in utmccf.wordpress.com/author/utmccf/index.html... 382.
375-7
Converting links in utmccf.wordpress.com/2009/10/23/什么是异端呢？what-is-a-heresy？/index.html... 69.
62-7
Converting links in utmccf.wordpress.com/团契历史-mccf-history/index.html... 76.
69-7
Converting links in utmccf.wordpress.com/2009/11/27/敬拜之夜-worship-night/index.html... 69.
62-7
Converting links in utmccf.wordpress.com/2012/03/31/篮球活动basketball-game/index.html... 69.
62-7
Converting links in utmccf.wordpress.com/2013/03/22/回应神的爱/index.html... 71.
64-7
Converting links in utmccf.wordpress.com/2012/03/30/敬拜之夜worship-night-2/index.html... 69.
62-7
Converting links in utmccf.wordpress.com/2012/index.html... 284.
277-7
Converting links in utmccf.wordpress.com/2022/08/25/past-events-20182019/index.html... 135.
128-7
Converting links in utmccf.wordpress.com/2010/01/22/讲员信息《福音与查经》-speaker-sermon-the-gospel-and-bible-study/index.html... 69.
62-7
Converting links in utmccf.wordpress.com/2008/11/21/篮球比赛-basketball-tournament/index.html... 69.
62-7
Converting links in utmccf.wordpress.com/2009/11/04/布道会：你想在永恒爱中成长吗？do-you-want-to-grow-in-eternal-love/index.html... 69.
62-7
Converting links in utmccf.wordpress.com/2023/02/08/准毕业生讲座：路在何方/index.html... 81.
74-7
Converting links in utmccf.wordpress.com/2012/03/23/小组活动cell-group-activity-2/index.html... 69.
62-7
Converting links in utmccf.wordpress.com/2013/07/12/户外活动-ultimate-frisbee/index.html... 69.
62-7
Converting links in utmccf.wordpress.com/2009/09/04/u-t-s-u-clubs-day/index.html... 69.
62-7
Converting links in utmccf.wordpress.com/2022/index.html... 158.
151-7
Converting links in utmccf.wordpress.com/2009/02/13/真爱-true-love/index.html... 69.
62-7
Converting links in utmccf.wordpress.com/2011/03/25/讲座-–-得知神的旨意knowing-god’s-will/index.html... 69.
62-7
Converting links in utmccf.wordpress.com/2013/06/21/十字架与就恩the-cross-and-salvation/index.html... 71.
64-7
Converting links in utmccf.wordpress.com/category/过去活动-past-events/page/4/index.html... 310.
303-7
Converting links in utmccf.wordpress.com/2008/11/28/诗歌敬拜-praise-and-worship-night/index.html... 69.
62-7
Converting links in utmccf.wordpress.com/2025/04/08/worship-night-testimonies/index.html... 79.
72-7
Converting links in utmccf.wordpress.com/2009/09/25/招娣的故事-the-story-of-joseph/index.html... 69.
62-7
Converting links in utmccf.wordpress.com/2010/11/19/查经bible-study-–-约翰john-41-26/index.html... 69.
62-7
Converting links in utmccf.wordpress.com/2010/09/17/专题讲座-–-明月几时有guest-speaker/index.html... 69.
62-7
Converting links in utmccf.wordpress.com/2011/10/21/运动之夜sport-night/index.html... 69.
62-7
Converting links in utmccf.wordpress.com/2011/10/14/查经-–-耶稣是谁-行神迹的神/index.html... 69.
62-7
Converting links in utmccf.wordpress.com/2012/01/13/分享之夜sharing-night/index.html... 69.
62-7
Converting links in utmccf.wordpress.com/events.html... 61.
54-7
Converting links in utmccf.wordpress.com/2011/12/02/活动-耶稣诞生activity-birth-of-jesus/index.html... 69.
62-7
Converting links in utmccf.wordpress.com/2012/05/25/查经bible-study-太matthew-513-16/index.html... 69.
62-7
Converting links in utmccf.wordpress.com/2008/09/26/查经-bible-study-2/index.html... 69.
62-7
Converting links in utmccf.wordpress.com/2011/05/27/查经-–-林前-1212-16传47-12/index.html... 69.
62-7
Converting links in utmccf.wordpress.com/2010/09/11/赞美之泉音乐布道会-streams-of-praise/index.html... 69.
62-7
Converting links in utmccf.wordpress.com/2010/08/13/圣经话剧（约1-4）-bible-skits-john-1-4/index.html... 69.
62-7
Converting links in utmccf.wordpress.com/2009/01/09/分享-sharing-2/index.html... 69.
62-7
Converting links in utmccf.wordpress.com/2009/09/11/mccf-orientation/index.html... 69.
62-7
Converting links in utmccf.wordpress.com/2009/10/12/感恩节的聚餐服侍-thanksgiving-outreach-opportunity/index.html... 69.
62-7
Converting links in utmccf.wordpress.com/2013/09/27/查经bible-study-约9章/index.html... 72.
65-7
Converting links in utmccf.wordpress.com/2011/01/21/五餅二魚的故事jesus-feeds-the-five-thousand/index.html... 69.
62-7
Converting links in utmccf.wordpress.com/2010/06/11/查经约-21-11-bible-study-john-21-11/index.html... 69.
62-7
Converting links in utmccf.wordpress.com/2013/09/20/寻宝大行动-treasure-sharing/index.html... 69.
62-7
Converting links in utmccf.wordpress.com/2008/11/14/大筵席的比喻-parable-of-the-great-banquet/index.html... 69.
62-7
Converting links in utmccf.wordpress.com/2011/12/20/圣诞晚餐christmas-dinner-2/index.html... 69.
62-7
Converting links in utmccf.wordpress.com/2025/index.html... 91.
84-7
Converting links in utmccf.wordpress.com/2008/10/03/四川地震救灾分享-sichuan-earthquake-sharing/index.html... 69.
62-7
Converting links in utmccf.wordpress.com/2011/08/05/查经-–-箴-2918/index.html... 69.
62-7
Converting links in utmccf.wordpress.com/2013/10/25/查经bible-study/index.html... 72.
65-7
Converting links in utmccf.wordpress.com/2008/index.html... 138.
131-7
Converting links in utmccf.wordpress.com/2010/10/15/查经bible-study-约翰john-31-15/index.html... 69.
62-7
Converting links in utmccf.wordpress.com/2012/09/14/迎新会-orientation/index.html... 69.
62-7
Converting links in utmccf.wordpress.com/2010/02/05/查经《罪》bible-study-topic-sin/index.html... 69.
62-7
Converting links in utmccf.wordpress.com/2024/03/13/职业规划分享～/index.html... 78.
71-7
Converting links in utmccf.wordpress.com/2013/07/05/查经bible-study-可mark-2：1-12/index.html... 69.
62-7
Converting links in utmccf.wordpress.com/2010/05/28/查经-约-119-34-bible-study-john-119-34/index.html... 69.
62-7
Converting links in utmccf.wordpress.com/2011/04/01/敬拜之夜-诗歌分享worship-night-–-music-sharing/index.html... 69.
62-7
Converting links in utmccf.wordpress.com/2010/10/29/园主复仇记return-of-the-landlord/index.html... 69.
62-7
Converting links in utmccf.wordpress.com/fellowship/index.html... 63.
56-7
Converting links in utmccf.wordpress.com/2009/08/13/clubs-day-prep/index.html... 69.
62-7
Converting links in utmccf.wordpress.com/2012/06/22/查经讨论-动怒-bible-discussion-anger/index.html... 69.
62-7
Converting links in utmccf.wordpress.com/2010/02/12/情人节valentines-day/index.html... 69.
62-7
Converting links in utmccf.wordpress.com/2022/09/21/9-23-新学期第一次查经：马太福音/index.html... 78.
71-7
Converting links in utmccf.wordpress.com/author/utmccf/page/3/index.html... 310.
303-7
Converting links in utmccf.wordpress.com/2009/01/30/经文分享-scripture-sharing/index.html... 69.
62-7
Converting links in utmccf.wordpress.com/2013/08/23/查经-bible-study-可mark-9-14-29/index.html... 69.
62-7
Converting links in utmccf.wordpress.com/2009/01/23/什么是祷告？-what-is-prayer/index.html... 69.
62-7
Converting links in utmccf.wordpress.com/2010/05/21/查经《约翰福音》-bible-study-the-book-of-john/index.html... 69.
62-7
Converting links in utmccf.wordpress.com/contact-usfeedback-联络我们提交反馈/index.html... 72.
64-8
Converting links in utmccf.wordpress.com/2024/05/16/暑假团契/index.html... 70.
63-7
Converting links in utmccf.wordpress.com/2009/04/03/一起崇拜-praise-and-worship/index.html... 69.
62-7
Converting links in utmccf.wordpress.com/2012/07/06/查经-太527-32-bible-study-matthew-527-32/index.html... 69.
62-7
Converting links in utmccf.wordpress.com/2011/07/29/查经-–-弗-21-10/index.html... 69.
62-7
Converting links in utmccf.wordpress.com/2013/02/22/laser-tag/index.html... 69.
62-7
Converting links in utmccf.wordpress.com/churches/index.html... 64.
57-7
Converting links in utmccf.wordpress.com/2012/08/17/新学期的活动new-school-term-meetings/index.html... 69.
62-7
Converting links in utmccf.wordpress.com/2011/10/07/分享-–-奇异恩典sharing-–-amazing-grace/index.html... 69.
62-7
Converting links in utmccf.wordpress.com/2009/02/01/滑雪-ice-skating/index.html... 69.
62-7
Converting links in utmccf.wordpress.com/2009/03/27/查经-bible-study/index.html... 69.
62-7
Converting links in utmccf.wordpress.com/committee-16-17/index.html... 90.
83-7
Converting links in utmccf.wordpress.com/2009/07/02/查经-bible-study-8/index.html... 69.
62-7
Converting links in utmccf.wordpress.com/2024/01/16/2024团契信息/index.html... 69.
62-7
Converting links in utmccf.wordpress.com/2009/02/27/团队精神-team-work/index.html... 69.
62-7
Converting links in utmccf.wordpress.com/2009/10/02/赞美之泉音乐布道会stream-of-praise-evangelical-concert/index.html... 69.
62-7
Converting links in utmccf.wordpress.com/2012/06/01/来玩吧-lets-play/index.html... 69.
62-7
Converting links in utmccf.wordpress.com/2013/06/07/罪-issue-of-sin/index.html... 71.
64-7
Converting links in utmccf.wordpress.com/2012/11/02/电影movie-勇气courageous/index.html... 69.
62-7
Converting links in utmccf.wordpress.com/2011/01/14/分享感恩夜sharing-and-thanksgiving/index.html... 69.
62-7
Converting links in utmccf.wordpress.com/2009/07/30/查經-bible-study-2/index.html... 69.
62-7
Converting links in utmccf.wordpress.com/2009/02/18/滑雪-ski-trip/index.html... 69.
62-7
Converting links in utmccf.wordpress.com/2010/07/09/查经约-31-21-bible-study-john-31-21/index.html... 69.
62-7
Converting links in utmccf.wordpress.com/2013/01/18/爱从哪里来/index.html... 71.
64-7
Converting links in utmccf.wordpress.com/2011/index.html... 284.
277-7
Converting links in utmccf.wordpress.com/2013/06/14/对付罪how-to-deal-with-sin/index.html... 71.
64-7
Converting links in utmccf.wordpress.com/2010/08/27/ktv-outing/index.html... 71.
62-9
Converting links in utmccf.wordpress.com/2010/03/05/查经善用时间与恩赐-bible-study-using-time-and-gifts-well/index.html... 69.
62-7
Converting links in utmccf.wordpress.com/2010/06/04/查经约-135-50-bible-study-john-135-50/index.html... 69.
62-7
Converting links in utmccf.wordpress.com/2010/11/12/运动之夜sports-night/index.html... 69.
62-7
Converting links in utmccf.wordpress.com/2012/03/16/小组活动cell-group-activity/index.html... 69.
62-7
Converting links in utmccf.wordpress.com/2013/10/11/seminar/index.html... 72.
65-7
Converting links in utmccf.wordpress.com/2013/08/16/查经-bible-study-太matthew-18-21-35/index.html... 69.
62-7
Converting links in utmccf.wordpress.com/author/utmccf/page/6/index.html... 219.
212-7
Converting links in utmccf.wordpress.com/2010/page/2/index.html... 75.
68-7
Converting links in utmccf.wordpress.com/type/gallery/index.html... 72.
65-7
Converting links in utmccf.wordpress.com/2012/09/28/赞美之泉演唱会-stream-of-praise-concert/index.html... 69.
62-7
Converting links in utmccf.wordpress.com/2010/07/30/查经约-427-42-bible-study-john-427-42/index.html... 69.
62-7
Converting links in utmccf.wordpress.com/2010/01/29/“运动之夜”之英式女篮-sports-night-netball/index.html... 69.
62-7
Converting links in utmccf.wordpress.com/2014/10/15/movie-night/index.html... 69.
62-7
Converting links in utmccf.wordpress.com/2011/07/08/查经-–-腓-21-11-箴-1812-13/index.html... 69.
62-7
Converting links in utmccf.wordpress.com/2010/12/17/圣诞晚餐christmas-dinner/index.html... 69.
62-7
Converting links in utmccf.wordpress.com/category/过去活动-past-events/page/3/index.html... 310.
303-7
Converting links in utmccf.wordpress.com/2011/09/30/讲座-–-圣经的可靠性/index.html... 69.
62-7
Converting links in utmccf.wordpress.com/2012/11/30/敬拜之夜worship-night-3/index.html... 69.
62-7
Converting links in utmccf.wordpress.com/2012/08/10/查经-太6-5-15bible-study-matthew-6-5-15/index.html... 69.
62-7
Converting links in utmccf.wordpress.com/2010/02/15/星期一的新年包饺子活动/index.html... 69.
62-7
Converting links in utmccf.wordpress.com/2011/03/11/爱，真奇妙love-everlasting/index.html... 71.
64-7
Converting links in utmccf.wordpress.com/2009/10/09/短宣分享和教会介绍-missions-trip-sharing-and-church-introduction/index.html... 69.
62-7
Converting links in utmccf.wordpress.com/2013/01/11/分享之夜/index.html... 71.
64-7
Converting links in utmccf.wordpress.com/2014/index.html... 68.
61-7
Converting links in utmccf.wordpress.com/2009/06/11/查经-bible-study-5/index.html... 69.
62-7
Converting links in utmccf.wordpress.com/2009/07/23/查經-bible-study/index.html... 69.
62-7
Converting links in utmccf.wordpress.com/代祷事项-prayer-requests/index.html... 64.
57-7
Converting links in utmccf.wordpress.com/2012/08/03/查经-太6-1-4bible-study-matthew-6-1-4/index.html... 69.
62-7
Converting links in utmccf.wordpress.com/2009/10/16/outreach-ministry-ccf/index.html... 69.
62-7
Converting links in utmccf.wordpress.com/2012/10/26/上帝的恩赐gods-gift/index.html... 69.
62-7
Converting links in utmccf.wordpress.com/2010/10/22/查经bible-study-约翰john-91-41/index.html... 69.
62-7
Converting links in utmccf.wordpress.com/2012/11/16/耶稣基督的诞生-birth-of-jesus-christ/index.html... 69.
62-7
Converting links in utmccf.wordpress.com/2009/06/04/查经-bible-study-4/index.html... 69.
62-7
Converting links in utmccf.wordpress.com/committee-委员会-0809/index.html... 65.
58-7
Converting links in utmccf.wordpress.com/2011/11/18/查经-如何在学习上面倚靠神：信心约-4-43-54/index.html... 69.
62-7
Converting links in utmccf.wordpress.com/2012/10/05/感恩节聚餐-thanksgiving-dinner/index.html... 69.
62-7
Converting links in utmccf.wordpress.com/2012/09/21/小组活动与讨论：打基础-group-activity-building-foundations/index.html... 69.
62-7
Converting links in utmccf.wordpress.com/index.html... 74.
67-7
Converting links in utmccf.wordpress.com/2009/09/18/布道会-coffee-house/index.html... 69.
62-7
Converting links in utmccf.wordpress.com/2024/index.html... 98.
91-7
Converting links in utmccf.wordpress.com/2011/07/22/查经-–-罗-141-23/index.html... 69.
62-7
Converting links in utmccf.wordpress.com/2009/05/05/夏季退修会-2009/index.html... 71.
64-7
Converting links in utmccf.wordpress.com/2009/03/06/查经：耶稣召门徒　bible-study-calling-of-the-disciples/index.html... 69.
62-7
Converting links in utmccf.wordpress.com/2008/10/10/赞美之泉-streams-of-praise/index.html... 69.
62-7
Converting links in utmccf.wordpress.com/category/过去活动-past-events/page/6/index.html... 197.
190-7
Converting links in utmccf.wordpress.com/2013/03/29/纪念耶稣受难日/index.html... 71.
64-7
Converting links in utmccf.wordpress.com/2011/01/28/天国八福-the-beatitudes/index.html... 69.
62-7
Converting links in utmccf.wordpress.com/2011/11/11/查经-无罪的耶稣被钉十字架-约18：28-19：16/index.html... 69.
62-7
Converting links in utmccf.wordpress.com/2012/03/09/信是有原reasons-to-believe/index.html... 69.
62-7
Converting links in utmccf.wordpress.com/2009/03/20/joint-fellowship-coffeehouse/index.html... 69.
62-7
Converting links in utmccf.wordpress.com/2011/03/17/耶稣基督的复活-resurrection-of-jesus-约翰-20/index.html... 69.
62-7
Converting links in utmccf.wordpress.com/2011/02/18/讲座：-在校园里与学术上荣耀神/index.html... 69.
62-7
Converting links in utmccf.wordpress.com/about-us-关于我们/index.html... 65.
58-7
Converting links in utmccf.wordpress.com/2013/02/08/爱家人/index.html... 71.
64-7
Converting links in utmccf.wordpress.com/2013/02/15/情人节讲座/index.html... 71.
64-7
Converting links in utmccf.wordpress.com/2013/11/01/讲座seminar-为何要信耶稣why-believe-in-jesus/index.html... 72.
65-7
Converting links in utmccf.wordpress.com/author/utmccf/page/2/index.html... 296.
289-7
Converting links in utmccf.wordpress.com/2010/02/26/查经《耶稣是谁？》bible-study-topic-“who-is-jesus-christ”/index.html... 69.
62-7
Converting links in utmccf.wordpress.com/2013/05/24/泥土音乐布道会/index.html... 71.
64-7
Converting links in utmccf.wordpress.com/2012/01/27/小组活动-cell-group-activity/index.html... 69.
62-7
Converting links in utmccf.wordpress.com/2013/08/02/查经bible-study-可mark-10-17-22/index.html... 69.
62-7
Converting links in utmccf.wordpress.com/2009/06/25/查经-bible-study-7/index.html... 69.
62-7
Converting links in utmccf.wordpress.com/2008/12/18/免费圣诞大餐-free-christmas-dinner/index.html... 69.
62-7
Converting links in utmccf.wordpress.com/2010/09/25/湖心岛之游center-island/index.html... 69.
62-7
Converting links in utmccf.wordpress.com/category/每周活动-weekly-events/index.html... 139.
132-7
Converting links in utmccf.wordpress.com/2010/01/15/圣经情景剧以及小组查经bible-study-skit/index.html... 69.
62-7
Converting links in utmccf.wordpress.com/2010/08/05/查经约-443-54-bible-study-john-443-54/index.html... 69.
62-7
Converting links in utmccf.wordpress.com/category/过去活动-past-events/index.html... 367.
360-7
Converting links in utmccf.wordpress.com/2012/11/23/圣经话剧-bible-skit/index.html... 69.
62-7
Converting links in utmccf.wordpress.com/2012/03/02/如何明白神的旨意-how-to-understand-gods-will/index.html... 69.
62-7
Converting links in utmccf.wordpress.com/2012/01/20/三位一体的真神the-holy-trinity/index.html... 69.
62-7
Converting links in utmccf.wordpress.com/2010/03/26/敬拜之夜-worship-night-2/index.html... 69.
62-7
Converting links in utmccf.wordpress.com/2010/11/05/电影：天作之盒movie-the-miracle-box/index.html... 69.
62-7
Converting links in utmccf.wordpress.com/2011/06/17/查经-–-太-2020-28-提前-31-7/index.html... 69.
62-7
Converting links in utmccf.wordpress.com/2010/index.html... 308.
301-7
Converting links in utmccf.wordpress.com/2009/07/16/查经-bible-study-10/index.html... 69.
62-7
Converting links in utmccf.wordpress.com/2010/10/01/特别讲座：超越理性，认识真理-surpassing-rationality-and-knowing-the-truth/index.html... 79.
72-7
Converting links in utmccf.wordpress.com/2009/03/13/前辈分享-sharing/index.html... 69.
62-7
Converting links in utmccf.wordpress.com/free-campus-tour/index.html... 63.
56-7
Converting links in utmccf.wordpress.com/2010/07/23/查经约-41-26-bible-study-john-41-26/index.html... 69.
62-7
Converting links in utmccf.wordpress.com/2025/04/08/音乐敬拜夜歌词注解/index.html... 89.
82-7
Converting links in utmccf.wordpress.com/author/utmccf/page/5/index.html... 300.
293-7
Converting links in utmccf.wordpress.com/2010/11/26/查经bible-study-–-约翰john-1828-1916/index.html... 69.
62-7
Converting links in utmccf.wordpress.com/2022/11/10/11-18-讲座：拖延症晚期有救吗？/index.html... 85.
78-7
Converting links in utmccf.wordpress.com/2009/02/06/圣经其实大有来头！bible-qa/index.html... 69.
62-7
Converting links in utmccf.wordpress.com/2012/06/15/查经讨论-律法-bible-studydiscussion-the-law/index.html... 69.
62-7
Converting links in utmccf.wordpress.com/2013/01/25/爱的特质/index.html... 72.
65-7
Converting links in utmccf.wordpress.com/2011/02/04/滑雪报名-ski-trip-registration/index.html... 69.
62-7
Converting links in utmccf.wordpress.com/category/过去活动-past-events/page/2/index.html... 300.
293-7
Converting links in utmccf.wordpress.com/2013/09/13/mccf-orientation-迎新活动/index.html... 71.
64-7
Converting links in utmccf.wordpress.com/2009/07/09/查经-bible-study-9/index.html... 69.
62-7
Converting links in utmccf.wordpress.com/2012/07/13/查经-太-5-33-37-bible-study-matthew-5-33-37/index.html... 69.
62-7
Converting links in utmccf.wordpress.com/2012/07/27/查经-太5-43-48bible-study-matthew-5-43-48/index.html... 69.
62-7
Converting links in utmccf.wordpress.com/2011/02/04/泥土音乐演唱会-clay-music-concert/index.html... 69.
62-7
Converting links in utmccf.wordpress.com/2013/04/05/committee换届选举/index.html... 71.
64-7
Converting links in utmccf.wordpress.com/2011/03/04/电影分享：《彼岸》-四海学踪/index.html... 69.
62-7
Converting links in utmccf.wordpress.com/2011/09/23/神的创造-–-创-11-31/index.html... 69.
62-7
Converting links in utmccf.wordpress.com/2011/11/04/福音讲座-黑夜的访客-gospel-seminar/index.html... 69.
62-7
Converting links in utmccf.wordpress.com/2013/10/18/1324/index.html... 72.
65-7
Converting links in utmccf.wordpress.com/2008/10/31/圣经剧场-bible-drama-2/index.html... 69.
62-7
Converting links in utmccf.wordpress.com/2013/03/15/运动之夜-sports-night/index.html... 71.
64-7
Converting links in utmccf.wordpress.com/2013/index.html... 259.
252-7
Converting links in utmccf.wordpress.com/2011/09/16/中秋节-祝福的家mid-autumn-festival/index.html... 70.
62-8
Converting links in utmccf.wordpress.com/2011/10/21/查经-–-耶稣是谁-医治的神/index.html... 69.
62-7
Converting links in utmccf.wordpress.com/2008/10/17/查经：夜宿是谁？bible-study-who-is-jesus/index.html... 69.
62-7
Converting links in utmccf.wordpress.com/2013/08/02/查经-bible-study-太matthew-13-1-23/index.html... 69.
62-7
Converting links in utmccf.wordpress.com/2009/06/18/祷告会-prayer-meeting/index.html... 69.
62-7
Converting links in utmccf.wordpress.com/2013/10/04/查经bible-study-太matthew-131-23/index.html... 72.
65-7
Converting links in utmccf.wordpress.com/2023/05/15/暑假团契开始啦/index.html... 81.
74-7
Converting links in utmccf.wordpress.com/2010/03/10/special-event-the-veritas-forum/index.html... 69.
62-7
Converting links in utmccf.wordpress.com/_static/index.html@%3F-eJyFj0sOwjAMRC9EcCuklg3iKCgNbkhJ4igfVb09bsUiAlR2M9YbewxzEIp8Rp8hP9BhglAGwLvxMPJ8UwwcVUoHqGBXRLBFG59gwhyker49OCIPN06BRo%2FRcCL9ll9LPxukvFj8S62nNlLMQZHbqxpxsKRZamCqsnshjSQsKZkNP1YbMVpp4hq9ukvb923XdKdzM70AQUJ%2FVg==&cssminif.css... 10.
10-0
Converting links in utmccf.wordpress.com/wp-content/mu-plugins/jetpack-plugin/moon/modules/tiled-gallery/tiled-gallery/tiled-gallery.css@m=1753089498i&cssminify=yes.css... nothing to do.
Converting links in utmccf.wordpress.com/_static/index.html@%3F-eJyNjtEKwjAMRX%2FIGrYh7kX8lFHT4Lq1TWnS7fedMBXxxcd7bji5sGaDnJSSQqwmh3r3SWAizRbnPUNkTjD4hHALjLOArD5TOaLIAf43RHY1kADawlUovI9e4B%2FhhtaMHL%2FMezkslBwXsFU5WlWPnxfBing0OlIkM1LY9oPzolBIMifxC5nFO2L5Jc9d13hpzv2pbbuu6acHHJJ2Yw==&cs.css... nothing to do.
Converting links in utmccf.wordpress.com/wp-content/mu-plugins/jetpack-mu-wpcom-plugin/moon/jetpack_vendor/automattic/jetpack-classic-theme-helper/dist/responsive-videos/responsive-videos.css@m=1737738052i&cssminify=yes.css... nothing to do.
Converting links in utmccf.wordpress.com/_static/index.html@%3F-eJxlje8KwjAMxF%2FIGqeDfRKfpetiyZb+oUkZe3s7UJn4JXC5u9%2FBmo1LUTEqhGoyV09RYKXJowpgbW5aCA3bFRRDZqsoILoxnp3ICQ6AkZP%2FIoItCypFb0ZboEV%2FP3%2Flw%2FqMmq1b3hpCSvuZKrdlik+KpGjElcT80dvOe4R7NwxD311u135+Acm5Ucs=&cssminify=yes.css... 3.
3-0
Converting links in utmccf.wordpress.com/_static/index.html@%3F-eJx9jUsOwjAMRC+EY6UgCAvEWZrEKoG4jWq3hduTLvisurFG1nszuBQIQ6%2FUK5Y8dakXDIPPQ3gINsY6Y0ESl0ww0mwOGJPolwDRVyYTRHb4V8QT%2FLpGqn8ura4EU0wtZeKKbWlLih1p1eWTQem5rZQ6A96XkUSgXk4Tg97qlqzelS%2F26KzbN835dH8DjlpbIA==&cssminify=yes.css... 10.
10-0
Converting links in utmccf.wordpress.com/_static/index.html@%3F-eJxljd0KwjAMhV%2FImgnDXYnP0nWxZEvTsqSMvb0VVCZenr%2FvwFZcyGIoBqm6wjWSKGw0RTQFrC3NC6Fjv4FhKuwNFdR2xnNQPcEBMHKOX0Ty64JGEt3oV2jVX+dvfHif0YoPy1uDVoGUp8rtmORBQoZOw5qZP3p%2F4e7pdhmGoe+ufdfNT3YwUWg=&cssminify=yes.css... 3.
3-0
Converting links in utmccf.wordpress.com/_static/index.html@%3F-eJydjdEKgzAMRX9oXVAZ80X8lNHFINU0KU2L+PcibHscY4%2FncDkXtuRQpZAUiNUlrnMQg4VK8ri+GKKqwCMIwpMVVwPbQqJ8RbML%2FF6IOlUmA%2FRZqxF%2FRm%2Fxb7AEpsnNnpny%2Fo3OgzEOzb2%2FtW3XNf1yAHk4YIM=&cssminify=yes.css... nothing to do.
Converting links in utmccf.wordpress.com/wp-content/mu-plugins/jetpack-plugin/sun/modules/tiled-gallery/tiled-gallery/tiled-gallery.css@m=1752872378i&cssminify=yes.css... nothing to do.
Converting links in utmccf.wordpress.com/_static/index.html@%3F-eJyNjcEKAjEMRH%2FImhVlqwfxU6TbhrZrmhTTIv69u+JFvHgZ5sHwBh7VeOGG3KB0U6nHzAoztur87cNQRNYInVBBk7tjcCE83zVz3HrVDfxvumb2MPVMAVR8dmRIougX%2FDhbwrK8pwNEksnROriU884e9+PJDnaYXxwFS20=&cssminify=yes.css... nothing to do.
Converting links in utmccf.wordpress.com/wp-content/themes/h4/global.css@m=1420737423i&cssminify=yes.css... nothing to do.
Converting links in utmccf.wordpress.com/wp-content/mu-plugins/global-print/global-print.css@m=1465851035i&cssminify=yes.css... nothing to do.
Converting links in utmccf.wordpress.com/_static/index.html@%3F-eJyNjMEKhDAMBX9IfaiIXsRPWdxskGqbFNPi7y+CevY4wzA4YkkqiSUh5DL6vDgxrJziTNvFCKqCjxPC1yttBjtc5L0iswLvD0F%2F2bOB5l2zsX+iW5zDKYx1P3RN07b1sP4BKPs7aw==&cssminify=yes.css... nothing to do.
Converting links in utmccf.wordpress.com/_static/index.html@%3F-eJxtjEsOwjAMRC9EMBUoiAXiLG6wojTOR7WjiNuTdoGEYDkz7w30alzJSlkhNVO5+ZAFenh6UgFqYy0xkGHsoJQqo5KA6Ivp6EQO8P+AQxzYQlrRRbOnH3zm4j9CwjWShuzNjCsM9LvZ5Ee6T1c72cvpZs%2FLG8VZRLg=&cssminify=yes.css... 3.
3-0
Converting links in utmccf.wordpress.com/_static/index.html@%3F-eJx9jcEKg0AMRH+oaVhorR7Eb9E16IpZg8min2889FZ6GYbhPQYPgbhlo2zIBWQtU8qKcdvJd5be0AmmMfW0Ejv2jKoP%2FK0daZzIXNdvB6PzvyJ+A8MgO6mCJ6fCYLN%2F6e113IZXU9WfUL%2FDcgHSTkDo&cssminify=yes.css... nothing to do.
Converting links in utmccf.wordpress.com/_static/index.html@%3F-eJyNjksOwjAMRC9EMEV8ukEcBQXHom6TOIqT9voUqXwkNl3OG+t5YEoGJRaKBUI1ydcHR4WeSrI4LBm0RrhxRLh7wUFBJ06Ut6i6gdWCIK56UkCbpSr5z80brPHNaEoo4Ve8dLeRopMMthYJthTG7wdvVRlN6SiQ6cjP68GxFsikSaLySGZkR6L%2F5DXrGi7NuT3um8OuPfVPtUd1PA==&cssmin.css... nothing to do.
Converting links in utmccf.wordpress.com/_static/index.html@%3F-eJyFjt0OwiAMRl9I7HYxuTI+imGsQyYUQiGLby9bvJg%2FmXff15zTFuYodKCMlCHf0CNDLD3gYAnGOl9TBY6a+QAb2BcRXTGWGCbMUen7qwMXgmuVwCBhslXg3%2FFr5+cDnB8O%2F1LLqZUUc9TB732asHfB1GigUpu6JxkMwgWtsg30VsTolE2LevHnVsr21Miu6aYnvhF+8w==&cssminify=.css... 10.
10-0
Converting links in utmccf.wordpress.com/_static/index.html@%3F%2Fwp-content%2Fmu-plugins%2Fwidgets%2Feu-cookie-law%2Ftemplates%2Fstyle.css,%2Fwp-content%2Fblog-plugins%2Fmarketing-bar%2Fcss%2Fmarketing-bar.css%3Fm=1761640963j&cssminify=yes.css... 3.
3-0
Converting links in utmccf.wordpress.com/wp-content/mu-plugins/jetpack-mu-wpcom-plugin/moon/jetpack_vendor/automattic/jetpack-mu-wpcom/src/build/verbum-comments/verbum-comments.css@m=1785895867i&cssminify=yes.css... nothing to do.
Converting links in utmccf.wordpress.com/_static/index.html@%3F-eJx9jFsKAjEMRTdkjfrh4Ie4ls40lE7TB01Kcfe2IooPJBC4yT0HWlZLioJRIFSVqVoXGZozFoUBa%2F8m71CRbiAYMmlBBpYr4XZh3sBvwYqS9eIfGUJKY5lKHS44JEblxPKR%2FinJeXyJ7+mrPlOyTyDo4lFctGrWBXr1%2FTLgSzjvp2l36nM4rjcgOmSg&cssminify=yes.css... 3.
3-0
Converting links in utmccf.wordpress.com/_static/index.html@%3F-eJyNjcsKAjEMRX%2FImhmUURfip0inLW3GNCmmQfx7H7gRN+7ugcs5cGsuCPfEHaq5RpaRFZbUmw+XD4MaQ5VolBS0+GuKPsb7eyLndVBdwd+iM3KA2ZAiqAT05Eiy6Bf8KHtJ9RkvW8gks6fX4VSP426%2FmQ7TMA7LA38FSqA=&cssminify=yes.css... nothing to do.
Converted links in 290 files in 0.2 seconds.
